INFO - 2026-05-13 03:26:18 --> Session: Class initialized using 'CodeIgniter\Session\Handlers\FileHandler' driver.
INFO - 2026-05-13 03:26:47 --> Session: Class initialized using 'CodeIgniter\Session\Handlers\FileHandler' driver.
INFO - 2026-05-13 03:26:56 --> Session: Class initialized using 'CodeIgniter\Session\Handlers\FileHandler' driver.
INFO - 2026-05-13 03:26:56 --> Session: Class initialized using 'CodeIgniter\Session\Handlers\FileHandler' driver.
INFO - 2026-05-13 03:27:10 --> Session: Class initialized using 'CodeIgniter\Session\Handlers\FileHandler' driver.
INFO - 2026-05-13 03:33:41 --> Session: Class initialized using 'CodeIgniter\Session\Handlers\FileHandler' driver.
INFO - 2026-05-13 03:43:48 --> Session: Class initialized using 'CodeIgniter\Session\Handlers\FileHandler' driver.
INFO - 2026-05-13 03:51:19 --> Session: Class initialized using 'CodeIgniter\Session\Handlers\FileHandler' driver.
INFO - 2026-05-13 03:58:11 --> Session: Class initialized using 'CodeIgniter\Session\Handlers\FileHandler' driver.
ERROR - 2026-05-13 03:58:28 --> mysqli_sql_exception: Unknown column 'tanggal_input' in 'where clause' in C:\xampp\htdocs\si_ekatalog_ci4\system\Database\MySQLi\Connection.php:312
Stack trace:
#0 C:\xampp\htdocs\si_ekatalog_ci4\system\Database\MySQLi\Connection.php(312): mysqli->query('SELECT `tbl_buk...', 0)
#1 C:\xampp\htdocs\si_ekatalog_ci4\system\Database\BaseConnection.php(734): CodeIgniter\Database\MySQLi\Connection->execute('SELECT `tbl_buk...')
#2 C:\xampp\htdocs\si_ekatalog_ci4\system\Database\BaseConnection.php(648): CodeIgniter\Database\BaseConnection->simpleQuery('SELECT `tbl_buk...')
#3 C:\xampp\htdocs\si_ekatalog_ci4\system\Database\BaseBuilder.php(1644): CodeIgniter\Database\BaseConnection->query('SELECT `tbl_buk...', Array, false)
#4 C:\xampp\htdocs\si_ekatalog_ci4\app\Models\ModelBuku.php(141): CodeIgniter\Database\BaseBuilder->get()
#5 C:\xampp\htdocs\si_ekatalog_ci4\app\Controllers\Buku.php(465): App\Models\ModelBuku->FilterTanggal('2026-03-01', '2026-05-31')
#6 C:\xampp\htdocs\si_ekatalog_ci4\system\CodeIgniter.php(933): App\Controllers\Buku->Filter()
#7 C:\xampp\htdocs\si_ekatalog_ci4\system\CodeIgniter.php(509): CodeIgniter\CodeIgniter->runController(Object(App\Controllers\Buku))
#8 C:\xampp\htdocs\si_ekatalog_ci4\system\CodeIgniter.php(355): CodeIgniter\CodeIgniter->handleRequest(NULL, Object(Config\Cache), false)
#9 C:\xampp\htdocs\si_ekatalog_ci4\system\Boot.php(325): CodeIgniter\CodeIgniter->run()
#10 C:\xampp\htdocs\si_ekatalog_ci4\system\Boot.php(67): CodeIgniter\Boot::runCodeIgniter(Object(CodeIgniter\CodeIgniter))
#11 C:\xampp\htdocs\si_ekatalog_ci4\public\index.php(56): CodeIgniter\Boot::bootWeb(Object(Config\Paths))
#12 {main}
CRITICAL - 2026-05-13 03:58:28 --> CodeIgniter\Database\Exceptions\DatabaseException: Unknown column 'tanggal_input' in 'where clause'
[Method: GET, Route: Buku/filter]
in SYSTEMPATH\Database\BaseConnection.php on line 688.
 1 SYSTEMPATH\Database\BaseBuilder.php(1644): CodeIgniter\Database\BaseConnection->query('SELECT `tbl_buku`.*, `tbl_user`.`nama_user`, `tbl_user`.`level`, `tbl_pengarang`.`nama_pengarang`, `tbl_penerbit`.`nama_penerbit`, `tbl_kategori`.`nama_kategori`, `tbl_rak`.`nama_rak`
FROM `tbl_buku`
LEFT JOIN `tbl_kategori` ON `tbl_kategori`.`id_kategori` = `tbl_buku`.`id_kategori`
LEFT JOIN `tbl_penerbit` ON `tbl_penerbit`.`id_penerbit` = `tbl_buku`.`id_penerbit`
LEFT JOIN `tbl_pengarang` ON `tbl_pengarang`.`id_pengarang` = `tbl_buku`.`id_pengarang`
LEFT JOIN `tbl_rak` ON `tbl_rak`.`id_rak` = `tbl_buku`.`id_rak`
LEFT JOIN `tbl_user` ON `tbl_user`.`id_user` = `tbl_buku`.`id_user`
WHERE `tanggal_input` >= :tanggal_input:
AND `tanggal_input` <= :tanggal_input.1:
ORDER BY `tanggal_input` DESC', [...], false)
 2 APPPATH\Models\ModelBuku.php(141): CodeIgniter\Database\BaseBuilder->get()
 3 APPPATH\Controllers\Buku.php(465): App\Models\ModelBuku->FilterTanggal('2026-03-01', '2026-05-31')
 4 SYSTEMPATH\CodeIgniter.php(933): App\Controllers\Buku->Filter()
 5 SYSTEMPATH\CodeIgniter.php(509): CodeIgniter\CodeIgniter->runController(Object(App\Controllers\Buku))
 6 SYSTEMPATH\CodeIgniter.php(355): CodeIgniter\CodeIgniter->handleRequest(null, Object(Config\Cache), false)
 7 SYSTEMPATH\Boot.php(325): CodeIgniter\CodeIgniter->run()
 8 SYSTEMPATH\Boot.php(67): CodeIgniter\Boot::runCodeIgniter(Object(CodeIgniter\CodeIgniter))
 9 FCPATH\index.php(56): CodeIgniter\Boot::bootWeb(Object(Config\Paths))
CRITICAL - 2026-05-13 03:58:28 --> [Caused by] CodeIgniter\Database\Exceptions\DatabaseException: Unknown column 'tanggal_input' in 'where clause'
in SYSTEMPATH\Database\MySQLi\Connection.php on line 317.
 1 SYSTEMPATH\Database\BaseConnection.php(734): CodeIgniter\Database\MySQLi\Connection->execute('SELECT `tbl_buku`.*, `tbl_user`.`nama_user`, `tbl_user`.`level`, `tbl_pengarang`.`nama_pengarang`, `tbl_penerbit`.`nama_penerbit`, `tbl_kategori`.`nama_kategori`, `tbl_rak`.`nama_rak`
FROM `tbl_buku`
LEFT JOIN `tbl_kategori` ON `tbl_kategori`.`id_kategori` = `tbl_buku`.`id_kategori`
LEFT JOIN `tbl_penerbit` ON `tbl_penerbit`.`id_penerbit` = `tbl_buku`.`id_penerbit`
LEFT JOIN `tbl_pengarang` ON `tbl_pengarang`.`id_pengarang` = `tbl_buku`.`id_pengarang`
LEFT JOIN `tbl_rak` ON `tbl_rak`.`id_rak` = `tbl_buku`.`id_rak`
LEFT JOIN `tbl_user` ON `tbl_user`.`id_user` = `tbl_buku`.`id_user`
WHERE `tanggal_input` >= \'2026-03-01\'
AND `tanggal_input` <= \'2026-05-31\'
ORDER BY `tanggal_input` DESC')
 2 SYSTEMPATH\Database\BaseConnection.php(648): CodeIgniter\Database\BaseConnection->simpleQuery('SELECT `tbl_buku`.*, `tbl_user`.`nama_user`, `tbl_user`.`level`, `tbl_pengarang`.`nama_pengarang`, `tbl_penerbit`.`nama_penerbit`, `tbl_kategori`.`nama_kategori`, `tbl_rak`.`nama_rak`
FROM `tbl_buku`
LEFT JOIN `tbl_kategori` ON `tbl_kategori`.`id_kategori` = `tbl_buku`.`id_kategori`
LEFT JOIN `tbl_penerbit` ON `tbl_penerbit`.`id_penerbit` = `tbl_buku`.`id_penerbit`
LEFT JOIN `tbl_pengarang` ON `tbl_pengarang`.`id_pengarang` = `tbl_buku`.`id_pengarang`
LEFT JOIN `tbl_rak` ON `tbl_rak`.`id_rak` = `tbl_buku`.`id_rak`
LEFT JOIN `tbl_user` ON `tbl_user`.`id_user` = `tbl_buku`.`id_user`
WHERE `tanggal_input` >= \'2026-03-01\'
AND `tanggal_input` <= \'2026-05-31\'
ORDER BY `tanggal_input` DESC')
 3 SYSTEMPATH\Database\BaseBuilder.php(1644): CodeIgniter\Database\BaseConnection->query('SELECT `tbl_buku`.*, `tbl_user`.`nama_user`, `tbl_user`.`level`, `tbl_pengarang`.`nama_pengarang`, `tbl_penerbit`.`nama_penerbit`, `tbl_kategori`.`nama_kategori`, `tbl_rak`.`nama_rak`
FROM `tbl_buku`
LEFT JOIN `tbl_kategori` ON `tbl_kategori`.`id_kategori` = `tbl_buku`.`id_kategori`
LEFT JOIN `tbl_penerbit` ON `tbl_penerbit`.`id_penerbit` = `tbl_buku`.`id_penerbit`
LEFT JOIN `tbl_pengarang` ON `tbl_pengarang`.`id_pengarang` = `tbl_buku`.`id_pengarang`
LEFT JOIN `tbl_rak` ON `tbl_rak`.`id_rak` = `tbl_buku`.`id_rak`
LEFT JOIN `tbl_user` ON `tbl_user`.`id_user` = `tbl_buku`.`id_user`
WHERE `tanggal_input` >= :tanggal_input:
AND `tanggal_input` <= :tanggal_input.1:
ORDER BY `tanggal_input` DESC', [...], false)
 4 APPPATH\Models\ModelBuku.php(141): CodeIgniter\Database\BaseBuilder->get()
 5 APPPATH\Controllers\Buku.php(465): App\Models\ModelBuku->FilterTanggal('2026-03-01', '2026-05-31')
 6 SYSTEMPATH\CodeIgniter.php(933): App\Controllers\Buku->Filter()
 7 SYSTEMPATH\CodeIgniter.php(509): CodeIgniter\CodeIgniter->runController(Object(App\Controllers\Buku))
 8 SYSTEMPATH\CodeIgniter.php(355): CodeIgniter\CodeIgniter->handleRequest(null, Object(Config\Cache), false)
 9 SYSTEMPATH\Boot.php(325): CodeIgniter\CodeIgniter->run()
10 SYSTEMPATH\Boot.php(67): CodeIgniter\Boot::runCodeIgniter(Object(CodeIgniter\CodeIgniter))
11 FCPATH\index.php(56): CodeIgniter\Boot::bootWeb(Object(Config\Paths))
CRITICAL - 2026-05-13 03:58:28 --> [Caused by] mysqli_sql_exception: Unknown column 'tanggal_input' in 'where clause'
in SYSTEMPATH\Database\MySQLi\Connection.php on line 312.
 1 SYSTEMPATH\Database\MySQLi\Connection.php(312): mysqli->query('SELECT `tbl_buku`.*, `tbl_user`.`nama_user`, `tbl_user`.`level`, `tbl_pengarang`.`nama_pengarang`, `tbl_penerbit`.`nama_penerbit`, `tbl_kategori`.`nama_kategori`, `tbl_rak`.`nama_rak`
FROM `tbl_buku`
LEFT JOIN `tbl_kategori` ON `tbl_kategori`.`id_kategori` = `tbl_buku`.`id_kategori`
LEFT JOIN `tbl_penerbit` ON `tbl_penerbit`.`id_penerbit` = `tbl_buku`.`id_penerbit`
LEFT JOIN `tbl_pengarang` ON `tbl_pengarang`.`id_pengarang` = `tbl_buku`.`id_pengarang`
LEFT JOIN `tbl_rak` ON `tbl_rak`.`id_rak` = `tbl_buku`.`id_rak`
LEFT JOIN `tbl_user` ON `tbl_user`.`id_user` = `tbl_buku`.`id_user`
WHERE `tanggal_input` >= \'2026-03-01\'
AND `tanggal_input` <= \'2026-05-31\'
ORDER BY `tanggal_input` DESC', 0)
 2 SYSTEMPATH\Database\BaseConnection.php(734): CodeIgniter\Database\MySQLi\Connection->execute('SELECT `tbl_buku`.*, `tbl_user`.`nama_user`, `tbl_user`.`level`, `tbl_pengarang`.`nama_pengarang`, `tbl_penerbit`.`nama_penerbit`, `tbl_kategori`.`nama_kategori`, `tbl_rak`.`nama_rak`
FROM `tbl_buku`
LEFT JOIN `tbl_kategori` ON `tbl_kategori`.`id_kategori` = `tbl_buku`.`id_kategori`
LEFT JOIN `tbl_penerbit` ON `tbl_penerbit`.`id_penerbit` = `tbl_buku`.`id_penerbit`
LEFT JOIN `tbl_pengarang` ON `tbl_pengarang`.`id_pengarang` = `tbl_buku`.`id_pengarang`
LEFT JOIN `tbl_rak` ON `tbl_rak`.`id_rak` = `tbl_buku`.`id_rak`
LEFT JOIN `tbl_user` ON `tbl_user`.`id_user` = `tbl_buku`.`id_user`
WHERE `tanggal_input` >= \'2026-03-01\'
AND `tanggal_input` <= \'2026-05-31\'
ORDER BY `tanggal_input` DESC')
 3 SYSTEMPATH\Database\BaseConnection.php(648): CodeIgniter\Database\BaseConnection->simpleQuery('SELECT `tbl_buku`.*, `tbl_user`.`nama_user`, `tbl_user`.`level`, `tbl_pengarang`.`nama_pengarang`, `tbl_penerbit`.`nama_penerbit`, `tbl_kategori`.`nama_kategori`, `tbl_rak`.`nama_rak`
FROM `tbl_buku`
LEFT JOIN `tbl_kategori` ON `tbl_kategori`.`id_kategori` = `tbl_buku`.`id_kategori`
LEFT JOIN `tbl_penerbit` ON `tbl_penerbit`.`id_penerbit` = `tbl_buku`.`id_penerbit`
LEFT JOIN `tbl_pengarang` ON `tbl_pengarang`.`id_pengarang` = `tbl_buku`.`id_pengarang`
LEFT JOIN `tbl_rak` ON `tbl_rak`.`id_rak` = `tbl_buku`.`id_rak`
LEFT JOIN `tbl_user` ON `tbl_user`.`id_user` = `tbl_buku`.`id_user`
WHERE `tanggal_input` >= \'2026-03-01\'
AND `tanggal_input` <= \'2026-05-31\'
ORDER BY `tanggal_input` DESC')
 4 SYSTEMPATH\Database\BaseBuilder.php(1644): CodeIgniter\Database\BaseConnection->query('SELECT `tbl_buku`.*, `tbl_user`.`nama_user`, `tbl_user`.`level`, `tbl_pengarang`.`nama_pengarang`, `tbl_penerbit`.`nama_penerbit`, `tbl_kategori`.`nama_kategori`, `tbl_rak`.`nama_rak`
FROM `tbl_buku`
LEFT JOIN `tbl_kategori` ON `tbl_kategori`.`id_kategori` = `tbl_buku`.`id_kategori`
LEFT JOIN `tbl_penerbit` ON `tbl_penerbit`.`id_penerbit` = `tbl_buku`.`id_penerbit`
LEFT JOIN `tbl_pengarang` ON `tbl_pengarang`.`id_pengarang` = `tbl_buku`.`id_pengarang`
LEFT JOIN `tbl_rak` ON `tbl_rak`.`id_rak` = `tbl_buku`.`id_rak`
LEFT JOIN `tbl_user` ON `tbl_user`.`id_user` = `tbl_buku`.`id_user`
WHERE `tanggal_input` >= :tanggal_input:
AND `tanggal_input` <= :tanggal_input.1:
ORDER BY `tanggal_input` DESC', [...], false)
 5 APPPATH\Models\ModelBuku.php(141): CodeIgniter\Database\BaseBuilder->get()
 6 APPPATH\Controllers\Buku.php(465): App\Models\ModelBuku->FilterTanggal('2026-03-01', '2026-05-31')
 7 SYSTEMPATH\CodeIgniter.php(933): App\Controllers\Buku->Filter()
 8 SYSTEMPATH\CodeIgniter.php(509): CodeIgniter\CodeIgniter->runController(Object(App\Controllers\Buku))
 9 SYSTEMPATH\CodeIgniter.php(355): CodeIgniter\CodeIgniter->handleRequest(null, Object(Config\Cache), false)
10 SYSTEMPATH\Boot.php(325): CodeIgniter\CodeIgniter->run()
11 SYSTEMPATH\Boot.php(67): CodeIgniter\Boot::runCodeIgniter(Object(CodeIgniter\CodeIgniter))
12 FCPATH\index.php(56): CodeIgniter\Boot::bootWeb(Object(Config\Paths))
INFO - 2026-05-13 03:59:19 --> Session: Class initialized using 'CodeIgniter\Session\Handlers\FileHandler' driver.
INFO - 2026-05-13 03:59:34 --> Session: Class initialized using 'CodeIgniter\Session\Handlers\FileHandler' driver.
INFO - 2026-05-13 04:02:24 --> Session: Class initialized using 'CodeIgniter\Session\Handlers\FileHandler' driver.
INFO - 2026-05-13 04:02:37 --> Session: Class initialized using 'CodeIgniter\Session\Handlers\FileHandler' driver.
INFO - 2026-05-13 04:08:05 --> Session: Class initialized using 'CodeIgniter\Session\Handlers\FileHandler' driver.
INFO - 2026-05-13 04:08:23 --> Session: Class initialized using 'CodeIgniter\Session\Handlers\FileHandler' driver.
INFO - 2026-05-13 04:09:08 --> Session: Class initialized using 'CodeIgniter\Session\Handlers\FileHandler' driver.
INFO - 2026-05-13 04:10:10 --> Session: Class initialized using 'CodeIgniter\Session\Handlers\FileHandler' driver.
INFO - 2026-05-13 04:10:19 --> Session: Class initialized using 'CodeIgniter\Session\Handlers\FileHandler' driver.
INFO - 2026-05-13 04:10:41 --> Session: Class initialized using 'CodeIgniter\Session\Handlers\FileHandler' driver.
INFO - 2026-05-13 04:11:03 --> Session: Class initialized using 'CodeIgniter\Session\Handlers\FileHandler' driver.
INFO - 2026-05-13 04:11:55 --> Session: Class initialized using 'CodeIgniter\Session\Handlers\FileHandler' driver.
INFO - 2026-05-13 04:13:19 --> Session: Class initialized using 'CodeIgniter\Session\Handlers\FileHandler' driver.
INFO - 2026-05-13 04:14:24 --> Session: Class initialized using 'CodeIgniter\Session\Handlers\FileHandler' driver.
INFO - 2026-05-13 04:15:34 --> Session: Class initialized using 'CodeIgniter\Session\Handlers\FileHandler' driver.
INFO - 2026-05-13 04:29:45 --> Session: Class initialized using 'CodeIgniter\Session\Handlers\FileHandler' driver.
INFO - 2026-05-13 04:29:48 --> Session: Class initialized using 'CodeIgniter\Session\Handlers\FileHandler' driver.
INFO - 2026-05-13 04:29:50 --> Session: Class initialized using 'CodeIgniter\Session\Handlers\FileHandler' driver.
INFO - 2026-05-13 04:29:53 --> Session: Class initialized using 'CodeIgniter\Session\Handlers\FileHandler' driver.
INFO - 2026-05-13 04:32:35 --> Session: Class initialized using 'CodeIgniter\Session\Handlers\FileHandler' driver.
INFO - 2026-05-13 04:32:37 --> Session: Class initialized using 'CodeIgniter\Session\Handlers\FileHandler' driver.
INFO - 2026-05-13 04:32:48 --> Session: Class initialized using 'CodeIgniter\Session\Handlers\FileHandler' driver.
INFO - 2026-05-13 04:32:53 --> Session: Class initialized using 'CodeIgniter\Session\Handlers\FileHandler' driver.
INFO - 2026-05-13 04:37:02 --> Session: Class initialized using 'CodeIgniter\Session\Handlers\FileHandler' driver.
INFO - 2026-05-13 04:37:06 --> Session: Class initialized using 'CodeIgniter\Session\Handlers\FileHandler' driver.
INFO - 2026-05-13 04:37:08 --> Session: Class initialized using 'CodeIgniter\Session\Handlers\FileHandler' driver.
ERROR - 2026-05-13 04:37:08 --> mysqli_sql_exception: Unknown column 'created_at' in 'field list' in C:\xampp\htdocs\si_ekatalog_ci4\system\Database\MySQLi\Connection.php:312
Stack trace:
#0 C:\xampp\htdocs\si_ekatalog_ci4\system\Database\MySQLi\Connection.php(312): mysqli->query('\r\n        SELEC...', 0)
#1 C:\xampp\htdocs\si_ekatalog_ci4\system\Database\BaseConnection.php(734): CodeIgniter\Database\MySQLi\Connection->execute('\r\n        SELEC...')
#2 C:\xampp\htdocs\si_ekatalog_ci4\system\Database\BaseConnection.php(648): CodeIgniter\Database\BaseConnection->simpleQuery('\r\n        SELEC...')
#3 C:\xampp\htdocs\si_ekatalog_ci4\app\Controllers\Admin.php(68): CodeIgniter\Database\BaseConnection->query('\r\n        SELEC...')
#4 C:\xampp\htdocs\si_ekatalog_ci4\system\CodeIgniter.php(933): App\Controllers\Admin->index()
#5 C:\xampp\htdocs\si_ekatalog_ci4\system\CodeIgniter.php(509): CodeIgniter\CodeIgniter->runController(Object(App\Controllers\Admin))
#6 C:\xampp\htdocs\si_ekatalog_ci4\system\CodeIgniter.php(355): CodeIgniter\CodeIgniter->handleRequest(NULL, Object(Config\Cache), false)
#7 C:\xampp\htdocs\si_ekatalog_ci4\system\Boot.php(325): CodeIgniter\CodeIgniter->run()
#8 C:\xampp\htdocs\si_ekatalog_ci4\system\Boot.php(67): CodeIgniter\Boot::runCodeIgniter(Object(CodeIgniter\CodeIgniter))
#9 C:\xampp\htdocs\si_ekatalog_ci4\public\index.php(56): CodeIgniter\Boot::bootWeb(Object(Config\Paths))
#10 {main}
CRITICAL - 2026-05-13 04:37:08 --> CodeIgniter\Database\Exceptions\DatabaseException: Unknown column 'created_at' in 'field list'
[Method: GET, Route: Admin]
in SYSTEMPATH\Database\BaseConnection.php on line 688.
 1 APPPATH\Controllers\Admin.php(68): CodeIgniter\Database\BaseConnection->query('
        SELECT DATE(created_at) as tanggal, COUNT(*) as jumlah
        FROM tbl_pengunjung
        WHERE created_at IS NOT NULL
        
        GROUP BY DATE(created_at)
    ')
 2 SYSTEMPATH\CodeIgniter.php(933): App\Controllers\Admin->index()
 3 SYSTEMPATH\CodeIgniter.php(509): CodeIgniter\CodeIgniter->runController(Object(App\Controllers\Admin))
 4 SYSTEMPATH\CodeIgniter.php(355): CodeIgniter\CodeIgniter->handleRequest(null, Object(Config\Cache), false)
 5 SYSTEMPATH\Boot.php(325): CodeIgniter\CodeIgniter->run()
 6 SYSTEMPATH\Boot.php(67): CodeIgniter\Boot::runCodeIgniter(Object(CodeIgniter\CodeIgniter))
 7 FCPATH\index.php(56): CodeIgniter\Boot::bootWeb(Object(Config\Paths))
CRITICAL - 2026-05-13 04:37:08 --> [Caused by] CodeIgniter\Database\Exceptions\DatabaseException: Unknown column 'created_at' in 'field list'
in SYSTEMPATH\Database\MySQLi\Connection.php on line 317.
 1 SYSTEMPATH\Database\BaseConnection.php(734): CodeIgniter\Database\MySQLi\Connection->execute('
        SELECT DATE(created_at) as tanggal, COUNT(*) as jumlah
        FROM tbl_pengunjung
        WHERE created_at IS NOT NULL
        
        GROUP BY DATE(created_at)
    ')
 2 SYSTEMPATH\Database\BaseConnection.php(648): CodeIgniter\Database\BaseConnection->simpleQuery('
        SELECT DATE(created_at) as tanggal, COUNT(*) as jumlah
        FROM tbl_pengunjung
        WHERE created_at IS NOT NULL
        
        GROUP BY DATE(created_at)
    ')
 3 APPPATH\Controllers\Admin.php(68): CodeIgniter\Database\BaseConnection->query('
        SELECT DATE(created_at) as tanggal, COUNT(*) as jumlah
        FROM tbl_pengunjung
        WHERE created_at IS NOT NULL
        
        GROUP BY DATE(created_at)
    ')
 4 SYSTEMPATH\CodeIgniter.php(933): App\Controllers\Admin->index()
 5 SYSTEMPATH\CodeIgniter.php(509): CodeIgniter\CodeIgniter->runController(Object(App\Controllers\Admin))
 6 SYSTEMPATH\CodeIgniter.php(355): CodeIgniter\CodeIgniter->handleRequest(null, Object(Config\Cache), false)
 7 SYSTEMPATH\Boot.php(325): CodeIgniter\CodeIgniter->run()
 8 SYSTEMPATH\Boot.php(67): CodeIgniter\Boot::runCodeIgniter(Object(CodeIgniter\CodeIgniter))
 9 FCPATH\index.php(56): CodeIgniter\Boot::bootWeb(Object(Config\Paths))
CRITICAL - 2026-05-13 04:37:08 --> [Caused by] mysqli_sql_exception: Unknown column 'created_at' in 'field list'
in SYSTEMPATH\Database\MySQLi\Connection.php on line 312.
 1 SYSTEMPATH\Database\MySQLi\Connection.php(312): mysqli->query('
        SELECT DATE(created_at) as tanggal, COUNT(*) as jumlah
        FROM tbl_pengunjung
        WHERE created_at IS NOT NULL
        
        GROUP BY DATE(created_at)
    ', 0)
 2 SYSTEMPATH\Database\BaseConnection.php(734): CodeIgniter\Database\MySQLi\Connection->execute('
        SELECT DATE(created_at) as tanggal, COUNT(*) as jumlah
        FROM tbl_pengunjung
        WHERE created_at IS NOT NULL
        
        GROUP BY DATE(created_at)
    ')
 3 SYSTEMPATH\Database\BaseConnection.php(648): CodeIgniter\Database\BaseConnection->simpleQuery('
        SELECT DATE(created_at) as tanggal, COUNT(*) as jumlah
        FROM tbl_pengunjung
        WHERE created_at IS NOT NULL
        
        GROUP BY DATE(created_at)
    ')
 4 APPPATH\Controllers\Admin.php(68): CodeIgniter\Database\BaseConnection->query('
        SELECT DATE(created_at) as tanggal, COUNT(*) as jumlah
        FROM tbl_pengunjung
        WHERE created_at IS NOT NULL
        
        GROUP BY DATE(created_at)
    ')
 5 SYSTEMPATH\CodeIgniter.php(933): App\Controllers\Admin->index()
 6 SYSTEMPATH\CodeIgniter.php(509): CodeIgniter\CodeIgniter->runController(Object(App\Controllers\Admin))
 7 SYSTEMPATH\CodeIgniter.php(355): CodeIgniter\CodeIgniter->handleRequest(null, Object(Config\Cache), false)
 8 SYSTEMPATH\Boot.php(325): CodeIgniter\CodeIgniter->run()
 9 SYSTEMPATH\Boot.php(67): CodeIgniter\Boot::runCodeIgniter(Object(CodeIgniter\CodeIgniter))
10 FCPATH\index.php(56): CodeIgniter\Boot::bootWeb(Object(Config\Paths))
INFO - 2026-05-13 04:38:36 --> Session: Class initialized using 'CodeIgniter\Session\Handlers\FileHandler' driver.
INFO - 2026-05-13 04:38:40 --> Session: Class initialized using 'CodeIgniter\Session\Handlers\FileHandler' driver.
CRITICAL - 2026-05-13 04:38:40 --> ErrorException: Undefined array key "tgl_input"
[Method: GET, Route: Ebook]
in APPPATH\Views\Ebook\v_index.php on line 54.
 1 APPPATH\Views\Ebook\v_index.php(54): CodeIgniter\Debug\Exceptions->errorHandler(2, 'Undefined array key "tgl_input"', 'C:\\xampp\\htdocs\\si_ekatalog_ci4\\app\\Views\\Ebook\\v_index.php', 54)
 2 SYSTEMPATH\View\View.php(234): include('C:\\xampp\\htdocs\\si_ekatalog_ci4\\app\\Views\\Ebook\\v_index.php')
 3 SYSTEMPATH\View\View.php(237): CodeIgniter\View\View->CodeIgniter\View\{closure}()
 4 SYSTEMPATH\Common.php(1171): CodeIgniter\View\View->render('ebook/v_index', [], true)
 5 APPPATH\Views\v_template_admin.php(288): view('ebook/v_index')
 6 SYSTEMPATH\View\View.php(234): include('C:\\xampp\\htdocs\\si_ekatalog_ci4\\app\\Views\\v_template_admin.php')
 7 SYSTEMPATH\View\View.php(237): CodeIgniter\View\View->CodeIgniter\View\{closure}()
 8 SYSTEMPATH\Common.php(1171): CodeIgniter\View\View->render('v_template_admin', [], true)
 9 APPPATH\Controllers\Ebook.php(44): view('v_template_admin', [...])
10 SYSTEMPATH\CodeIgniter.php(933): App\Controllers\Ebook->index()
11 SYSTEMPATH\CodeIgniter.php(509): CodeIgniter\CodeIgniter->runController(Object(App\Controllers\Ebook))
12 SYSTEMPATH\CodeIgniter.php(355): CodeIgniter\CodeIgniter->handleRequest(null, Object(Config\Cache), false)
13 SYSTEMPATH\Boot.php(325): CodeIgniter\CodeIgniter->run()
14 SYSTEMPATH\Boot.php(67): CodeIgniter\Boot::runCodeIgniter(Object(CodeIgniter\CodeIgniter))
15 FCPATH\index.php(56): CodeIgniter\Boot::bootWeb(Object(Config\Paths))
INFO - 2026-05-13 04:39:50 --> Session: Class initialized using 'CodeIgniter\Session\Handlers\FileHandler' driver.
WARNING - 2026-05-13 04:39:50 --> [DEPRECATED] strtotime(): Passing null to parameter #1 ($datetime) of type string is deprecated in APPPATH\Views\Ebook\v_index.php on line 54.
 1 APPPATH\Views\Ebook\v_index.php(54): strtotime(null)
 2 SYSTEMPATH\View\View.php(234): include('C:\\xampp\\htdocs\\si_ekatalog_ci4\\app\\Views\\Ebook\\v_index.php')
 3 SYSTEMPATH\View\View.php(237): CodeIgniter\View\View->CodeIgniter\View\{closure}()
 4 SYSTEMPATH\Common.php(1171): CodeIgniter\View\View->render('ebook/v_index', [], true)
 5 APPPATH\Views\v_template_admin.php(288): view('ebook/v_index')
 6 SYSTEMPATH\View\View.php(234): include('C:\\xampp\\htdocs\\si_ekatalog_ci4\\app\\Views\\v_template_admin.php')
 7 SYSTEMPATH\View\View.php(237): CodeIgniter\View\View->CodeIgniter\View\{closure}()
 8 SYSTEMPATH\Common.php(1171): CodeIgniter\View\View->render('v_template_admin', [], true)
 9 APPPATH\Controllers\Ebook.php(44): view('v_template_admin', [...])
10 SYSTEMPATH\CodeIgniter.php(933): App\Controllers\Ebook->index()
11 SYSTEMPATH\CodeIgniter.php(509): CodeIgniter\CodeIgniter->runController(Object(App\Controllers\Ebook))
12 SYSTEMPATH\CodeIgniter.php(355): CodeIgniter\CodeIgniter->handleRequest(null, Object(Config\Cache), false)
13 SYSTEMPATH\Boot.php(325): CodeIgniter\CodeIgniter->run()
14 SYSTEMPATH\Boot.php(67): CodeIgniter\Boot::runCodeIgniter(Object(CodeIgniter\CodeIgniter))
15 FCPATH\index.php(56): CodeIgniter\Boot::bootWeb(Object(Config\Paths))
WARNING - 2026-05-13 04:39:50 --> [DEPRECATED] strtotime(): Passing null to parameter #1 ($datetime) of type string is deprecated in APPPATH\Views\Ebook\v_index.php on line 54.
 1 APPPATH\Views\Ebook\v_index.php(54): strtotime(null)
 2 SYSTEMPATH\View\View.php(234): include('C:\\xampp\\htdocs\\si_ekatalog_ci4\\app\\Views\\Ebook\\v_index.php')
 3 SYSTEMPATH\View\View.php(237): CodeIgniter\View\View->CodeIgniter\View\{closure}()
 4 SYSTEMPATH\Common.php(1171): CodeIgniter\View\View->render('ebook/v_index', [], true)
 5 APPPATH\Views\v_template_admin.php(288): view('ebook/v_index')
 6 SYSTEMPATH\View\View.php(234): include('C:\\xampp\\htdocs\\si_ekatalog_ci4\\app\\Views\\v_template_admin.php')
 7 SYSTEMPATH\View\View.php(237): CodeIgniter\View\View->CodeIgniter\View\{closure}()
 8 SYSTEMPATH\Common.php(1171): CodeIgniter\View\View->render('v_template_admin', [], true)
 9 APPPATH\Controllers\Ebook.php(44): view('v_template_admin', [...])
10 SYSTEMPATH\CodeIgniter.php(933): App\Controllers\Ebook->index()
11 SYSTEMPATH\CodeIgniter.php(509): CodeIgniter\CodeIgniter->runController(Object(App\Controllers\Ebook))
12 SYSTEMPATH\CodeIgniter.php(355): CodeIgniter\CodeIgniter->handleRequest(null, Object(Config\Cache), false)
13 SYSTEMPATH\Boot.php(325): CodeIgniter\CodeIgniter->run()
14 SYSTEMPATH\Boot.php(67): CodeIgniter\Boot::runCodeIgniter(Object(CodeIgniter\CodeIgniter))
15 FCPATH\index.php(56): CodeIgniter\Boot::bootWeb(Object(Config\Paths))
WARNING - 2026-05-13 04:39:50 --> [DEPRECATED] strtotime(): Passing null to parameter #1 ($datetime) of type string is deprecated in APPPATH\Views\Ebook\v_index.php on line 54.
 1 APPPATH\Views\Ebook\v_index.php(54): strtotime(null)
 2 SYSTEMPATH\View\View.php(234): include('C:\\xampp\\htdocs\\si_ekatalog_ci4\\app\\Views\\Ebook\\v_index.php')
 3 SYSTEMPATH\View\View.php(237): CodeIgniter\View\View->CodeIgniter\View\{closure}()
 4 SYSTEMPATH\Common.php(1171): CodeIgniter\View\View->render('ebook/v_index', [], true)
 5 APPPATH\Views\v_template_admin.php(288): view('ebook/v_index')
 6 SYSTEMPATH\View\View.php(234): include('C:\\xampp\\htdocs\\si_ekatalog_ci4\\app\\Views\\v_template_admin.php')
 7 SYSTEMPATH\View\View.php(237): CodeIgniter\View\View->CodeIgniter\View\{closure}()
 8 SYSTEMPATH\Common.php(1171): CodeIgniter\View\View->render('v_template_admin', [], true)
 9 APPPATH\Controllers\Ebook.php(44): view('v_template_admin', [...])
10 SYSTEMPATH\CodeIgniter.php(933): App\Controllers\Ebook->index()
11 SYSTEMPATH\CodeIgniter.php(509): CodeIgniter\CodeIgniter->runController(Object(App\Controllers\Ebook))
12 SYSTEMPATH\CodeIgniter.php(355): CodeIgniter\CodeIgniter->handleRequest(null, Object(Config\Cache), false)
13 SYSTEMPATH\Boot.php(325): CodeIgniter\CodeIgniter->run()
14 SYSTEMPATH\Boot.php(67): CodeIgniter\Boot::runCodeIgniter(Object(CodeIgniter\CodeIgniter))
15 FCPATH\index.php(56): CodeIgniter\Boot::bootWeb(Object(Config\Paths))
WARNING - 2026-05-13 04:39:50 --> [DEPRECATED] strtotime(): Passing null to parameter #1 ($datetime) of type string is deprecated in APPPATH\Views\Ebook\v_index.php on line 54.
 1 APPPATH\Views\Ebook\v_index.php(54): strtotime(null)
 2 SYSTEMPATH\View\View.php(234): include('C:\\xampp\\htdocs\\si_ekatalog_ci4\\app\\Views\\Ebook\\v_index.php')
 3 SYSTEMPATH\View\View.php(237): CodeIgniter\View\View->CodeIgniter\View\{closure}()
 4 SYSTEMPATH\Common.php(1171): CodeIgniter\View\View->render('ebook/v_index', [], true)
 5 APPPATH\Views\v_template_admin.php(288): view('ebook/v_index')
 6 SYSTEMPATH\View\View.php(234): include('C:\\xampp\\htdocs\\si_ekatalog_ci4\\app\\Views\\v_template_admin.php')
 7 SYSTEMPATH\View\View.php(237): CodeIgniter\View\View->CodeIgniter\View\{closure}()
 8 SYSTEMPATH\Common.php(1171): CodeIgniter\View\View->render('v_template_admin', [], true)
 9 APPPATH\Controllers\Ebook.php(44): view('v_template_admin', [...])
10 SYSTEMPATH\CodeIgniter.php(933): App\Controllers\Ebook->index()
11 SYSTEMPATH\CodeIgniter.php(509): CodeIgniter\CodeIgniter->runController(Object(App\Controllers\Ebook))
12 SYSTEMPATH\CodeIgniter.php(355): CodeIgniter\CodeIgniter->handleRequest(null, Object(Config\Cache), false)
13 SYSTEMPATH\Boot.php(325): CodeIgniter\CodeIgniter->run()
14 SYSTEMPATH\Boot.php(67): CodeIgniter\Boot::runCodeIgniter(Object(CodeIgniter\CodeIgniter))
15 FCPATH\index.php(56): CodeIgniter\Boot::bootWeb(Object(Config\Paths))
WARNING - 2026-05-13 04:39:50 --> [DEPRECATED] strtotime(): Passing null to parameter #1 ($datetime) of type string is deprecated in APPPATH\Views\Ebook\v_index.php on line 54.
 1 APPPATH\Views\Ebook\v_index.php(54): strtotime(null)
 2 SYSTEMPATH\View\View.php(234): include('C:\\xampp\\htdocs\\si_ekatalog_ci4\\app\\Views\\Ebook\\v_index.php')
 3 SYSTEMPATH\View\View.php(237): CodeIgniter\View\View->CodeIgniter\View\{closure}()
 4 SYSTEMPATH\Common.php(1171): CodeIgniter\View\View->render('ebook/v_index', [], true)
 5 APPPATH\Views\v_template_admin.php(288): view('ebook/v_index')
 6 SYSTEMPATH\View\View.php(234): include('C:\\xampp\\htdocs\\si_ekatalog_ci4\\app\\Views\\v_template_admin.php')
 7 SYSTEMPATH\View\View.php(237): CodeIgniter\View\View->CodeIgniter\View\{closure}()
 8 SYSTEMPATH\Common.php(1171): CodeIgniter\View\View->render('v_template_admin', [], true)
 9 APPPATH\Controllers\Ebook.php(44): view('v_template_admin', [...])
10 SYSTEMPATH\CodeIgniter.php(933): App\Controllers\Ebook->index()
11 SYSTEMPATH\CodeIgniter.php(509): CodeIgniter\CodeIgniter->runController(Object(App\Controllers\Ebook))
12 SYSTEMPATH\CodeIgniter.php(355): CodeIgniter\CodeIgniter->handleRequest(null, Object(Config\Cache), false)
13 SYSTEMPATH\Boot.php(325): CodeIgniter\CodeIgniter->run()
14 SYSTEMPATH\Boot.php(67): CodeIgniter\Boot::runCodeIgniter(Object(CodeIgniter\CodeIgniter))
15 FCPATH\index.php(56): CodeIgniter\Boot::bootWeb(Object(Config\Paths))
WARNING - 2026-05-13 04:39:50 --> [DEPRECATED] strtotime(): Passing null to parameter #1 ($datetime) of type string is deprecated in APPPATH\Views\Ebook\v_index.php on line 54.
 1 APPPATH\Views\Ebook\v_index.php(54): strtotime(null)
 2 SYSTEMPATH\View\View.php(234): include('C:\\xampp\\htdocs\\si_ekatalog_ci4\\app\\Views\\Ebook\\v_index.php')
 3 SYSTEMPATH\View\View.php(237): CodeIgniter\View\View->CodeIgniter\View\{closure}()
 4 SYSTEMPATH\Common.php(1171): CodeIgniter\View\View->render('ebook/v_index', [], true)
 5 APPPATH\Views\v_template_admin.php(288): view('ebook/v_index')
 6 SYSTEMPATH\View\View.php(234): include('C:\\xampp\\htdocs\\si_ekatalog_ci4\\app\\Views\\v_template_admin.php')
 7 SYSTEMPATH\View\View.php(237): CodeIgniter\View\View->CodeIgniter\View\{closure}()
 8 SYSTEMPATH\Common.php(1171): CodeIgniter\View\View->render('v_template_admin', [], true)
 9 APPPATH\Controllers\Ebook.php(44): view('v_template_admin', [...])
10 SYSTEMPATH\CodeIgniter.php(933): App\Controllers\Ebook->index()
11 SYSTEMPATH\CodeIgniter.php(509): CodeIgniter\CodeIgniter->runController(Object(App\Controllers\Ebook))
12 SYSTEMPATH\CodeIgniter.php(355): CodeIgniter\CodeIgniter->handleRequest(null, Object(Config\Cache), false)
13 SYSTEMPATH\Boot.php(325): CodeIgniter\CodeIgniter->run()
14 SYSTEMPATH\Boot.php(67): CodeIgniter\Boot::runCodeIgniter(Object(CodeIgniter\CodeIgniter))
15 FCPATH\index.php(56): CodeIgniter\Boot::bootWeb(Object(Config\Paths))
WARNING - 2026-05-13 04:39:50 --> [DEPRECATED] strtotime(): Passing null to parameter #1 ($datetime) of type string is deprecated in APPPATH\Views\Ebook\v_index.php on line 54.
 1 APPPATH\Views\Ebook\v_index.php(54): strtotime(null)
 2 SYSTEMPATH\View\View.php(234): include('C:\\xampp\\htdocs\\si_ekatalog_ci4\\app\\Views\\Ebook\\v_index.php')
 3 SYSTEMPATH\View\View.php(237): CodeIgniter\View\View->CodeIgniter\View\{closure}()
 4 SYSTEMPATH\Common.php(1171): CodeIgniter\View\View->render('ebook/v_index', [], true)
 5 APPPATH\Views\v_template_admin.php(288): view('ebook/v_index')
 6 SYSTEMPATH\View\View.php(234): include('C:\\xampp\\htdocs\\si_ekatalog_ci4\\app\\Views\\v_template_admin.php')
 7 SYSTEMPATH\View\View.php(237): CodeIgniter\View\View->CodeIgniter\View\{closure}()
 8 SYSTEMPATH\Common.php(1171): CodeIgniter\View\View->render('v_template_admin', [], true)
 9 APPPATH\Controllers\Ebook.php(44): view('v_template_admin', [...])
10 SYSTEMPATH\CodeIgniter.php(933): App\Controllers\Ebook->index()
11 SYSTEMPATH\CodeIgniter.php(509): CodeIgniter\CodeIgniter->runController(Object(App\Controllers\Ebook))
12 SYSTEMPATH\CodeIgniter.php(355): CodeIgniter\CodeIgniter->handleRequest(null, Object(Config\Cache), false)
13 SYSTEMPATH\Boot.php(325): CodeIgniter\CodeIgniter->run()
14 SYSTEMPATH\Boot.php(67): CodeIgniter\Boot::runCodeIgniter(Object(CodeIgniter\CodeIgniter))
15 FCPATH\index.php(56): CodeIgniter\Boot::bootWeb(Object(Config\Paths))
WARNING - 2026-05-13 04:39:50 --> [DEPRECATED] strtotime(): Passing null to parameter #1 ($datetime) of type string is deprecated in APPPATH\Views\Ebook\v_index.php on line 54.
 1 APPPATH\Views\Ebook\v_index.php(54): strtotime(null)
 2 SYSTEMPATH\View\View.php(234): include('C:\\xampp\\htdocs\\si_ekatalog_ci4\\app\\Views\\Ebook\\v_index.php')
 3 SYSTEMPATH\View\View.php(237): CodeIgniter\View\View->CodeIgniter\View\{closure}()
 4 SYSTEMPATH\Common.php(1171): CodeIgniter\View\View->render('ebook/v_index', [], true)
 5 APPPATH\Views\v_template_admin.php(288): view('ebook/v_index')
 6 SYSTEMPATH\View\View.php(234): include('C:\\xampp\\htdocs\\si_ekatalog_ci4\\app\\Views\\v_template_admin.php')
 7 SYSTEMPATH\View\View.php(237): CodeIgniter\View\View->CodeIgniter\View\{closure}()
 8 SYSTEMPATH\Common.php(1171): CodeIgniter\View\View->render('v_template_admin', [], true)
 9 APPPATH\Controllers\Ebook.php(44): view('v_template_admin', [...])
10 SYSTEMPATH\CodeIgniter.php(933): App\Controllers\Ebook->index()
11 SYSTEMPATH\CodeIgniter.php(509): CodeIgniter\CodeIgniter->runController(Object(App\Controllers\Ebook))
12 SYSTEMPATH\CodeIgniter.php(355): CodeIgniter\CodeIgniter->handleRequest(null, Object(Config\Cache), false)
13 SYSTEMPATH\Boot.php(325): CodeIgniter\CodeIgniter->run()
14 SYSTEMPATH\Boot.php(67): CodeIgniter\Boot::runCodeIgniter(Object(CodeIgniter\CodeIgniter))
15 FCPATH\index.php(56): CodeIgniter\Boot::bootWeb(Object(Config\Paths))
WARNING - 2026-05-13 04:39:50 --> [DEPRECATED] strtotime(): Passing null to parameter #1 ($datetime) of type string is deprecated in APPPATH\Views\Ebook\v_index.php on line 54.
 1 APPPATH\Views\Ebook\v_index.php(54): strtotime(null)
 2 SYSTEMPATH\View\View.php(234): include('C:\\xampp\\htdocs\\si_ekatalog_ci4\\app\\Views\\Ebook\\v_index.php')
 3 SYSTEMPATH\View\View.php(237): CodeIgniter\View\View->CodeIgniter\View\{closure}()
 4 SYSTEMPATH\Common.php(1171): CodeIgniter\View\View->render('ebook/v_index', [], true)
 5 APPPATH\Views\v_template_admin.php(288): view('ebook/v_index')
 6 SYSTEMPATH\View\View.php(234): include('C:\\xampp\\htdocs\\si_ekatalog_ci4\\app\\Views\\v_template_admin.php')
 7 SYSTEMPATH\View\View.php(237): CodeIgniter\View\View->CodeIgniter\View\{closure}()
 8 SYSTEMPATH\Common.php(1171): CodeIgniter\View\View->render('v_template_admin', [], true)
 9 APPPATH\Controllers\Ebook.php(44): view('v_template_admin', [...])
10 SYSTEMPATH\CodeIgniter.php(933): App\Controllers\Ebook->index()
11 SYSTEMPATH\CodeIgniter.php(509): CodeIgniter\CodeIgniter->runController(Object(App\Controllers\Ebook))
12 SYSTEMPATH\CodeIgniter.php(355): CodeIgniter\CodeIgniter->handleRequest(null, Object(Config\Cache), false)
13 SYSTEMPATH\Boot.php(325): CodeIgniter\CodeIgniter->run()
14 SYSTEMPATH\Boot.php(67): CodeIgniter\Boot::runCodeIgniter(Object(CodeIgniter\CodeIgniter))
15 FCPATH\index.php(56): CodeIgniter\Boot::bootWeb(Object(Config\Paths))
WARNING - 2026-05-13 04:39:50 --> [DEPRECATED] strtotime(): Passing null to parameter #1 ($datetime) of type string is deprecated in APPPATH\Views\Ebook\v_index.php on line 54.
 1 APPPATH\Views\Ebook\v_index.php(54): strtotime(null)
 2 SYSTEMPATH\View\View.php(234): include('C:\\xampp\\htdocs\\si_ekatalog_ci4\\app\\Views\\Ebook\\v_index.php')
 3 SYSTEMPATH\View\View.php(237): CodeIgniter\View\View->CodeIgniter\View\{closure}()
 4 SYSTEMPATH\Common.php(1171): CodeIgniter\View\View->render('ebook/v_index', [], true)
 5 APPPATH\Views\v_template_admin.php(288): view('ebook/v_index')
 6 SYSTEMPATH\View\View.php(234): include('C:\\xampp\\htdocs\\si_ekatalog_ci4\\app\\Views\\v_template_admin.php')
 7 SYSTEMPATH\View\View.php(237): CodeIgniter\View\View->CodeIgniter\View\{closure}()
 8 SYSTEMPATH\Common.php(1171): CodeIgniter\View\View->render('v_template_admin', [], true)
 9 APPPATH\Controllers\Ebook.php(44): view('v_template_admin', [...])
10 SYSTEMPATH\CodeIgniter.php(933): App\Controllers\Ebook->index()
11 SYSTEMPATH\CodeIgniter.php(509): CodeIgniter\CodeIgniter->runController(Object(App\Controllers\Ebook))
12 SYSTEMPATH\CodeIgniter.php(355): CodeIgniter\CodeIgniter->handleRequest(null, Object(Config\Cache), false)
13 SYSTEMPATH\Boot.php(325): CodeIgniter\CodeIgniter->run()
14 SYSTEMPATH\Boot.php(67): CodeIgniter\Boot::runCodeIgniter(Object(CodeIgniter\CodeIgniter))
15 FCPATH\index.php(56): CodeIgniter\Boot::bootWeb(Object(Config\Paths))
WARNING - 2026-05-13 04:39:50 --> [DEPRECATED] strtotime(): Passing null to parameter #1 ($datetime) of type string is deprecated in APPPATH\Views\Ebook\v_index.php on line 54.
 1 APPPATH\Views\Ebook\v_index.php(54): strtotime(null)
 2 SYSTEMPATH\View\View.php(234): include('C:\\xampp\\htdocs\\si_ekatalog_ci4\\app\\Views\\Ebook\\v_index.php')
 3 SYSTEMPATH\View\View.php(237): CodeIgniter\View\View->CodeIgniter\View\{closure}()
 4 SYSTEMPATH\Common.php(1171): CodeIgniter\View\View->render('ebook/v_index', [], true)
 5 APPPATH\Views\v_template_admin.php(288): view('ebook/v_index')
 6 SYSTEMPATH\View\View.php(234): include('C:\\xampp\\htdocs\\si_ekatalog_ci4\\app\\Views\\v_template_admin.php')
 7 SYSTEMPATH\View\View.php(237): CodeIgniter\View\View->CodeIgniter\View\{closure}()
 8 SYSTEMPATH\Common.php(1171): CodeIgniter\View\View->render('v_template_admin', [], true)
 9 APPPATH\Controllers\Ebook.php(44): view('v_template_admin', [...])
10 SYSTEMPATH\CodeIgniter.php(933): App\Controllers\Ebook->index()
11 SYSTEMPATH\CodeIgniter.php(509): CodeIgniter\CodeIgniter->runController(Object(App\Controllers\Ebook))
12 SYSTEMPATH\CodeIgniter.php(355): CodeIgniter\CodeIgniter->handleRequest(null, Object(Config\Cache), false)
13 SYSTEMPATH\Boot.php(325): CodeIgniter\CodeIgniter->run()
14 SYSTEMPATH\Boot.php(67): CodeIgniter\Boot::runCodeIgniter(Object(CodeIgniter\CodeIgniter))
15 FCPATH\index.php(56): CodeIgniter\Boot::bootWeb(Object(Config\Paths))
WARNING - 2026-05-13 04:39:50 --> [DEPRECATED] strtotime(): Passing null to parameter #1 ($datetime) of type string is deprecated in APPPATH\Views\Ebook\v_index.php on line 54.
 1 APPPATH\Views\Ebook\v_index.php(54): strtotime(null)
 2 SYSTEMPATH\View\View.php(234): include('C:\\xampp\\htdocs\\si_ekatalog_ci4\\app\\Views\\Ebook\\v_index.php')
 3 SYSTEMPATH\View\View.php(237): CodeIgniter\View\View->CodeIgniter\View\{closure}()
 4 SYSTEMPATH\Common.php(1171): CodeIgniter\View\View->render('ebook/v_index', [], true)
 5 APPPATH\Views\v_template_admin.php(288): view('ebook/v_index')
 6 SYSTEMPATH\View\View.php(234): include('C:\\xampp\\htdocs\\si_ekatalog_ci4\\app\\Views\\v_template_admin.php')
 7 SYSTEMPATH\View\View.php(237): CodeIgniter\View\View->CodeIgniter\View\{closure}()
 8 SYSTEMPATH\Common.php(1171): CodeIgniter\View\View->render('v_template_admin', [], true)
 9 APPPATH\Controllers\Ebook.php(44): view('v_template_admin', [...])
10 SYSTEMPATH\CodeIgniter.php(933): App\Controllers\Ebook->index()
11 SYSTEMPATH\CodeIgniter.php(509): CodeIgniter\CodeIgniter->runController(Object(App\Controllers\Ebook))
12 SYSTEMPATH\CodeIgniter.php(355): CodeIgniter\CodeIgniter->handleRequest(null, Object(Config\Cache), false)
13 SYSTEMPATH\Boot.php(325): CodeIgniter\CodeIgniter->run()
14 SYSTEMPATH\Boot.php(67): CodeIgniter\Boot::runCodeIgniter(Object(CodeIgniter\CodeIgniter))
15 FCPATH\index.php(56): CodeIgniter\Boot::bootWeb(Object(Config\Paths))
WARNING - 2026-05-13 04:39:50 --> [DEPRECATED] strtotime(): Passing null to parameter #1 ($datetime) of type string is deprecated in APPPATH\Views\Ebook\v_index.php on line 54.
 1 APPPATH\Views\Ebook\v_index.php(54): strtotime(null)
 2 SYSTEMPATH\View\View.php(234): include('C:\\xampp\\htdocs\\si_ekatalog_ci4\\app\\Views\\Ebook\\v_index.php')
 3 SYSTEMPATH\View\View.php(237): CodeIgniter\View\View->CodeIgniter\View\{closure}()
 4 SYSTEMPATH\Common.php(1171): CodeIgniter\View\View->render('ebook/v_index', [], true)
 5 APPPATH\Views\v_template_admin.php(288): view('ebook/v_index')
 6 SYSTEMPATH\View\View.php(234): include('C:\\xampp\\htdocs\\si_ekatalog_ci4\\app\\Views\\v_template_admin.php')
 7 SYSTEMPATH\View\View.php(237): CodeIgniter\View\View->CodeIgniter\View\{closure}()
 8 SYSTEMPATH\Common.php(1171): CodeIgniter\View\View->render('v_template_admin', [], true)
 9 APPPATH\Controllers\Ebook.php(44): view('v_template_admin', [...])
10 SYSTEMPATH\CodeIgniter.php(933): App\Controllers\Ebook->index()
11 SYSTEMPATH\CodeIgniter.php(509): CodeIgniter\CodeIgniter->runController(Object(App\Controllers\Ebook))
12 SYSTEMPATH\CodeIgniter.php(355): CodeIgniter\CodeIgniter->handleRequest(null, Object(Config\Cache), false)
13 SYSTEMPATH\Boot.php(325): CodeIgniter\CodeIgniter->run()
14 SYSTEMPATH\Boot.php(67): CodeIgniter\Boot::runCodeIgniter(Object(CodeIgniter\CodeIgniter))
15 FCPATH\index.php(56): CodeIgniter\Boot::bootWeb(Object(Config\Paths))
WARNING - 2026-05-13 04:39:50 --> [DEPRECATED] strtotime(): Passing null to parameter #1 ($datetime) of type string is deprecated in APPPATH\Views\Ebook\v_index.php on line 54.
 1 APPPATH\Views\Ebook\v_index.php(54): strtotime(null)
 2 SYSTEMPATH\View\View.php(234): include('C:\\xampp\\htdocs\\si_ekatalog_ci4\\app\\Views\\Ebook\\v_index.php')
 3 SYSTEMPATH\View\View.php(237): CodeIgniter\View\View->CodeIgniter\View\{closure}()
 4 SYSTEMPATH\Common.php(1171): CodeIgniter\View\View->render('ebook/v_index', [], true)
 5 APPPATH\Views\v_template_admin.php(288): view('ebook/v_index')
 6 SYSTEMPATH\View\View.php(234): include('C:\\xampp\\htdocs\\si_ekatalog_ci4\\app\\Views\\v_template_admin.php')
 7 SYSTEMPATH\View\View.php(237): CodeIgniter\View\View->CodeIgniter\View\{closure}()
 8 SYSTEMPATH\Common.php(1171): CodeIgniter\View\View->render('v_template_admin', [], true)
 9 APPPATH\Controllers\Ebook.php(44): view('v_template_admin', [...])
10 SYSTEMPATH\CodeIgniter.php(933): App\Controllers\Ebook->index()
11 SYSTEMPATH\CodeIgniter.php(509): CodeIgniter\CodeIgniter->runController(Object(App\Controllers\Ebook))
12 SYSTEMPATH\CodeIgniter.php(355): CodeIgniter\CodeIgniter->handleRequest(null, Object(Config\Cache), false)
13 SYSTEMPATH\Boot.php(325): CodeIgniter\CodeIgniter->run()
14 SYSTEMPATH\Boot.php(67): CodeIgniter\Boot::runCodeIgniter(Object(CodeIgniter\CodeIgniter))
15 FCPATH\index.php(56): CodeIgniter\Boot::bootWeb(Object(Config\Paths))
WARNING - 2026-05-13 04:39:50 --> [DEPRECATED] strtotime(): Passing null to parameter #1 ($datetime) of type string is deprecated in APPPATH\Views\Ebook\v_index.php on line 54.
 1 APPPATH\Views\Ebook\v_index.php(54): strtotime(null)
 2 SYSTEMPATH\View\View.php(234): include('C:\\xampp\\htdocs\\si_ekatalog_ci4\\app\\Views\\Ebook\\v_index.php')
 3 SYSTEMPATH\View\View.php(237): CodeIgniter\View\View->CodeIgniter\View\{closure}()
 4 SYSTEMPATH\Common.php(1171): CodeIgniter\View\View->render('ebook/v_index', [], true)
 5 APPPATH\Views\v_template_admin.php(288): view('ebook/v_index')
 6 SYSTEMPATH\View\View.php(234): include('C:\\xampp\\htdocs\\si_ekatalog_ci4\\app\\Views\\v_template_admin.php')
 7 SYSTEMPATH\View\View.php(237): CodeIgniter\View\View->CodeIgniter\View\{closure}()
 8 SYSTEMPATH\Common.php(1171): CodeIgniter\View\View->render('v_template_admin', [], true)
 9 APPPATH\Controllers\Ebook.php(44): view('v_template_admin', [...])
10 SYSTEMPATH\CodeIgniter.php(933): App\Controllers\Ebook->index()
11 SYSTEMPATH\CodeIgniter.php(509): CodeIgniter\CodeIgniter->runController(Object(App\Controllers\Ebook))
12 SYSTEMPATH\CodeIgniter.php(355): CodeIgniter\CodeIgniter->handleRequest(null, Object(Config\Cache), false)
13 SYSTEMPATH\Boot.php(325): CodeIgniter\CodeIgniter->run()
14 SYSTEMPATH\Boot.php(67): CodeIgniter\Boot::runCodeIgniter(Object(CodeIgniter\CodeIgniter))
15 FCPATH\index.php(56): CodeIgniter\Boot::bootWeb(Object(Config\Paths))
WARNING - 2026-05-13 04:39:50 --> [DEPRECATED] strtotime(): Passing null to parameter #1 ($datetime) of type string is deprecated in APPPATH\Views\Ebook\v_index.php on line 54.
 1 APPPATH\Views\Ebook\v_index.php(54): strtotime(null)
 2 SYSTEMPATH\View\View.php(234): include('C:\\xampp\\htdocs\\si_ekatalog_ci4\\app\\Views\\Ebook\\v_index.php')
 3 SYSTEMPATH\View\View.php(237): CodeIgniter\View\View->CodeIgniter\View\{closure}()
 4 SYSTEMPATH\Common.php(1171): CodeIgniter\View\View->render('ebook/v_index', [], true)
 5 APPPATH\Views\v_template_admin.php(288): view('ebook/v_index')
 6 SYSTEMPATH\View\View.php(234): include('C:\\xampp\\htdocs\\si_ekatalog_ci4\\app\\Views\\v_template_admin.php')
 7 SYSTEMPATH\View\View.php(237): CodeIgniter\View\View->CodeIgniter\View\{closure}()
 8 SYSTEMPATH\Common.php(1171): CodeIgniter\View\View->render('v_template_admin', [], true)
 9 APPPATH\Controllers\Ebook.php(44): view('v_template_admin', [...])
10 SYSTEMPATH\CodeIgniter.php(933): App\Controllers\Ebook->index()
11 SYSTEMPATH\CodeIgniter.php(509): CodeIgniter\CodeIgniter->runController(Object(App\Controllers\Ebook))
12 SYSTEMPATH\CodeIgniter.php(355): CodeIgniter\CodeIgniter->handleRequest(null, Object(Config\Cache), false)
13 SYSTEMPATH\Boot.php(325): CodeIgniter\CodeIgniter->run()
14 SYSTEMPATH\Boot.php(67): CodeIgniter\Boot::runCodeIgniter(Object(CodeIgniter\CodeIgniter))
15 FCPATH\index.php(56): CodeIgniter\Boot::bootWeb(Object(Config\Paths))
WARNING - 2026-05-13 04:39:50 --> [DEPRECATED] strtotime(): Passing null to parameter #1 ($datetime) of type string is deprecated in APPPATH\Views\Ebook\v_index.php on line 54.
 1 APPPATH\Views\Ebook\v_index.php(54): strtotime(null)
 2 SYSTEMPATH\View\View.php(234): include('C:\\xampp\\htdocs\\si_ekatalog_ci4\\app\\Views\\Ebook\\v_index.php')
 3 SYSTEMPATH\View\View.php(237): CodeIgniter\View\View->CodeIgniter\View\{closure}()
 4 SYSTEMPATH\Common.php(1171): CodeIgniter\View\View->render('ebook/v_index', [], true)
 5 APPPATH\Views\v_template_admin.php(288): view('ebook/v_index')
 6 SYSTEMPATH\View\View.php(234): include('C:\\xampp\\htdocs\\si_ekatalog_ci4\\app\\Views\\v_template_admin.php')
 7 SYSTEMPATH\View\View.php(237): CodeIgniter\View\View->CodeIgniter\View\{closure}()
 8 SYSTEMPATH\Common.php(1171): CodeIgniter\View\View->render('v_template_admin', [], true)
 9 APPPATH\Controllers\Ebook.php(44): view('v_template_admin', [...])
10 SYSTEMPATH\CodeIgniter.php(933): App\Controllers\Ebook->index()
11 SYSTEMPATH\CodeIgniter.php(509): CodeIgniter\CodeIgniter->runController(Object(App\Controllers\Ebook))
12 SYSTEMPATH\CodeIgniter.php(355): CodeIgniter\CodeIgniter->handleRequest(null, Object(Config\Cache), false)
13 SYSTEMPATH\Boot.php(325): CodeIgniter\CodeIgniter->run()
14 SYSTEMPATH\Boot.php(67): CodeIgniter\Boot::runCodeIgniter(Object(CodeIgniter\CodeIgniter))
15 FCPATH\index.php(56): CodeIgniter\Boot::bootWeb(Object(Config\Paths))
WARNING - 2026-05-13 04:39:50 --> [DEPRECATED] strtotime(): Passing null to parameter #1 ($datetime) of type string is deprecated in APPPATH\Views\Ebook\v_index.php on line 54.
 1 APPPATH\Views\Ebook\v_index.php(54): strtotime(null)
 2 SYSTEMPATH\View\View.php(234): include('C:\\xampp\\htdocs\\si_ekatalog_ci4\\app\\Views\\Ebook\\v_index.php')
 3 SYSTEMPATH\View\View.php(237): CodeIgniter\View\View->CodeIgniter\View\{closure}()
 4 SYSTEMPATH\Common.php(1171): CodeIgniter\View\View->render('ebook/v_index', [], true)
 5 APPPATH\Views\v_template_admin.php(288): view('ebook/v_index')
 6 SYSTEMPATH\View\View.php(234): include('C:\\xampp\\htdocs\\si_ekatalog_ci4\\app\\Views\\v_template_admin.php')
 7 SYSTEMPATH\View\View.php(237): CodeIgniter\View\View->CodeIgniter\View\{closure}()
 8 SYSTEMPATH\Common.php(1171): CodeIgniter\View\View->render('v_template_admin', [], true)
 9 APPPATH\Controllers\Ebook.php(44): view('v_template_admin', [...])
10 SYSTEMPATH\CodeIgniter.php(933): App\Controllers\Ebook->index()
11 SYSTEMPATH\CodeIgniter.php(509): CodeIgniter\CodeIgniter->runController(Object(App\Controllers\Ebook))
12 SYSTEMPATH\CodeIgniter.php(355): CodeIgniter\CodeIgniter->handleRequest(null, Object(Config\Cache), false)
13 SYSTEMPATH\Boot.php(325): CodeIgniter\CodeIgniter->run()
14 SYSTEMPATH\Boot.php(67): CodeIgniter\Boot::runCodeIgniter(Object(CodeIgniter\CodeIgniter))
15 FCPATH\index.php(56): CodeIgniter\Boot::bootWeb(Object(Config\Paths))
WARNING - 2026-05-13 04:39:50 --> [DEPRECATED] strtotime(): Passing null to parameter #1 ($datetime) of type string is deprecated in APPPATH\Views\Ebook\v_index.php on line 54.
 1 APPPATH\Views\Ebook\v_index.php(54): strtotime(null)
 2 SYSTEMPATH\View\View.php(234): include('C:\\xampp\\htdocs\\si_ekatalog_ci4\\app\\Views\\Ebook\\v_index.php')
 3 SYSTEMPATH\View\View.php(237): CodeIgniter\View\View->CodeIgniter\View\{closure}()
 4 SYSTEMPATH\Common.php(1171): CodeIgniter\View\View->render('ebook/v_index', [], true)
 5 APPPATH\Views\v_template_admin.php(288): view('ebook/v_index')
 6 SYSTEMPATH\View\View.php(234): include('C:\\xampp\\htdocs\\si_ekatalog_ci4\\app\\Views\\v_template_admin.php')
 7 SYSTEMPATH\View\View.php(237): CodeIgniter\View\View->CodeIgniter\View\{closure}()
 8 SYSTEMPATH\Common.php(1171): CodeIgniter\View\View->render('v_template_admin', [], true)
 9 APPPATH\Controllers\Ebook.php(44): view('v_template_admin', [...])
10 SYSTEMPATH\CodeIgniter.php(933): App\Controllers\Ebook->index()
11 SYSTEMPATH\CodeIgniter.php(509): CodeIgniter\CodeIgniter->runController(Object(App\Controllers\Ebook))
12 SYSTEMPATH\CodeIgniter.php(355): CodeIgniter\CodeIgniter->handleRequest(null, Object(Config\Cache), false)
13 SYSTEMPATH\Boot.php(325): CodeIgniter\CodeIgniter->run()
14 SYSTEMPATH\Boot.php(67): CodeIgniter\Boot::runCodeIgniter(Object(CodeIgniter\CodeIgniter))
15 FCPATH\index.php(56): CodeIgniter\Boot::bootWeb(Object(Config\Paths))
WARNING - 2026-05-13 04:39:50 --> [DEPRECATED] strtotime(): Passing null to parameter #1 ($datetime) of type string is deprecated in APPPATH\Views\Ebook\v_index.php on line 54.
 1 APPPATH\Views\Ebook\v_index.php(54): strtotime(null)
 2 SYSTEMPATH\View\View.php(234): include('C:\\xampp\\htdocs\\si_ekatalog_ci4\\app\\Views\\Ebook\\v_index.php')
 3 SYSTEMPATH\View\View.php(237): CodeIgniter\View\View->CodeIgniter\View\{closure}()
 4 SYSTEMPATH\Common.php(1171): CodeIgniter\View\View->render('ebook/v_index', [], true)
 5 APPPATH\Views\v_template_admin.php(288): view('ebook/v_index')
 6 SYSTEMPATH\View\View.php(234): include('C:\\xampp\\htdocs\\si_ekatalog_ci4\\app\\Views\\v_template_admin.php')
 7 SYSTEMPATH\View\View.php(237): CodeIgniter\View\View->CodeIgniter\View\{closure}()
 8 SYSTEMPATH\Common.php(1171): CodeIgniter\View\View->render('v_template_admin', [], true)
 9 APPPATH\Controllers\Ebook.php(44): view('v_template_admin', [...])
10 SYSTEMPATH\CodeIgniter.php(933): App\Controllers\Ebook->index()
11 SYSTEMPATH\CodeIgniter.php(509): CodeIgniter\CodeIgniter->runController(Object(App\Controllers\Ebook))
12 SYSTEMPATH\CodeIgniter.php(355): CodeIgniter\CodeIgniter->handleRequest(null, Object(Config\Cache), false)
13 SYSTEMPATH\Boot.php(325): CodeIgniter\CodeIgniter->run()
14 SYSTEMPATH\Boot.php(67): CodeIgniter\Boot::runCodeIgniter(Object(CodeIgniter\CodeIgniter))
15 FCPATH\index.php(56): CodeIgniter\Boot::bootWeb(Object(Config\Paths))
WARNING - 2026-05-13 04:39:50 --> [DEPRECATED] strtotime(): Passing null to parameter #1 ($datetime) of type string is deprecated in APPPATH\Views\Ebook\v_index.php on line 54.
 1 APPPATH\Views\Ebook\v_index.php(54): strtotime(null)
 2 SYSTEMPATH\View\View.php(234): include('C:\\xampp\\htdocs\\si_ekatalog_ci4\\app\\Views\\Ebook\\v_index.php')
 3 SYSTEMPATH\View\View.php(237): CodeIgniter\View\View->CodeIgniter\View\{closure}()
 4 SYSTEMPATH\Common.php(1171): CodeIgniter\View\View->render('ebook/v_index', [], true)
 5 APPPATH\Views\v_template_admin.php(288): view('ebook/v_index')
 6 SYSTEMPATH\View\View.php(234): include('C:\\xampp\\htdocs\\si_ekatalog_ci4\\app\\Views\\v_template_admin.php')
 7 SYSTEMPATH\View\View.php(237): CodeIgniter\View\View->CodeIgniter\View\{closure}()
 8 SYSTEMPATH\Common.php(1171): CodeIgniter\View\View->render('v_template_admin', [], true)
 9 APPPATH\Controllers\Ebook.php(44): view('v_template_admin', [...])
10 SYSTEMPATH\CodeIgniter.php(933): App\Controllers\Ebook->index()
11 SYSTEMPATH\CodeIgniter.php(509): CodeIgniter\CodeIgniter->runController(Object(App\Controllers\Ebook))
12 SYSTEMPATH\CodeIgniter.php(355): CodeIgniter\CodeIgniter->handleRequest(null, Object(Config\Cache), false)
13 SYSTEMPATH\Boot.php(325): CodeIgniter\CodeIgniter->run()
14 SYSTEMPATH\Boot.php(67): CodeIgniter\Boot::runCodeIgniter(Object(CodeIgniter\CodeIgniter))
15 FCPATH\index.php(56): CodeIgniter\Boot::bootWeb(Object(Config\Paths))
WARNING - 2026-05-13 04:39:50 --> [DEPRECATED] strtotime(): Passing null to parameter #1 ($datetime) of type string is deprecated in APPPATH\Views\Ebook\v_index.php on line 54.
 1 APPPATH\Views\Ebook\v_index.php(54): strtotime(null)
 2 SYSTEMPATH\View\View.php(234): include('C:\\xampp\\htdocs\\si_ekatalog_ci4\\app\\Views\\Ebook\\v_index.php')
 3 SYSTEMPATH\View\View.php(237): CodeIgniter\View\View->CodeIgniter\View\{closure}()
 4 SYSTEMPATH\Common.php(1171): CodeIgniter\View\View->render('ebook/v_index', [], true)
 5 APPPATH\Views\v_template_admin.php(288): view('ebook/v_index')
 6 SYSTEMPATH\View\View.php(234): include('C:\\xampp\\htdocs\\si_ekatalog_ci4\\app\\Views\\v_template_admin.php')
 7 SYSTEMPATH\View\View.php(237): CodeIgniter\View\View->CodeIgniter\View\{closure}()
 8 SYSTEMPATH\Common.php(1171): CodeIgniter\View\View->render('v_template_admin', [], true)
 9 APPPATH\Controllers\Ebook.php(44): view('v_template_admin', [...])
10 SYSTEMPATH\CodeIgniter.php(933): App\Controllers\Ebook->index()
11 SYSTEMPATH\CodeIgniter.php(509): CodeIgniter\CodeIgniter->runController(Object(App\Controllers\Ebook))
12 SYSTEMPATH\CodeIgniter.php(355): CodeIgniter\CodeIgniter->handleRequest(null, Object(Config\Cache), false)
13 SYSTEMPATH\Boot.php(325): CodeIgniter\CodeIgniter->run()
14 SYSTEMPATH\Boot.php(67): CodeIgniter\Boot::runCodeIgniter(Object(CodeIgniter\CodeIgniter))
15 FCPATH\index.php(56): CodeIgniter\Boot::bootWeb(Object(Config\Paths))
WARNING - 2026-05-13 04:39:50 --> [DEPRECATED] strtotime(): Passing null to parameter #1 ($datetime) of type string is deprecated in APPPATH\Views\Ebook\v_index.php on line 54.
 1 APPPATH\Views\Ebook\v_index.php(54): strtotime(null)
 2 SYSTEMPATH\View\View.php(234): include('C:\\xampp\\htdocs\\si_ekatalog_ci4\\app\\Views\\Ebook\\v_index.php')
 3 SYSTEMPATH\View\View.php(237): CodeIgniter\View\View->CodeIgniter\View\{closure}()
 4 SYSTEMPATH\Common.php(1171): CodeIgniter\View\View->render('ebook/v_index', [], true)
 5 APPPATH\Views\v_template_admin.php(288): view('ebook/v_index')
 6 SYSTEMPATH\View\View.php(234): include('C:\\xampp\\htdocs\\si_ekatalog_ci4\\app\\Views\\v_template_admin.php')
 7 SYSTEMPATH\View\View.php(237): CodeIgniter\View\View->CodeIgniter\View\{closure}()
 8 SYSTEMPATH\Common.php(1171): CodeIgniter\View\View->render('v_template_admin', [], true)
 9 APPPATH\Controllers\Ebook.php(44): view('v_template_admin', [...])
10 SYSTEMPATH\CodeIgniter.php(933): App\Controllers\Ebook->index()
11 SYSTEMPATH\CodeIgniter.php(509): CodeIgniter\CodeIgniter->runController(Object(App\Controllers\Ebook))
12 SYSTEMPATH\CodeIgniter.php(355): CodeIgniter\CodeIgniter->handleRequest(null, Object(Config\Cache), false)
13 SYSTEMPATH\Boot.php(325): CodeIgniter\CodeIgniter->run()
14 SYSTEMPATH\Boot.php(67): CodeIgniter\Boot::runCodeIgniter(Object(CodeIgniter\CodeIgniter))
15 FCPATH\index.php(56): CodeIgniter\Boot::bootWeb(Object(Config\Paths))
WARNING - 2026-05-13 04:39:50 --> [DEPRECATED] strtotime(): Passing null to parameter #1 ($datetime) of type string is deprecated in APPPATH\Views\Ebook\v_index.php on line 54.
 1 APPPATH\Views\Ebook\v_index.php(54): strtotime(null)
 2 SYSTEMPATH\View\View.php(234): include('C:\\xampp\\htdocs\\si_ekatalog_ci4\\app\\Views\\Ebook\\v_index.php')
 3 SYSTEMPATH\View\View.php(237): CodeIgniter\View\View->CodeIgniter\View\{closure}()
 4 SYSTEMPATH\Common.php(1171): CodeIgniter\View\View->render('ebook/v_index', [], true)
 5 APPPATH\Views\v_template_admin.php(288): view('ebook/v_index')
 6 SYSTEMPATH\View\View.php(234): include('C:\\xampp\\htdocs\\si_ekatalog_ci4\\app\\Views\\v_template_admin.php')
 7 SYSTEMPATH\View\View.php(237): CodeIgniter\View\View->CodeIgniter\View\{closure}()
 8 SYSTEMPATH\Common.php(1171): CodeIgniter\View\View->render('v_template_admin', [], true)
 9 APPPATH\Controllers\Ebook.php(44): view('v_template_admin', [...])
10 SYSTEMPATH\CodeIgniter.php(933): App\Controllers\Ebook->index()
11 SYSTEMPATH\CodeIgniter.php(509): CodeIgniter\CodeIgniter->runController(Object(App\Controllers\Ebook))
12 SYSTEMPATH\CodeIgniter.php(355): CodeIgniter\CodeIgniter->handleRequest(null, Object(Config\Cache), false)
13 SYSTEMPATH\Boot.php(325): CodeIgniter\CodeIgniter->run()
14 SYSTEMPATH\Boot.php(67): CodeIgniter\Boot::runCodeIgniter(Object(CodeIgniter\CodeIgniter))
15 FCPATH\index.php(56): CodeIgniter\Boot::bootWeb(Object(Config\Paths))
WARNING - 2026-05-13 04:39:50 --> [DEPRECATED] strtotime(): Passing null to parameter #1 ($datetime) of type string is deprecated in APPPATH\Views\Ebook\v_index.php on line 54.
 1 APPPATH\Views\Ebook\v_index.php(54): strtotime(null)
 2 SYSTEMPATH\View\View.php(234): include('C:\\xampp\\htdocs\\si_ekatalog_ci4\\app\\Views\\Ebook\\v_index.php')
 3 SYSTEMPATH\View\View.php(237): CodeIgniter\View\View->CodeIgniter\View\{closure}()
 4 SYSTEMPATH\Common.php(1171): CodeIgniter\View\View->render('ebook/v_index', [], true)
 5 APPPATH\Views\v_template_admin.php(288): view('ebook/v_index')
 6 SYSTEMPATH\View\View.php(234): include('C:\\xampp\\htdocs\\si_ekatalog_ci4\\app\\Views\\v_template_admin.php')
 7 SYSTEMPATH\View\View.php(237): CodeIgniter\View\View->CodeIgniter\View\{closure}()
 8 SYSTEMPATH\Common.php(1171): CodeIgniter\View\View->render('v_template_admin', [], true)
 9 APPPATH\Controllers\Ebook.php(44): view('v_template_admin', [...])
10 SYSTEMPATH\CodeIgniter.php(933): App\Controllers\Ebook->index()
11 SYSTEMPATH\CodeIgniter.php(509): CodeIgniter\CodeIgniter->runController(Object(App\Controllers\Ebook))
12 SYSTEMPATH\CodeIgniter.php(355): CodeIgniter\CodeIgniter->handleRequest(null, Object(Config\Cache), false)
13 SYSTEMPATH\Boot.php(325): CodeIgniter\CodeIgniter->run()
14 SYSTEMPATH\Boot.php(67): CodeIgniter\Boot::runCodeIgniter(Object(CodeIgniter\CodeIgniter))
15 FCPATH\index.php(56): CodeIgniter\Boot::bootWeb(Object(Config\Paths))
WARNING - 2026-05-13 04:39:50 --> [DEPRECATED] strtotime(): Passing null to parameter #1 ($datetime) of type string is deprecated in APPPATH\Views\Ebook\v_index.php on line 54.
 1 APPPATH\Views\Ebook\v_index.php(54): strtotime(null)
 2 SYSTEMPATH\View\View.php(234): include('C:\\xampp\\htdocs\\si_ekatalog_ci4\\app\\Views\\Ebook\\v_index.php')
 3 SYSTEMPATH\View\View.php(237): CodeIgniter\View\View->CodeIgniter\View\{closure}()
 4 SYSTEMPATH\Common.php(1171): CodeIgniter\View\View->render('ebook/v_index', [], true)
 5 APPPATH\Views\v_template_admin.php(288): view('ebook/v_index')
 6 SYSTEMPATH\View\View.php(234): include('C:\\xampp\\htdocs\\si_ekatalog_ci4\\app\\Views\\v_template_admin.php')
 7 SYSTEMPATH\View\View.php(237): CodeIgniter\View\View->CodeIgniter\View\{closure}()
 8 SYSTEMPATH\Common.php(1171): CodeIgniter\View\View->render('v_template_admin', [], true)
 9 APPPATH\Controllers\Ebook.php(44): view('v_template_admin', [...])
10 SYSTEMPATH\CodeIgniter.php(933): App\Controllers\Ebook->index()
11 SYSTEMPATH\CodeIgniter.php(509): CodeIgniter\CodeIgniter->runController(Object(App\Controllers\Ebook))
12 SYSTEMPATH\CodeIgniter.php(355): CodeIgniter\CodeIgniter->handleRequest(null, Object(Config\Cache), false)
13 SYSTEMPATH\Boot.php(325): CodeIgniter\CodeIgniter->run()
14 SYSTEMPATH\Boot.php(67): CodeIgniter\Boot::runCodeIgniter(Object(CodeIgniter\CodeIgniter))
15 FCPATH\index.php(56): CodeIgniter\Boot::bootWeb(Object(Config\Paths))
WARNING - 2026-05-13 04:39:50 --> [DEPRECATED] strtotime(): Passing null to parameter #1 ($datetime) of type string is deprecated in APPPATH\Views\Ebook\v_index.php on line 54.
 1 APPPATH\Views\Ebook\v_index.php(54): strtotime(null)
 2 SYSTEMPATH\View\View.php(234): include('C:\\xampp\\htdocs\\si_ekatalog_ci4\\app\\Views\\Ebook\\v_index.php')
 3 SYSTEMPATH\View\View.php(237): CodeIgniter\View\View->CodeIgniter\View\{closure}()
 4 SYSTEMPATH\Common.php(1171): CodeIgniter\View\View->render('ebook/v_index', [], true)
 5 APPPATH\Views\v_template_admin.php(288): view('ebook/v_index')
 6 SYSTEMPATH\View\View.php(234): include('C:\\xampp\\htdocs\\si_ekatalog_ci4\\app\\Views\\v_template_admin.php')
 7 SYSTEMPATH\View\View.php(237): CodeIgniter\View\View->CodeIgniter\View\{closure}()
 8 SYSTEMPATH\Common.php(1171): CodeIgniter\View\View->render('v_template_admin', [], true)
 9 APPPATH\Controllers\Ebook.php(44): view('v_template_admin', [...])
10 SYSTEMPATH\CodeIgniter.php(933): App\Controllers\Ebook->index()
11 SYSTEMPATH\CodeIgniter.php(509): CodeIgniter\CodeIgniter->runController(Object(App\Controllers\Ebook))
12 SYSTEMPATH\CodeIgniter.php(355): CodeIgniter\CodeIgniter->handleRequest(null, Object(Config\Cache), false)
13 SYSTEMPATH\Boot.php(325): CodeIgniter\CodeIgniter->run()
14 SYSTEMPATH\Boot.php(67): CodeIgniter\Boot::runCodeIgniter(Object(CodeIgniter\CodeIgniter))
15 FCPATH\index.php(56): CodeIgniter\Boot::bootWeb(Object(Config\Paths))
WARNING - 2026-05-13 04:39:50 --> [DEPRECATED] strtotime(): Passing null to parameter #1 ($datetime) of type string is deprecated in APPPATH\Views\Ebook\v_index.php on line 54.
 1 APPPATH\Views\Ebook\v_index.php(54): strtotime(null)
 2 SYSTEMPATH\View\View.php(234): include('C:\\xampp\\htdocs\\si_ekatalog_ci4\\app\\Views\\Ebook\\v_index.php')
 3 SYSTEMPATH\View\View.php(237): CodeIgniter\View\View->CodeIgniter\View\{closure}()
 4 SYSTEMPATH\Common.php(1171): CodeIgniter\View\View->render('ebook/v_index', [], true)
 5 APPPATH\Views\v_template_admin.php(288): view('ebook/v_index')
 6 SYSTEMPATH\View\View.php(234): include('C:\\xampp\\htdocs\\si_ekatalog_ci4\\app\\Views\\v_template_admin.php')
 7 SYSTEMPATH\View\View.php(237): CodeIgniter\View\View->CodeIgniter\View\{closure}()
 8 SYSTEMPATH\Common.php(1171): CodeIgniter\View\View->render('v_template_admin', [], true)
 9 APPPATH\Controllers\Ebook.php(44): view('v_template_admin', [...])
10 SYSTEMPATH\CodeIgniter.php(933): App\Controllers\Ebook->index()
11 SYSTEMPATH\CodeIgniter.php(509): CodeIgniter\CodeIgniter->runController(Object(App\Controllers\Ebook))
12 SYSTEMPATH\CodeIgniter.php(355): CodeIgniter\CodeIgniter->handleRequest(null, Object(Config\Cache), false)
13 SYSTEMPATH\Boot.php(325): CodeIgniter\CodeIgniter->run()
14 SYSTEMPATH\Boot.php(67): CodeIgniter\Boot::runCodeIgniter(Object(CodeIgniter\CodeIgniter))
15 FCPATH\index.php(56): CodeIgniter\Boot::bootWeb(Object(Config\Paths))
WARNING - 2026-05-13 04:39:50 --> [DEPRECATED] strtotime(): Passing null to parameter #1 ($datetime) of type string is deprecated in APPPATH\Views\Ebook\v_index.php on line 54.
 1 APPPATH\Views\Ebook\v_index.php(54): strtotime(null)
 2 SYSTEMPATH\View\View.php(234): include('C:\\xampp\\htdocs\\si_ekatalog_ci4\\app\\Views\\Ebook\\v_index.php')
 3 SYSTEMPATH\View\View.php(237): CodeIgniter\View\View->CodeIgniter\View\{closure}()
 4 SYSTEMPATH\Common.php(1171): CodeIgniter\View\View->render('ebook/v_index', [], true)
 5 APPPATH\Views\v_template_admin.php(288): view('ebook/v_index')
 6 SYSTEMPATH\View\View.php(234): include('C:\\xampp\\htdocs\\si_ekatalog_ci4\\app\\Views\\v_template_admin.php')
 7 SYSTEMPATH\View\View.php(237): CodeIgniter\View\View->CodeIgniter\View\{closure}()
 8 SYSTEMPATH\Common.php(1171): CodeIgniter\View\View->render('v_template_admin', [], true)
 9 APPPATH\Controllers\Ebook.php(44): view('v_template_admin', [...])
10 SYSTEMPATH\CodeIgniter.php(933): App\Controllers\Ebook->index()
11 SYSTEMPATH\CodeIgniter.php(509): CodeIgniter\CodeIgniter->runController(Object(App\Controllers\Ebook))
12 SYSTEMPATH\CodeIgniter.php(355): CodeIgniter\CodeIgniter->handleRequest(null, Object(Config\Cache), false)
13 SYSTEMPATH\Boot.php(325): CodeIgniter\CodeIgniter->run()
14 SYSTEMPATH\Boot.php(67): CodeIgniter\Boot::runCodeIgniter(Object(CodeIgniter\CodeIgniter))
15 FCPATH\index.php(56): CodeIgniter\Boot::bootWeb(Object(Config\Paths))
WARNING - 2026-05-13 04:39:50 --> [DEPRECATED] strtotime(): Passing null to parameter #1 ($datetime) of type string is deprecated in APPPATH\Views\Ebook\v_index.php on line 54.
 1 APPPATH\Views\Ebook\v_index.php(54): strtotime(null)
 2 SYSTEMPATH\View\View.php(234): include('C:\\xampp\\htdocs\\si_ekatalog_ci4\\app\\Views\\Ebook\\v_index.php')
 3 SYSTEMPATH\View\View.php(237): CodeIgniter\View\View->CodeIgniter\View\{closure}()
 4 SYSTEMPATH\Common.php(1171): CodeIgniter\View\View->render('ebook/v_index', [], true)
 5 APPPATH\Views\v_template_admin.php(288): view('ebook/v_index')
 6 SYSTEMPATH\View\View.php(234): include('C:\\xampp\\htdocs\\si_ekatalog_ci4\\app\\Views\\v_template_admin.php')
 7 SYSTEMPATH\View\View.php(237): CodeIgniter\View\View->CodeIgniter\View\{closure}()
 8 SYSTEMPATH\Common.php(1171): CodeIgniter\View\View->render('v_template_admin', [], true)
 9 APPPATH\Controllers\Ebook.php(44): view('v_template_admin', [...])
10 SYSTEMPATH\CodeIgniter.php(933): App\Controllers\Ebook->index()
11 SYSTEMPATH\CodeIgniter.php(509): CodeIgniter\CodeIgniter->runController(Object(App\Controllers\Ebook))
12 SYSTEMPATH\CodeIgniter.php(355): CodeIgniter\CodeIgniter->handleRequest(null, Object(Config\Cache), false)
13 SYSTEMPATH\Boot.php(325): CodeIgniter\CodeIgniter->run()
14 SYSTEMPATH\Boot.php(67): CodeIgniter\Boot::runCodeIgniter(Object(CodeIgniter\CodeIgniter))
15 FCPATH\index.php(56): CodeIgniter\Boot::bootWeb(Object(Config\Paths))
WARNING - 2026-05-13 04:39:50 --> [DEPRECATED] strtotime(): Passing null to parameter #1 ($datetime) of type string is deprecated in APPPATH\Views\Ebook\v_index.php on line 54.
 1 APPPATH\Views\Ebook\v_index.php(54): strtotime(null)
 2 SYSTEMPATH\View\View.php(234): include('C:\\xampp\\htdocs\\si_ekatalog_ci4\\app\\Views\\Ebook\\v_index.php')
 3 SYSTEMPATH\View\View.php(237): CodeIgniter\View\View->CodeIgniter\View\{closure}()
 4 SYSTEMPATH\Common.php(1171): CodeIgniter\View\View->render('ebook/v_index', [], true)
 5 APPPATH\Views\v_template_admin.php(288): view('ebook/v_index')
 6 SYSTEMPATH\View\View.php(234): include('C:\\xampp\\htdocs\\si_ekatalog_ci4\\app\\Views\\v_template_admin.php')
 7 SYSTEMPATH\View\View.php(237): CodeIgniter\View\View->CodeIgniter\View\{closure}()
 8 SYSTEMPATH\Common.php(1171): CodeIgniter\View\View->render('v_template_admin', [], true)
 9 APPPATH\Controllers\Ebook.php(44): view('v_template_admin', [...])
10 SYSTEMPATH\CodeIgniter.php(933): App\Controllers\Ebook->index()
11 SYSTEMPATH\CodeIgniter.php(509): CodeIgniter\CodeIgniter->runController(Object(App\Controllers\Ebook))
12 SYSTEMPATH\CodeIgniter.php(355): CodeIgniter\CodeIgniter->handleRequest(null, Object(Config\Cache), false)
13 SYSTEMPATH\Boot.php(325): CodeIgniter\CodeIgniter->run()
14 SYSTEMPATH\Boot.php(67): CodeIgniter\Boot::runCodeIgniter(Object(CodeIgniter\CodeIgniter))
15 FCPATH\index.php(56): CodeIgniter\Boot::bootWeb(Object(Config\Paths))
INFO - 2026-05-13 04:39:59 --> Session: Class initialized using 'CodeIgniter\Session\Handlers\FileHandler' driver.
INFO - 2026-05-13 04:40:02 --> Session: Class initialized using 'CodeIgniter\Session\Handlers\FileHandler' driver.
INFO - 2026-05-13 04:41:53 --> Session: Class initialized using 'CodeIgniter\Session\Handlers\FileHandler' driver.
INFO - 2026-05-13 04:41:55 --> Session: Class initialized using 'CodeIgniter\Session\Handlers\FileHandler' driver.
WARNING - 2026-05-13 04:41:55 --> [DEPRECATED] strtotime(): Passing null to parameter #1 ($datetime) of type string is deprecated in APPPATH\Views\Ebook\v_index.php on line 83.
 1 APPPATH\Views\Ebook\v_index.php(83): strtotime(null)
 2 SYSTEMPATH\View\View.php(234): include('C:\\xampp\\htdocs\\si_ekatalog_ci4\\app\\Views\\Ebook\\v_index.php')
 3 SYSTEMPATH\View\View.php(237): CodeIgniter\View\View->CodeIgniter\View\{closure}()
 4 SYSTEMPATH\Common.php(1171): CodeIgniter\View\View->render('ebook/v_index', [], true)
 5 APPPATH\Views\v_template_admin.php(288): view('ebook/v_index')
 6 SYSTEMPATH\View\View.php(234): include('C:\\xampp\\htdocs\\si_ekatalog_ci4\\app\\Views\\v_template_admin.php')
 7 SYSTEMPATH\View\View.php(237): CodeIgniter\View\View->CodeIgniter\View\{closure}()
 8 SYSTEMPATH\Common.php(1171): CodeIgniter\View\View->render('v_template_admin', [], true)
 9 APPPATH\Controllers\Ebook.php(44): view('v_template_admin', [...])
10 SYSTEMPATH\CodeIgniter.php(933): App\Controllers\Ebook->index()
11 SYSTEMPATH\CodeIgniter.php(509): CodeIgniter\CodeIgniter->runController(Object(App\Controllers\Ebook))
12 SYSTEMPATH\CodeIgniter.php(355): CodeIgniter\CodeIgniter->handleRequest(null, Object(Config\Cache), false)
13 SYSTEMPATH\Boot.php(325): CodeIgniter\CodeIgniter->run()
14 SYSTEMPATH\Boot.php(67): CodeIgniter\Boot::runCodeIgniter(Object(CodeIgniter\CodeIgniter))
15 FCPATH\index.php(56): CodeIgniter\Boot::bootWeb(Object(Config\Paths))
WARNING - 2026-05-13 04:41:55 --> [DEPRECATED] strtotime(): Passing null to parameter #1 ($datetime) of type string is deprecated in APPPATH\Views\Ebook\v_index.php on line 83.
 1 APPPATH\Views\Ebook\v_index.php(83): strtotime(null)
 2 SYSTEMPATH\View\View.php(234): include('C:\\xampp\\htdocs\\si_ekatalog_ci4\\app\\Views\\Ebook\\v_index.php')
 3 SYSTEMPATH\View\View.php(237): CodeIgniter\View\View->CodeIgniter\View\{closure}()
 4 SYSTEMPATH\Common.php(1171): CodeIgniter\View\View->render('ebook/v_index', [], true)
 5 APPPATH\Views\v_template_admin.php(288): view('ebook/v_index')
 6 SYSTEMPATH\View\View.php(234): include('C:\\xampp\\htdocs\\si_ekatalog_ci4\\app\\Views\\v_template_admin.php')
 7 SYSTEMPATH\View\View.php(237): CodeIgniter\View\View->CodeIgniter\View\{closure}()
 8 SYSTEMPATH\Common.php(1171): CodeIgniter\View\View->render('v_template_admin', [], true)
 9 APPPATH\Controllers\Ebook.php(44): view('v_template_admin', [...])
10 SYSTEMPATH\CodeIgniter.php(933): App\Controllers\Ebook->index()
11 SYSTEMPATH\CodeIgniter.php(509): CodeIgniter\CodeIgniter->runController(Object(App\Controllers\Ebook))
12 SYSTEMPATH\CodeIgniter.php(355): CodeIgniter\CodeIgniter->handleRequest(null, Object(Config\Cache), false)
13 SYSTEMPATH\Boot.php(325): CodeIgniter\CodeIgniter->run()
14 SYSTEMPATH\Boot.php(67): CodeIgniter\Boot::runCodeIgniter(Object(CodeIgniter\CodeIgniter))
15 FCPATH\index.php(56): CodeIgniter\Boot::bootWeb(Object(Config\Paths))
WARNING - 2026-05-13 04:41:55 --> [DEPRECATED] strtotime(): Passing null to parameter #1 ($datetime) of type string is deprecated in APPPATH\Views\Ebook\v_index.php on line 83.
 1 APPPATH\Views\Ebook\v_index.php(83): strtotime(null)
 2 SYSTEMPATH\View\View.php(234): include('C:\\xampp\\htdocs\\si_ekatalog_ci4\\app\\Views\\Ebook\\v_index.php')
 3 SYSTEMPATH\View\View.php(237): CodeIgniter\View\View->CodeIgniter\View\{closure}()
 4 SYSTEMPATH\Common.php(1171): CodeIgniter\View\View->render('ebook/v_index', [], true)
 5 APPPATH\Views\v_template_admin.php(288): view('ebook/v_index')
 6 SYSTEMPATH\View\View.php(234): include('C:\\xampp\\htdocs\\si_ekatalog_ci4\\app\\Views\\v_template_admin.php')
 7 SYSTEMPATH\View\View.php(237): CodeIgniter\View\View->CodeIgniter\View\{closure}()
 8 SYSTEMPATH\Common.php(1171): CodeIgniter\View\View->render('v_template_admin', [], true)
 9 APPPATH\Controllers\Ebook.php(44): view('v_template_admin', [...])
10 SYSTEMPATH\CodeIgniter.php(933): App\Controllers\Ebook->index()
11 SYSTEMPATH\CodeIgniter.php(509): CodeIgniter\CodeIgniter->runController(Object(App\Controllers\Ebook))
12 SYSTEMPATH\CodeIgniter.php(355): CodeIgniter\CodeIgniter->handleRequest(null, Object(Config\Cache), false)
13 SYSTEMPATH\Boot.php(325): CodeIgniter\CodeIgniter->run()
14 SYSTEMPATH\Boot.php(67): CodeIgniter\Boot::runCodeIgniter(Object(CodeIgniter\CodeIgniter))
15 FCPATH\index.php(56): CodeIgniter\Boot::bootWeb(Object(Config\Paths))
WARNING - 2026-05-13 04:41:55 --> [DEPRECATED] strtotime(): Passing null to parameter #1 ($datetime) of type string is deprecated in APPPATH\Views\Ebook\v_index.php on line 83.
 1 APPPATH\Views\Ebook\v_index.php(83): strtotime(null)
 2 SYSTEMPATH\View\View.php(234): include('C:\\xampp\\htdocs\\si_ekatalog_ci4\\app\\Views\\Ebook\\v_index.php')
 3 SYSTEMPATH\View\View.php(237): CodeIgniter\View\View->CodeIgniter\View\{closure}()
 4 SYSTEMPATH\Common.php(1171): CodeIgniter\View\View->render('ebook/v_index', [], true)
 5 APPPATH\Views\v_template_admin.php(288): view('ebook/v_index')
 6 SYSTEMPATH\View\View.php(234): include('C:\\xampp\\htdocs\\si_ekatalog_ci4\\app\\Views\\v_template_admin.php')
 7 SYSTEMPATH\View\View.php(237): CodeIgniter\View\View->CodeIgniter\View\{closure}()
 8 SYSTEMPATH\Common.php(1171): CodeIgniter\View\View->render('v_template_admin', [], true)
 9 APPPATH\Controllers\Ebook.php(44): view('v_template_admin', [...])
10 SYSTEMPATH\CodeIgniter.php(933): App\Controllers\Ebook->index()
11 SYSTEMPATH\CodeIgniter.php(509): CodeIgniter\CodeIgniter->runController(Object(App\Controllers\Ebook))
12 SYSTEMPATH\CodeIgniter.php(355): CodeIgniter\CodeIgniter->handleRequest(null, Object(Config\Cache), false)
13 SYSTEMPATH\Boot.php(325): CodeIgniter\CodeIgniter->run()
14 SYSTEMPATH\Boot.php(67): CodeIgniter\Boot::runCodeIgniter(Object(CodeIgniter\CodeIgniter))
15 FCPATH\index.php(56): CodeIgniter\Boot::bootWeb(Object(Config\Paths))
WARNING - 2026-05-13 04:41:55 --> [DEPRECATED] strtotime(): Passing null to parameter #1 ($datetime) of type string is deprecated in APPPATH\Views\Ebook\v_index.php on line 83.
 1 APPPATH\Views\Ebook\v_index.php(83): strtotime(null)
 2 SYSTEMPATH\View\View.php(234): include('C:\\xampp\\htdocs\\si_ekatalog_ci4\\app\\Views\\Ebook\\v_index.php')
 3 SYSTEMPATH\View\View.php(237): CodeIgniter\View\View->CodeIgniter\View\{closure}()
 4 SYSTEMPATH\Common.php(1171): CodeIgniter\View\View->render('ebook/v_index', [], true)
 5 APPPATH\Views\v_template_admin.php(288): view('ebook/v_index')
 6 SYSTEMPATH\View\View.php(234): include('C:\\xampp\\htdocs\\si_ekatalog_ci4\\app\\Views\\v_template_admin.php')
 7 SYSTEMPATH\View\View.php(237): CodeIgniter\View\View->CodeIgniter\View\{closure}()
 8 SYSTEMPATH\Common.php(1171): CodeIgniter\View\View->render('v_template_admin', [], true)
 9 APPPATH\Controllers\Ebook.php(44): view('v_template_admin', [...])
10 SYSTEMPATH\CodeIgniter.php(933): App\Controllers\Ebook->index()
11 SYSTEMPATH\CodeIgniter.php(509): CodeIgniter\CodeIgniter->runController(Object(App\Controllers\Ebook))
12 SYSTEMPATH\CodeIgniter.php(355): CodeIgniter\CodeIgniter->handleRequest(null, Object(Config\Cache), false)
13 SYSTEMPATH\Boot.php(325): CodeIgniter\CodeIgniter->run()
14 SYSTEMPATH\Boot.php(67): CodeIgniter\Boot::runCodeIgniter(Object(CodeIgniter\CodeIgniter))
15 FCPATH\index.php(56): CodeIgniter\Boot::bootWeb(Object(Config\Paths))
WARNING - 2026-05-13 04:41:55 --> [DEPRECATED] strtotime(): Passing null to parameter #1 ($datetime) of type string is deprecated in APPPATH\Views\Ebook\v_index.php on line 83.
 1 APPPATH\Views\Ebook\v_index.php(83): strtotime(null)
 2 SYSTEMPATH\View\View.php(234): include('C:\\xampp\\htdocs\\si_ekatalog_ci4\\app\\Views\\Ebook\\v_index.php')
 3 SYSTEMPATH\View\View.php(237): CodeIgniter\View\View->CodeIgniter\View\{closure}()
 4 SYSTEMPATH\Common.php(1171): CodeIgniter\View\View->render('ebook/v_index', [], true)
 5 APPPATH\Views\v_template_admin.php(288): view('ebook/v_index')
 6 SYSTEMPATH\View\View.php(234): include('C:\\xampp\\htdocs\\si_ekatalog_ci4\\app\\Views\\v_template_admin.php')
 7 SYSTEMPATH\View\View.php(237): CodeIgniter\View\View->CodeIgniter\View\{closure}()
 8 SYSTEMPATH\Common.php(1171): CodeIgniter\View\View->render('v_template_admin', [], true)
 9 APPPATH\Controllers\Ebook.php(44): view('v_template_admin', [...])
10 SYSTEMPATH\CodeIgniter.php(933): App\Controllers\Ebook->index()
11 SYSTEMPATH\CodeIgniter.php(509): CodeIgniter\CodeIgniter->runController(Object(App\Controllers\Ebook))
12 SYSTEMPATH\CodeIgniter.php(355): CodeIgniter\CodeIgniter->handleRequest(null, Object(Config\Cache), false)
13 SYSTEMPATH\Boot.php(325): CodeIgniter\CodeIgniter->run()
14 SYSTEMPATH\Boot.php(67): CodeIgniter\Boot::runCodeIgniter(Object(CodeIgniter\CodeIgniter))
15 FCPATH\index.php(56): CodeIgniter\Boot::bootWeb(Object(Config\Paths))
WARNING - 2026-05-13 04:41:55 --> [DEPRECATED] strtotime(): Passing null to parameter #1 ($datetime) of type string is deprecated in APPPATH\Views\Ebook\v_index.php on line 83.
 1 APPPATH\Views\Ebook\v_index.php(83): strtotime(null)
 2 SYSTEMPATH\View\View.php(234): include('C:\\xampp\\htdocs\\si_ekatalog_ci4\\app\\Views\\Ebook\\v_index.php')
 3 SYSTEMPATH\View\View.php(237): CodeIgniter\View\View->CodeIgniter\View\{closure}()
 4 SYSTEMPATH\Common.php(1171): CodeIgniter\View\View->render('ebook/v_index', [], true)
 5 APPPATH\Views\v_template_admin.php(288): view('ebook/v_index')
 6 SYSTEMPATH\View\View.php(234): include('C:\\xampp\\htdocs\\si_ekatalog_ci4\\app\\Views\\v_template_admin.php')
 7 SYSTEMPATH\View\View.php(237): CodeIgniter\View\View->CodeIgniter\View\{closure}()
 8 SYSTEMPATH\Common.php(1171): CodeIgniter\View\View->render('v_template_admin', [], true)
 9 APPPATH\Controllers\Ebook.php(44): view('v_template_admin', [...])
10 SYSTEMPATH\CodeIgniter.php(933): App\Controllers\Ebook->index()
11 SYSTEMPATH\CodeIgniter.php(509): CodeIgniter\CodeIgniter->runController(Object(App\Controllers\Ebook))
12 SYSTEMPATH\CodeIgniter.php(355): CodeIgniter\CodeIgniter->handleRequest(null, Object(Config\Cache), false)
13 SYSTEMPATH\Boot.php(325): CodeIgniter\CodeIgniter->run()
14 SYSTEMPATH\Boot.php(67): CodeIgniter\Boot::runCodeIgniter(Object(CodeIgniter\CodeIgniter))
15 FCPATH\index.php(56): CodeIgniter\Boot::bootWeb(Object(Config\Paths))
WARNING - 2026-05-13 04:41:55 --> [DEPRECATED] strtotime(): Passing null to parameter #1 ($datetime) of type string is deprecated in APPPATH\Views\Ebook\v_index.php on line 83.
 1 APPPATH\Views\Ebook\v_index.php(83): strtotime(null)
 2 SYSTEMPATH\View\View.php(234): include('C:\\xampp\\htdocs\\si_ekatalog_ci4\\app\\Views\\Ebook\\v_index.php')
 3 SYSTEMPATH\View\View.php(237): CodeIgniter\View\View->CodeIgniter\View\{closure}()
 4 SYSTEMPATH\Common.php(1171): CodeIgniter\View\View->render('ebook/v_index', [], true)
 5 APPPATH\Views\v_template_admin.php(288): view('ebook/v_index')
 6 SYSTEMPATH\View\View.php(234): include('C:\\xampp\\htdocs\\si_ekatalog_ci4\\app\\Views\\v_template_admin.php')
 7 SYSTEMPATH\View\View.php(237): CodeIgniter\View\View->CodeIgniter\View\{closure}()
 8 SYSTEMPATH\Common.php(1171): CodeIgniter\View\View->render('v_template_admin', [], true)
 9 APPPATH\Controllers\Ebook.php(44): view('v_template_admin', [...])
10 SYSTEMPATH\CodeIgniter.php(933): App\Controllers\Ebook->index()
11 SYSTEMPATH\CodeIgniter.php(509): CodeIgniter\CodeIgniter->runController(Object(App\Controllers\Ebook))
12 SYSTEMPATH\CodeIgniter.php(355): CodeIgniter\CodeIgniter->handleRequest(null, Object(Config\Cache), false)
13 SYSTEMPATH\Boot.php(325): CodeIgniter\CodeIgniter->run()
14 SYSTEMPATH\Boot.php(67): CodeIgniter\Boot::runCodeIgniter(Object(CodeIgniter\CodeIgniter))
15 FCPATH\index.php(56): CodeIgniter\Boot::bootWeb(Object(Config\Paths))
WARNING - 2026-05-13 04:41:55 --> [DEPRECATED] strtotime(): Passing null to parameter #1 ($datetime) of type string is deprecated in APPPATH\Views\Ebook\v_index.php on line 83.
 1 APPPATH\Views\Ebook\v_index.php(83): strtotime(null)
 2 SYSTEMPATH\View\View.php(234): include('C:\\xampp\\htdocs\\si_ekatalog_ci4\\app\\Views\\Ebook\\v_index.php')
 3 SYSTEMPATH\View\View.php(237): CodeIgniter\View\View->CodeIgniter\View\{closure}()
 4 SYSTEMPATH\Common.php(1171): CodeIgniter\View\View->render('ebook/v_index', [], true)
 5 APPPATH\Views\v_template_admin.php(288): view('ebook/v_index')
 6 SYSTEMPATH\View\View.php(234): include('C:\\xampp\\htdocs\\si_ekatalog_ci4\\app\\Views\\v_template_admin.php')
 7 SYSTEMPATH\View\View.php(237): CodeIgniter\View\View->CodeIgniter\View\{closure}()
 8 SYSTEMPATH\Common.php(1171): CodeIgniter\View\View->render('v_template_admin', [], true)
 9 APPPATH\Controllers\Ebook.php(44): view('v_template_admin', [...])
10 SYSTEMPATH\CodeIgniter.php(933): App\Controllers\Ebook->index()
11 SYSTEMPATH\CodeIgniter.php(509): CodeIgniter\CodeIgniter->runController(Object(App\Controllers\Ebook))
12 SYSTEMPATH\CodeIgniter.php(355): CodeIgniter\CodeIgniter->handleRequest(null, Object(Config\Cache), false)
13 SYSTEMPATH\Boot.php(325): CodeIgniter\CodeIgniter->run()
14 SYSTEMPATH\Boot.php(67): CodeIgniter\Boot::runCodeIgniter(Object(CodeIgniter\CodeIgniter))
15 FCPATH\index.php(56): CodeIgniter\Boot::bootWeb(Object(Config\Paths))
WARNING - 2026-05-13 04:41:55 --> [DEPRECATED] strtotime(): Passing null to parameter #1 ($datetime) of type string is deprecated in APPPATH\Views\Ebook\v_index.php on line 83.
 1 APPPATH\Views\Ebook\v_index.php(83): strtotime(null)
 2 SYSTEMPATH\View\View.php(234): include('C:\\xampp\\htdocs\\si_ekatalog_ci4\\app\\Views\\Ebook\\v_index.php')
 3 SYSTEMPATH\View\View.php(237): CodeIgniter\View\View->CodeIgniter\View\{closure}()
 4 SYSTEMPATH\Common.php(1171): CodeIgniter\View\View->render('ebook/v_index', [], true)
 5 APPPATH\Views\v_template_admin.php(288): view('ebook/v_index')
 6 SYSTEMPATH\View\View.php(234): include('C:\\xampp\\htdocs\\si_ekatalog_ci4\\app\\Views\\v_template_admin.php')
 7 SYSTEMPATH\View\View.php(237): CodeIgniter\View\View->CodeIgniter\View\{closure}()
 8 SYSTEMPATH\Common.php(1171): CodeIgniter\View\View->render('v_template_admin', [], true)
 9 APPPATH\Controllers\Ebook.php(44): view('v_template_admin', [...])
10 SYSTEMPATH\CodeIgniter.php(933): App\Controllers\Ebook->index()
11 SYSTEMPATH\CodeIgniter.php(509): CodeIgniter\CodeIgniter->runController(Object(App\Controllers\Ebook))
12 SYSTEMPATH\CodeIgniter.php(355): CodeIgniter\CodeIgniter->handleRequest(null, Object(Config\Cache), false)
13 SYSTEMPATH\Boot.php(325): CodeIgniter\CodeIgniter->run()
14 SYSTEMPATH\Boot.php(67): CodeIgniter\Boot::runCodeIgniter(Object(CodeIgniter\CodeIgniter))
15 FCPATH\index.php(56): CodeIgniter\Boot::bootWeb(Object(Config\Paths))
WARNING - 2026-05-13 04:41:55 --> [DEPRECATED] strtotime(): Passing null to parameter #1 ($datetime) of type string is deprecated in APPPATH\Views\Ebook\v_index.php on line 83.
 1 APPPATH\Views\Ebook\v_index.php(83): strtotime(null)
 2 SYSTEMPATH\View\View.php(234): include('C:\\xampp\\htdocs\\si_ekatalog_ci4\\app\\Views\\Ebook\\v_index.php')
 3 SYSTEMPATH\View\View.php(237): CodeIgniter\View\View->CodeIgniter\View\{closure}()
 4 SYSTEMPATH\Common.php(1171): CodeIgniter\View\View->render('ebook/v_index', [], true)
 5 APPPATH\Views\v_template_admin.php(288): view('ebook/v_index')
 6 SYSTEMPATH\View\View.php(234): include('C:\\xampp\\htdocs\\si_ekatalog_ci4\\app\\Views\\v_template_admin.php')
 7 SYSTEMPATH\View\View.php(237): CodeIgniter\View\View->CodeIgniter\View\{closure}()
 8 SYSTEMPATH\Common.php(1171): CodeIgniter\View\View->render('v_template_admin', [], true)
 9 APPPATH\Controllers\Ebook.php(44): view('v_template_admin', [...])
10 SYSTEMPATH\CodeIgniter.php(933): App\Controllers\Ebook->index()
11 SYSTEMPATH\CodeIgniter.php(509): CodeIgniter\CodeIgniter->runController(Object(App\Controllers\Ebook))
12 SYSTEMPATH\CodeIgniter.php(355): CodeIgniter\CodeIgniter->handleRequest(null, Object(Config\Cache), false)
13 SYSTEMPATH\Boot.php(325): CodeIgniter\CodeIgniter->run()
14 SYSTEMPATH\Boot.php(67): CodeIgniter\Boot::runCodeIgniter(Object(CodeIgniter\CodeIgniter))
15 FCPATH\index.php(56): CodeIgniter\Boot::bootWeb(Object(Config\Paths))
WARNING - 2026-05-13 04:41:55 --> [DEPRECATED] strtotime(): Passing null to parameter #1 ($datetime) of type string is deprecated in APPPATH\Views\Ebook\v_index.php on line 83.
 1 APPPATH\Views\Ebook\v_index.php(83): strtotime(null)
 2 SYSTEMPATH\View\View.php(234): include('C:\\xampp\\htdocs\\si_ekatalog_ci4\\app\\Views\\Ebook\\v_index.php')
 3 SYSTEMPATH\View\View.php(237): CodeIgniter\View\View->CodeIgniter\View\{closure}()
 4 SYSTEMPATH\Common.php(1171): CodeIgniter\View\View->render('ebook/v_index', [], true)
 5 APPPATH\Views\v_template_admin.php(288): view('ebook/v_index')
 6 SYSTEMPATH\View\View.php(234): include('C:\\xampp\\htdocs\\si_ekatalog_ci4\\app\\Views\\v_template_admin.php')
 7 SYSTEMPATH\View\View.php(237): CodeIgniter\View\View->CodeIgniter\View\{closure}()
 8 SYSTEMPATH\Common.php(1171): CodeIgniter\View\View->render('v_template_admin', [], true)
 9 APPPATH\Controllers\Ebook.php(44): view('v_template_admin', [...])
10 SYSTEMPATH\CodeIgniter.php(933): App\Controllers\Ebook->index()
11 SYSTEMPATH\CodeIgniter.php(509): CodeIgniter\CodeIgniter->runController(Object(App\Controllers\Ebook))
12 SYSTEMPATH\CodeIgniter.php(355): CodeIgniter\CodeIgniter->handleRequest(null, Object(Config\Cache), false)
13 SYSTEMPATH\Boot.php(325): CodeIgniter\CodeIgniter->run()
14 SYSTEMPATH\Boot.php(67): CodeIgniter\Boot::runCodeIgniter(Object(CodeIgniter\CodeIgniter))
15 FCPATH\index.php(56): CodeIgniter\Boot::bootWeb(Object(Config\Paths))
WARNING - 2026-05-13 04:41:55 --> [DEPRECATED] strtotime(): Passing null to parameter #1 ($datetime) of type string is deprecated in APPPATH\Views\Ebook\v_index.php on line 83.
 1 APPPATH\Views\Ebook\v_index.php(83): strtotime(null)
 2 SYSTEMPATH\View\View.php(234): include('C:\\xampp\\htdocs\\si_ekatalog_ci4\\app\\Views\\Ebook\\v_index.php')
 3 SYSTEMPATH\View\View.php(237): CodeIgniter\View\View->CodeIgniter\View\{closure}()
 4 SYSTEMPATH\Common.php(1171): CodeIgniter\View\View->render('ebook/v_index', [], true)
 5 APPPATH\Views\v_template_admin.php(288): view('ebook/v_index')
 6 SYSTEMPATH\View\View.php(234): include('C:\\xampp\\htdocs\\si_ekatalog_ci4\\app\\Views\\v_template_admin.php')
 7 SYSTEMPATH\View\View.php(237): CodeIgniter\View\View->CodeIgniter\View\{closure}()
 8 SYSTEMPATH\Common.php(1171): CodeIgniter\View\View->render('v_template_admin', [], true)
 9 APPPATH\Controllers\Ebook.php(44): view('v_template_admin', [...])
10 SYSTEMPATH\CodeIgniter.php(933): App\Controllers\Ebook->index()
11 SYSTEMPATH\CodeIgniter.php(509): CodeIgniter\CodeIgniter->runController(Object(App\Controllers\Ebook))
12 SYSTEMPATH\CodeIgniter.php(355): CodeIgniter\CodeIgniter->handleRequest(null, Object(Config\Cache), false)
13 SYSTEMPATH\Boot.php(325): CodeIgniter\CodeIgniter->run()
14 SYSTEMPATH\Boot.php(67): CodeIgniter\Boot::runCodeIgniter(Object(CodeIgniter\CodeIgniter))
15 FCPATH\index.php(56): CodeIgniter\Boot::bootWeb(Object(Config\Paths))
WARNING - 2026-05-13 04:41:55 --> [DEPRECATED] strtotime(): Passing null to parameter #1 ($datetime) of type string is deprecated in APPPATH\Views\Ebook\v_index.php on line 83.
 1 APPPATH\Views\Ebook\v_index.php(83): strtotime(null)
 2 SYSTEMPATH\View\View.php(234): include('C:\\xampp\\htdocs\\si_ekatalog_ci4\\app\\Views\\Ebook\\v_index.php')
 3 SYSTEMPATH\View\View.php(237): CodeIgniter\View\View->CodeIgniter\View\{closure}()
 4 SYSTEMPATH\Common.php(1171): CodeIgniter\View\View->render('ebook/v_index', [], true)
 5 APPPATH\Views\v_template_admin.php(288): view('ebook/v_index')
 6 SYSTEMPATH\View\View.php(234): include('C:\\xampp\\htdocs\\si_ekatalog_ci4\\app\\Views\\v_template_admin.php')
 7 SYSTEMPATH\View\View.php(237): CodeIgniter\View\View->CodeIgniter\View\{closure}()
 8 SYSTEMPATH\Common.php(1171): CodeIgniter\View\View->render('v_template_admin', [], true)
 9 APPPATH\Controllers\Ebook.php(44): view('v_template_admin', [...])
10 SYSTEMPATH\CodeIgniter.php(933): App\Controllers\Ebook->index()
11 SYSTEMPATH\CodeIgniter.php(509): CodeIgniter\CodeIgniter->runController(Object(App\Controllers\Ebook))
12 SYSTEMPATH\CodeIgniter.php(355): CodeIgniter\CodeIgniter->handleRequest(null, Object(Config\Cache), false)
13 SYSTEMPATH\Boot.php(325): CodeIgniter\CodeIgniter->run()
14 SYSTEMPATH\Boot.php(67): CodeIgniter\Boot::runCodeIgniter(Object(CodeIgniter\CodeIgniter))
15 FCPATH\index.php(56): CodeIgniter\Boot::bootWeb(Object(Config\Paths))
WARNING - 2026-05-13 04:41:55 --> [DEPRECATED] strtotime(): Passing null to parameter #1 ($datetime) of type string is deprecated in APPPATH\Views\Ebook\v_index.php on line 83.
 1 APPPATH\Views\Ebook\v_index.php(83): strtotime(null)
 2 SYSTEMPATH\View\View.php(234): include('C:\\xampp\\htdocs\\si_ekatalog_ci4\\app\\Views\\Ebook\\v_index.php')
 3 SYSTEMPATH\View\View.php(237): CodeIgniter\View\View->CodeIgniter\View\{closure}()
 4 SYSTEMPATH\Common.php(1171): CodeIgniter\View\View->render('ebook/v_index', [], true)
 5 APPPATH\Views\v_template_admin.php(288): view('ebook/v_index')
 6 SYSTEMPATH\View\View.php(234): include('C:\\xampp\\htdocs\\si_ekatalog_ci4\\app\\Views\\v_template_admin.php')
 7 SYSTEMPATH\View\View.php(237): CodeIgniter\View\View->CodeIgniter\View\{closure}()
 8 SYSTEMPATH\Common.php(1171): CodeIgniter\View\View->render('v_template_admin', [], true)
 9 APPPATH\Controllers\Ebook.php(44): view('v_template_admin', [...])
10 SYSTEMPATH\CodeIgniter.php(933): App\Controllers\Ebook->index()
11 SYSTEMPATH\CodeIgniter.php(509): CodeIgniter\CodeIgniter->runController(Object(App\Controllers\Ebook))
12 SYSTEMPATH\CodeIgniter.php(355): CodeIgniter\CodeIgniter->handleRequest(null, Object(Config\Cache), false)
13 SYSTEMPATH\Boot.php(325): CodeIgniter\CodeIgniter->run()
14 SYSTEMPATH\Boot.php(67): CodeIgniter\Boot::runCodeIgniter(Object(CodeIgniter\CodeIgniter))
15 FCPATH\index.php(56): CodeIgniter\Boot::bootWeb(Object(Config\Paths))
WARNING - 2026-05-13 04:41:55 --> [DEPRECATED] strtotime(): Passing null to parameter #1 ($datetime) of type string is deprecated in APPPATH\Views\Ebook\v_index.php on line 83.
 1 APPPATH\Views\Ebook\v_index.php(83): strtotime(null)
 2 SYSTEMPATH\View\View.php(234): include('C:\\xampp\\htdocs\\si_ekatalog_ci4\\app\\Views\\Ebook\\v_index.php')
 3 SYSTEMPATH\View\View.php(237): CodeIgniter\View\View->CodeIgniter\View\{closure}()
 4 SYSTEMPATH\Common.php(1171): CodeIgniter\View\View->render('ebook/v_index', [], true)
 5 APPPATH\Views\v_template_admin.php(288): view('ebook/v_index')
 6 SYSTEMPATH\View\View.php(234): include('C:\\xampp\\htdocs\\si_ekatalog_ci4\\app\\Views\\v_template_admin.php')
 7 SYSTEMPATH\View\View.php(237): CodeIgniter\View\View->CodeIgniter\View\{closure}()
 8 SYSTEMPATH\Common.php(1171): CodeIgniter\View\View->render('v_template_admin', [], true)
 9 APPPATH\Controllers\Ebook.php(44): view('v_template_admin', [...])
10 SYSTEMPATH\CodeIgniter.php(933): App\Controllers\Ebook->index()
11 SYSTEMPATH\CodeIgniter.php(509): CodeIgniter\CodeIgniter->runController(Object(App\Controllers\Ebook))
12 SYSTEMPATH\CodeIgniter.php(355): CodeIgniter\CodeIgniter->handleRequest(null, Object(Config\Cache), false)
13 SYSTEMPATH\Boot.php(325): CodeIgniter\CodeIgniter->run()
14 SYSTEMPATH\Boot.php(67): CodeIgniter\Boot::runCodeIgniter(Object(CodeIgniter\CodeIgniter))
15 FCPATH\index.php(56): CodeIgniter\Boot::bootWeb(Object(Config\Paths))
WARNING - 2026-05-13 04:41:55 --> [DEPRECATED] strtotime(): Passing null to parameter #1 ($datetime) of type string is deprecated in APPPATH\Views\Ebook\v_index.php on line 83.
 1 APPPATH\Views\Ebook\v_index.php(83): strtotime(null)
 2 SYSTEMPATH\View\View.php(234): include('C:\\xampp\\htdocs\\si_ekatalog_ci4\\app\\Views\\Ebook\\v_index.php')
 3 SYSTEMPATH\View\View.php(237): CodeIgniter\View\View->CodeIgniter\View\{closure}()
 4 SYSTEMPATH\Common.php(1171): CodeIgniter\View\View->render('ebook/v_index', [], true)
 5 APPPATH\Views\v_template_admin.php(288): view('ebook/v_index')
 6 SYSTEMPATH\View\View.php(234): include('C:\\xampp\\htdocs\\si_ekatalog_ci4\\app\\Views\\v_template_admin.php')
 7 SYSTEMPATH\View\View.php(237): CodeIgniter\View\View->CodeIgniter\View\{closure}()
 8 SYSTEMPATH\Common.php(1171): CodeIgniter\View\View->render('v_template_admin', [], true)
 9 APPPATH\Controllers\Ebook.php(44): view('v_template_admin', [...])
10 SYSTEMPATH\CodeIgniter.php(933): App\Controllers\Ebook->index()
11 SYSTEMPATH\CodeIgniter.php(509): CodeIgniter\CodeIgniter->runController(Object(App\Controllers\Ebook))
12 SYSTEMPATH\CodeIgniter.php(355): CodeIgniter\CodeIgniter->handleRequest(null, Object(Config\Cache), false)
13 SYSTEMPATH\Boot.php(325): CodeIgniter\CodeIgniter->run()
14 SYSTEMPATH\Boot.php(67): CodeIgniter\Boot::runCodeIgniter(Object(CodeIgniter\CodeIgniter))
15 FCPATH\index.php(56): CodeIgniter\Boot::bootWeb(Object(Config\Paths))
WARNING - 2026-05-13 04:41:55 --> [DEPRECATED] strtotime(): Passing null to parameter #1 ($datetime) of type string is deprecated in APPPATH\Views\Ebook\v_index.php on line 83.
 1 APPPATH\Views\Ebook\v_index.php(83): strtotime(null)
 2 SYSTEMPATH\View\View.php(234): include('C:\\xampp\\htdocs\\si_ekatalog_ci4\\app\\Views\\Ebook\\v_index.php')
 3 SYSTEMPATH\View\View.php(237): CodeIgniter\View\View->CodeIgniter\View\{closure}()
 4 SYSTEMPATH\Common.php(1171): CodeIgniter\View\View->render('ebook/v_index', [], true)
 5 APPPATH\Views\v_template_admin.php(288): view('ebook/v_index')
 6 SYSTEMPATH\View\View.php(234): include('C:\\xampp\\htdocs\\si_ekatalog_ci4\\app\\Views\\v_template_admin.php')
 7 SYSTEMPATH\View\View.php(237): CodeIgniter\View\View->CodeIgniter\View\{closure}()
 8 SYSTEMPATH\Common.php(1171): CodeIgniter\View\View->render('v_template_admin', [], true)
 9 APPPATH\Controllers\Ebook.php(44): view('v_template_admin', [...])
10 SYSTEMPATH\CodeIgniter.php(933): App\Controllers\Ebook->index()
11 SYSTEMPATH\CodeIgniter.php(509): CodeIgniter\CodeIgniter->runController(Object(App\Controllers\Ebook))
12 SYSTEMPATH\CodeIgniter.php(355): CodeIgniter\CodeIgniter->handleRequest(null, Object(Config\Cache), false)
13 SYSTEMPATH\Boot.php(325): CodeIgniter\CodeIgniter->run()
14 SYSTEMPATH\Boot.php(67): CodeIgniter\Boot::runCodeIgniter(Object(CodeIgniter\CodeIgniter))
15 FCPATH\index.php(56): CodeIgniter\Boot::bootWeb(Object(Config\Paths))
WARNING - 2026-05-13 04:41:55 --> [DEPRECATED] strtotime(): Passing null to parameter #1 ($datetime) of type string is deprecated in APPPATH\Views\Ebook\v_index.php on line 83.
 1 APPPATH\Views\Ebook\v_index.php(83): strtotime(null)
 2 SYSTEMPATH\View\View.php(234): include('C:\\xampp\\htdocs\\si_ekatalog_ci4\\app\\Views\\Ebook\\v_index.php')
 3 SYSTEMPATH\View\View.php(237): CodeIgniter\View\View->CodeIgniter\View\{closure}()
 4 SYSTEMPATH\Common.php(1171): CodeIgniter\View\View->render('ebook/v_index', [], true)
 5 APPPATH\Views\v_template_admin.php(288): view('ebook/v_index')
 6 SYSTEMPATH\View\View.php(234): include('C:\\xampp\\htdocs\\si_ekatalog_ci4\\app\\Views\\v_template_admin.php')
 7 SYSTEMPATH\View\View.php(237): CodeIgniter\View\View->CodeIgniter\View\{closure}()
 8 SYSTEMPATH\Common.php(1171): CodeIgniter\View\View->render('v_template_admin', [], true)
 9 APPPATH\Controllers\Ebook.php(44): view('v_template_admin', [...])
10 SYSTEMPATH\CodeIgniter.php(933): App\Controllers\Ebook->index()
11 SYSTEMPATH\CodeIgniter.php(509): CodeIgniter\CodeIgniter->runController(Object(App\Controllers\Ebook))
12 SYSTEMPATH\CodeIgniter.php(355): CodeIgniter\CodeIgniter->handleRequest(null, Object(Config\Cache), false)
13 SYSTEMPATH\Boot.php(325): CodeIgniter\CodeIgniter->run()
14 SYSTEMPATH\Boot.php(67): CodeIgniter\Boot::runCodeIgniter(Object(CodeIgniter\CodeIgniter))
15 FCPATH\index.php(56): CodeIgniter\Boot::bootWeb(Object(Config\Paths))
WARNING - 2026-05-13 04:41:55 --> [DEPRECATED] strtotime(): Passing null to parameter #1 ($datetime) of type string is deprecated in APPPATH\Views\Ebook\v_index.php on line 83.
 1 APPPATH\Views\Ebook\v_index.php(83): strtotime(null)
 2 SYSTEMPATH\View\View.php(234): include('C:\\xampp\\htdocs\\si_ekatalog_ci4\\app\\Views\\Ebook\\v_index.php')
 3 SYSTEMPATH\View\View.php(237): CodeIgniter\View\View->CodeIgniter\View\{closure}()
 4 SYSTEMPATH\Common.php(1171): CodeIgniter\View\View->render('ebook/v_index', [], true)
 5 APPPATH\Views\v_template_admin.php(288): view('ebook/v_index')
 6 SYSTEMPATH\View\View.php(234): include('C:\\xampp\\htdocs\\si_ekatalog_ci4\\app\\Views\\v_template_admin.php')
 7 SYSTEMPATH\View\View.php(237): CodeIgniter\View\View->CodeIgniter\View\{closure}()
 8 SYSTEMPATH\Common.php(1171): CodeIgniter\View\View->render('v_template_admin', [], true)
 9 APPPATH\Controllers\Ebook.php(44): view('v_template_admin', [...])
10 SYSTEMPATH\CodeIgniter.php(933): App\Controllers\Ebook->index()
11 SYSTEMPATH\CodeIgniter.php(509): CodeIgniter\CodeIgniter->runController(Object(App\Controllers\Ebook))
12 SYSTEMPATH\CodeIgniter.php(355): CodeIgniter\CodeIgniter->handleRequest(null, Object(Config\Cache), false)
13 SYSTEMPATH\Boot.php(325): CodeIgniter\CodeIgniter->run()
14 SYSTEMPATH\Boot.php(67): CodeIgniter\Boot::runCodeIgniter(Object(CodeIgniter\CodeIgniter))
15 FCPATH\index.php(56): CodeIgniter\Boot::bootWeb(Object(Config\Paths))
WARNING - 2026-05-13 04:41:55 --> [DEPRECATED] strtotime(): Passing null to parameter #1 ($datetime) of type string is deprecated in APPPATH\Views\Ebook\v_index.php on line 83.
 1 APPPATH\Views\Ebook\v_index.php(83): strtotime(null)
 2 SYSTEMPATH\View\View.php(234): include('C:\\xampp\\htdocs\\si_ekatalog_ci4\\app\\Views\\Ebook\\v_index.php')
 3 SYSTEMPATH\View\View.php(237): CodeIgniter\View\View->CodeIgniter\View\{closure}()
 4 SYSTEMPATH\Common.php(1171): CodeIgniter\View\View->render('ebook/v_index', [], true)
 5 APPPATH\Views\v_template_admin.php(288): view('ebook/v_index')
 6 SYSTEMPATH\View\View.php(234): include('C:\\xampp\\htdocs\\si_ekatalog_ci4\\app\\Views\\v_template_admin.php')
 7 SYSTEMPATH\View\View.php(237): CodeIgniter\View\View->CodeIgniter\View\{closure}()
 8 SYSTEMPATH\Common.php(1171): CodeIgniter\View\View->render('v_template_admin', [], true)
 9 APPPATH\Controllers\Ebook.php(44): view('v_template_admin', [...])
10 SYSTEMPATH\CodeIgniter.php(933): App\Controllers\Ebook->index()
11 SYSTEMPATH\CodeIgniter.php(509): CodeIgniter\CodeIgniter->runController(Object(App\Controllers\Ebook))
12 SYSTEMPATH\CodeIgniter.php(355): CodeIgniter\CodeIgniter->handleRequest(null, Object(Config\Cache), false)
13 SYSTEMPATH\Boot.php(325): CodeIgniter\CodeIgniter->run()
14 SYSTEMPATH\Boot.php(67): CodeIgniter\Boot::runCodeIgniter(Object(CodeIgniter\CodeIgniter))
15 FCPATH\index.php(56): CodeIgniter\Boot::bootWeb(Object(Config\Paths))
WARNING - 2026-05-13 04:41:55 --> [DEPRECATED] strtotime(): Passing null to parameter #1 ($datetime) of type string is deprecated in APPPATH\Views\Ebook\v_index.php on line 83.
 1 APPPATH\Views\Ebook\v_index.php(83): strtotime(null)
 2 SYSTEMPATH\View\View.php(234): include('C:\\xampp\\htdocs\\si_ekatalog_ci4\\app\\Views\\Ebook\\v_index.php')
 3 SYSTEMPATH\View\View.php(237): CodeIgniter\View\View->CodeIgniter\View\{closure}()
 4 SYSTEMPATH\Common.php(1171): CodeIgniter\View\View->render('ebook/v_index', [], true)
 5 APPPATH\Views\v_template_admin.php(288): view('ebook/v_index')
 6 SYSTEMPATH\View\View.php(234): include('C:\\xampp\\htdocs\\si_ekatalog_ci4\\app\\Views\\v_template_admin.php')
 7 SYSTEMPATH\View\View.php(237): CodeIgniter\View\View->CodeIgniter\View\{closure}()
 8 SYSTEMPATH\Common.php(1171): CodeIgniter\View\View->render('v_template_admin', [], true)
 9 APPPATH\Controllers\Ebook.php(44): view('v_template_admin', [...])
10 SYSTEMPATH\CodeIgniter.php(933): App\Controllers\Ebook->index()
11 SYSTEMPATH\CodeIgniter.php(509): CodeIgniter\CodeIgniter->runController(Object(App\Controllers\Ebook))
12 SYSTEMPATH\CodeIgniter.php(355): CodeIgniter\CodeIgniter->handleRequest(null, Object(Config\Cache), false)
13 SYSTEMPATH\Boot.php(325): CodeIgniter\CodeIgniter->run()
14 SYSTEMPATH\Boot.php(67): CodeIgniter\Boot::runCodeIgniter(Object(CodeIgniter\CodeIgniter))
15 FCPATH\index.php(56): CodeIgniter\Boot::bootWeb(Object(Config\Paths))
WARNING - 2026-05-13 04:41:55 --> [DEPRECATED] strtotime(): Passing null to parameter #1 ($datetime) of type string is deprecated in APPPATH\Views\Ebook\v_index.php on line 83.
 1 APPPATH\Views\Ebook\v_index.php(83): strtotime(null)
 2 SYSTEMPATH\View\View.php(234): include('C:\\xampp\\htdocs\\si_ekatalog_ci4\\app\\Views\\Ebook\\v_index.php')
 3 SYSTEMPATH\View\View.php(237): CodeIgniter\View\View->CodeIgniter\View\{closure}()
 4 SYSTEMPATH\Common.php(1171): CodeIgniter\View\View->render('ebook/v_index', [], true)
 5 APPPATH\Views\v_template_admin.php(288): view('ebook/v_index')
 6 SYSTEMPATH\View\View.php(234): include('C:\\xampp\\htdocs\\si_ekatalog_ci4\\app\\Views\\v_template_admin.php')
 7 SYSTEMPATH\View\View.php(237): CodeIgniter\View\View->CodeIgniter\View\{closure}()
 8 SYSTEMPATH\Common.php(1171): CodeIgniter\View\View->render('v_template_admin', [], true)
 9 APPPATH\Controllers\Ebook.php(44): view('v_template_admin', [...])
10 SYSTEMPATH\CodeIgniter.php(933): App\Controllers\Ebook->index()
11 SYSTEMPATH\CodeIgniter.php(509): CodeIgniter\CodeIgniter->runController(Object(App\Controllers\Ebook))
12 SYSTEMPATH\CodeIgniter.php(355): CodeIgniter\CodeIgniter->handleRequest(null, Object(Config\Cache), false)
13 SYSTEMPATH\Boot.php(325): CodeIgniter\CodeIgniter->run()
14 SYSTEMPATH\Boot.php(67): CodeIgniter\Boot::runCodeIgniter(Object(CodeIgniter\CodeIgniter))
15 FCPATH\index.php(56): CodeIgniter\Boot::bootWeb(Object(Config\Paths))
WARNING - 2026-05-13 04:41:55 --> [DEPRECATED] strtotime(): Passing null to parameter #1 ($datetime) of type string is deprecated in APPPATH\Views\Ebook\v_index.php on line 83.
 1 APPPATH\Views\Ebook\v_index.php(83): strtotime(null)
 2 SYSTEMPATH\View\View.php(234): include('C:\\xampp\\htdocs\\si_ekatalog_ci4\\app\\Views\\Ebook\\v_index.php')
 3 SYSTEMPATH\View\View.php(237): CodeIgniter\View\View->CodeIgniter\View\{closure}()
 4 SYSTEMPATH\Common.php(1171): CodeIgniter\View\View->render('ebook/v_index', [], true)
 5 APPPATH\Views\v_template_admin.php(288): view('ebook/v_index')
 6 SYSTEMPATH\View\View.php(234): include('C:\\xampp\\htdocs\\si_ekatalog_ci4\\app\\Views\\v_template_admin.php')
 7 SYSTEMPATH\View\View.php(237): CodeIgniter\View\View->CodeIgniter\View\{closure}()
 8 SYSTEMPATH\Common.php(1171): CodeIgniter\View\View->render('v_template_admin', [], true)
 9 APPPATH\Controllers\Ebook.php(44): view('v_template_admin', [...])
10 SYSTEMPATH\CodeIgniter.php(933): App\Controllers\Ebook->index()
11 SYSTEMPATH\CodeIgniter.php(509): CodeIgniter\CodeIgniter->runController(Object(App\Controllers\Ebook))
12 SYSTEMPATH\CodeIgniter.php(355): CodeIgniter\CodeIgniter->handleRequest(null, Object(Config\Cache), false)
13 SYSTEMPATH\Boot.php(325): CodeIgniter\CodeIgniter->run()
14 SYSTEMPATH\Boot.php(67): CodeIgniter\Boot::runCodeIgniter(Object(CodeIgniter\CodeIgniter))
15 FCPATH\index.php(56): CodeIgniter\Boot::bootWeb(Object(Config\Paths))
WARNING - 2026-05-13 04:41:55 --> [DEPRECATED] strtotime(): Passing null to parameter #1 ($datetime) of type string is deprecated in APPPATH\Views\Ebook\v_index.php on line 83.
 1 APPPATH\Views\Ebook\v_index.php(83): strtotime(null)
 2 SYSTEMPATH\View\View.php(234): include('C:\\xampp\\htdocs\\si_ekatalog_ci4\\app\\Views\\Ebook\\v_index.php')
 3 SYSTEMPATH\View\View.php(237): CodeIgniter\View\View->CodeIgniter\View\{closure}()
 4 SYSTEMPATH\Common.php(1171): CodeIgniter\View\View->render('ebook/v_index', [], true)
 5 APPPATH\Views\v_template_admin.php(288): view('ebook/v_index')
 6 SYSTEMPATH\View\View.php(234): include('C:\\xampp\\htdocs\\si_ekatalog_ci4\\app\\Views\\v_template_admin.php')
 7 SYSTEMPATH\View\View.php(237): CodeIgniter\View\View->CodeIgniter\View\{closure}()
 8 SYSTEMPATH\Common.php(1171): CodeIgniter\View\View->render('v_template_admin', [], true)
 9 APPPATH\Controllers\Ebook.php(44): view('v_template_admin', [...])
10 SYSTEMPATH\CodeIgniter.php(933): App\Controllers\Ebook->index()
11 SYSTEMPATH\CodeIgniter.php(509): CodeIgniter\CodeIgniter->runController(Object(App\Controllers\Ebook))
12 SYSTEMPATH\CodeIgniter.php(355): CodeIgniter\CodeIgniter->handleRequest(null, Object(Config\Cache), false)
13 SYSTEMPATH\Boot.php(325): CodeIgniter\CodeIgniter->run()
14 SYSTEMPATH\Boot.php(67): CodeIgniter\Boot::runCodeIgniter(Object(CodeIgniter\CodeIgniter))
15 FCPATH\index.php(56): CodeIgniter\Boot::bootWeb(Object(Config\Paths))
WARNING - 2026-05-13 04:41:55 --> [DEPRECATED] strtotime(): Passing null to parameter #1 ($datetime) of type string is deprecated in APPPATH\Views\Ebook\v_index.php on line 83.
 1 APPPATH\Views\Ebook\v_index.php(83): strtotime(null)
 2 SYSTEMPATH\View\View.php(234): include('C:\\xampp\\htdocs\\si_ekatalog_ci4\\app\\Views\\Ebook\\v_index.php')
 3 SYSTEMPATH\View\View.php(237): CodeIgniter\View\View->CodeIgniter\View\{closure}()
 4 SYSTEMPATH\Common.php(1171): CodeIgniter\View\View->render('ebook/v_index', [], true)
 5 APPPATH\Views\v_template_admin.php(288): view('ebook/v_index')
 6 SYSTEMPATH\View\View.php(234): include('C:\\xampp\\htdocs\\si_ekatalog_ci4\\app\\Views\\v_template_admin.php')
 7 SYSTEMPATH\View\View.php(237): CodeIgniter\View\View->CodeIgniter\View\{closure}()
 8 SYSTEMPATH\Common.php(1171): CodeIgniter\View\View->render('v_template_admin', [], true)
 9 APPPATH\Controllers\Ebook.php(44): view('v_template_admin', [...])
10 SYSTEMPATH\CodeIgniter.php(933): App\Controllers\Ebook->index()
11 SYSTEMPATH\CodeIgniter.php(509): CodeIgniter\CodeIgniter->runController(Object(App\Controllers\Ebook))
12 SYSTEMPATH\CodeIgniter.php(355): CodeIgniter\CodeIgniter->handleRequest(null, Object(Config\Cache), false)
13 SYSTEMPATH\Boot.php(325): CodeIgniter\CodeIgniter->run()
14 SYSTEMPATH\Boot.php(67): CodeIgniter\Boot::runCodeIgniter(Object(CodeIgniter\CodeIgniter))
15 FCPATH\index.php(56): CodeIgniter\Boot::bootWeb(Object(Config\Paths))
WARNING - 2026-05-13 04:41:55 --> [DEPRECATED] strtotime(): Passing null to parameter #1 ($datetime) of type string is deprecated in APPPATH\Views\Ebook\v_index.php on line 83.
 1 APPPATH\Views\Ebook\v_index.php(83): strtotime(null)
 2 SYSTEMPATH\View\View.php(234): include('C:\\xampp\\htdocs\\si_ekatalog_ci4\\app\\Views\\Ebook\\v_index.php')
 3 SYSTEMPATH\View\View.php(237): CodeIgniter\View\View->CodeIgniter\View\{closure}()
 4 SYSTEMPATH\Common.php(1171): CodeIgniter\View\View->render('ebook/v_index', [], true)
 5 APPPATH\Views\v_template_admin.php(288): view('ebook/v_index')
 6 SYSTEMPATH\View\View.php(234): include('C:\\xampp\\htdocs\\si_ekatalog_ci4\\app\\Views\\v_template_admin.php')
 7 SYSTEMPATH\View\View.php(237): CodeIgniter\View\View->CodeIgniter\View\{closure}()
 8 SYSTEMPATH\Common.php(1171): CodeIgniter\View\View->render('v_template_admin', [], true)
 9 APPPATH\Controllers\Ebook.php(44): view('v_template_admin', [...])
10 SYSTEMPATH\CodeIgniter.php(933): App\Controllers\Ebook->index()
11 SYSTEMPATH\CodeIgniter.php(509): CodeIgniter\CodeIgniter->runController(Object(App\Controllers\Ebook))
12 SYSTEMPATH\CodeIgniter.php(355): CodeIgniter\CodeIgniter->handleRequest(null, Object(Config\Cache), false)
13 SYSTEMPATH\Boot.php(325): CodeIgniter\CodeIgniter->run()
14 SYSTEMPATH\Boot.php(67): CodeIgniter\Boot::runCodeIgniter(Object(CodeIgniter\CodeIgniter))
15 FCPATH\index.php(56): CodeIgniter\Boot::bootWeb(Object(Config\Paths))
WARNING - 2026-05-13 04:41:55 --> [DEPRECATED] strtotime(): Passing null to parameter #1 ($datetime) of type string is deprecated in APPPATH\Views\Ebook\v_index.php on line 83.
 1 APPPATH\Views\Ebook\v_index.php(83): strtotime(null)
 2 SYSTEMPATH\View\View.php(234): include('C:\\xampp\\htdocs\\si_ekatalog_ci4\\app\\Views\\Ebook\\v_index.php')
 3 SYSTEMPATH\View\View.php(237): CodeIgniter\View\View->CodeIgniter\View\{closure}()
 4 SYSTEMPATH\Common.php(1171): CodeIgniter\View\View->render('ebook/v_index', [], true)
 5 APPPATH\Views\v_template_admin.php(288): view('ebook/v_index')
 6 SYSTEMPATH\View\View.php(234): include('C:\\xampp\\htdocs\\si_ekatalog_ci4\\app\\Views\\v_template_admin.php')
 7 SYSTEMPATH\View\View.php(237): CodeIgniter\View\View->CodeIgniter\View\{closure}()
 8 SYSTEMPATH\Common.php(1171): CodeIgniter\View\View->render('v_template_admin', [], true)
 9 APPPATH\Controllers\Ebook.php(44): view('v_template_admin', [...])
10 SYSTEMPATH\CodeIgniter.php(933): App\Controllers\Ebook->index()
11 SYSTEMPATH\CodeIgniter.php(509): CodeIgniter\CodeIgniter->runController(Object(App\Controllers\Ebook))
12 SYSTEMPATH\CodeIgniter.php(355): CodeIgniter\CodeIgniter->handleRequest(null, Object(Config\Cache), false)
13 SYSTEMPATH\Boot.php(325): CodeIgniter\CodeIgniter->run()
14 SYSTEMPATH\Boot.php(67): CodeIgniter\Boot::runCodeIgniter(Object(CodeIgniter\CodeIgniter))
15 FCPATH\index.php(56): CodeIgniter\Boot::bootWeb(Object(Config\Paths))
WARNING - 2026-05-13 04:41:55 --> [DEPRECATED] strtotime(): Passing null to parameter #1 ($datetime) of type string is deprecated in APPPATH\Views\Ebook\v_index.php on line 83.
 1 APPPATH\Views\Ebook\v_index.php(83): strtotime(null)
 2 SYSTEMPATH\View\View.php(234): include('C:\\xampp\\htdocs\\si_ekatalog_ci4\\app\\Views\\Ebook\\v_index.php')
 3 SYSTEMPATH\View\View.php(237): CodeIgniter\View\View->CodeIgniter\View\{closure}()
 4 SYSTEMPATH\Common.php(1171): CodeIgniter\View\View->render('ebook/v_index', [], true)
 5 APPPATH\Views\v_template_admin.php(288): view('ebook/v_index')
 6 SYSTEMPATH\View\View.php(234): include('C:\\xampp\\htdocs\\si_ekatalog_ci4\\app\\Views\\v_template_admin.php')
 7 SYSTEMPATH\View\View.php(237): CodeIgniter\View\View->CodeIgniter\View\{closure}()
 8 SYSTEMPATH\Common.php(1171): CodeIgniter\View\View->render('v_template_admin', [], true)
 9 APPPATH\Controllers\Ebook.php(44): view('v_template_admin', [...])
10 SYSTEMPATH\CodeIgniter.php(933): App\Controllers\Ebook->index()
11 SYSTEMPATH\CodeIgniter.php(509): CodeIgniter\CodeIgniter->runController(Object(App\Controllers\Ebook))
12 SYSTEMPATH\CodeIgniter.php(355): CodeIgniter\CodeIgniter->handleRequest(null, Object(Config\Cache), false)
13 SYSTEMPATH\Boot.php(325): CodeIgniter\CodeIgniter->run()
14 SYSTEMPATH\Boot.php(67): CodeIgniter\Boot::runCodeIgniter(Object(CodeIgniter\CodeIgniter))
15 FCPATH\index.php(56): CodeIgniter\Boot::bootWeb(Object(Config\Paths))
WARNING - 2026-05-13 04:41:55 --> [DEPRECATED] strtotime(): Passing null to parameter #1 ($datetime) of type string is deprecated in APPPATH\Views\Ebook\v_index.php on line 83.
 1 APPPATH\Views\Ebook\v_index.php(83): strtotime(null)
 2 SYSTEMPATH\View\View.php(234): include('C:\\xampp\\htdocs\\si_ekatalog_ci4\\app\\Views\\Ebook\\v_index.php')
 3 SYSTEMPATH\View\View.php(237): CodeIgniter\View\View->CodeIgniter\View\{closure}()
 4 SYSTEMPATH\Common.php(1171): CodeIgniter\View\View->render('ebook/v_index', [], true)
 5 APPPATH\Views\v_template_admin.php(288): view('ebook/v_index')
 6 SYSTEMPATH\View\View.php(234): include('C:\\xampp\\htdocs\\si_ekatalog_ci4\\app\\Views\\v_template_admin.php')
 7 SYSTEMPATH\View\View.php(237): CodeIgniter\View\View->CodeIgniter\View\{closure}()
 8 SYSTEMPATH\Common.php(1171): CodeIgniter\View\View->render('v_template_admin', [], true)
 9 APPPATH\Controllers\Ebook.php(44): view('v_template_admin', [...])
10 SYSTEMPATH\CodeIgniter.php(933): App\Controllers\Ebook->index()
11 SYSTEMPATH\CodeIgniter.php(509): CodeIgniter\CodeIgniter->runController(Object(App\Controllers\Ebook))
12 SYSTEMPATH\CodeIgniter.php(355): CodeIgniter\CodeIgniter->handleRequest(null, Object(Config\Cache), false)
13 SYSTEMPATH\Boot.php(325): CodeIgniter\CodeIgniter->run()
14 SYSTEMPATH\Boot.php(67): CodeIgniter\Boot::runCodeIgniter(Object(CodeIgniter\CodeIgniter))
15 FCPATH\index.php(56): CodeIgniter\Boot::bootWeb(Object(Config\Paths))
WARNING - 2026-05-13 04:41:55 --> [DEPRECATED] strtotime(): Passing null to parameter #1 ($datetime) of type string is deprecated in APPPATH\Views\Ebook\v_index.php on line 83.
 1 APPPATH\Views\Ebook\v_index.php(83): strtotime(null)
 2 SYSTEMPATH\View\View.php(234): include('C:\\xampp\\htdocs\\si_ekatalog_ci4\\app\\Views\\Ebook\\v_index.php')
 3 SYSTEMPATH\View\View.php(237): CodeIgniter\View\View->CodeIgniter\View\{closure}()
 4 SYSTEMPATH\Common.php(1171): CodeIgniter\View\View->render('ebook/v_index', [], true)
 5 APPPATH\Views\v_template_admin.php(288): view('ebook/v_index')
 6 SYSTEMPATH\View\View.php(234): include('C:\\xampp\\htdocs\\si_ekatalog_ci4\\app\\Views\\v_template_admin.php')
 7 SYSTEMPATH\View\View.php(237): CodeIgniter\View\View->CodeIgniter\View\{closure}()
 8 SYSTEMPATH\Common.php(1171): CodeIgniter\View\View->render('v_template_admin', [], true)
 9 APPPATH\Controllers\Ebook.php(44): view('v_template_admin', [...])
10 SYSTEMPATH\CodeIgniter.php(933): App\Controllers\Ebook->index()
11 SYSTEMPATH\CodeIgniter.php(509): CodeIgniter\CodeIgniter->runController(Object(App\Controllers\Ebook))
12 SYSTEMPATH\CodeIgniter.php(355): CodeIgniter\CodeIgniter->handleRequest(null, Object(Config\Cache), false)
13 SYSTEMPATH\Boot.php(325): CodeIgniter\CodeIgniter->run()
14 SYSTEMPATH\Boot.php(67): CodeIgniter\Boot::runCodeIgniter(Object(CodeIgniter\CodeIgniter))
15 FCPATH\index.php(56): CodeIgniter\Boot::bootWeb(Object(Config\Paths))
INFO - 2026-05-13 04:41:59 --> Session: Class initialized using 'CodeIgniter\Session\Handlers\FileHandler' driver.
INFO - 2026-05-13 04:45:10 --> Session: Class initialized using 'CodeIgniter\Session\Handlers\FileHandler' driver.
INFO - 2026-05-13 04:45:29 --> Session: Class initialized using 'CodeIgniter\Session\Handlers\FileHandler' driver.
INFO - 2026-05-13 04:45:46 --> Session: Class initialized using 'CodeIgniter\Session\Handlers\FileHandler' driver.
INFO - 2026-05-13 04:46:15 --> Session: Class initialized using 'CodeIgniter\Session\Handlers\FileHandler' driver.
INFO - 2026-05-13 04:46:50 --> Session: Class initialized using 'CodeIgniter\Session\Handlers\FileHandler' driver.
INFO - 2026-05-13 04:48:13 --> Session: Class initialized using 'CodeIgniter\Session\Handlers\FileHandler' driver.
INFO - 2026-05-13 04:48:18 --> Session: Class initialized using 'CodeIgniter\Session\Handlers\FileHandler' driver.
INFO - 2026-05-13 04:48:24 --> Session: Class initialized using 'CodeIgniter\Session\Handlers\FileHandler' driver.
INFO - 2026-05-13 04:48:25 --> Session: Class initialized using 'CodeIgniter\Session\Handlers\FileHandler' driver.
INFO - 2026-05-13 04:49:01 --> Session: Class initialized using 'CodeIgniter\Session\Handlers\FileHandler' driver.
INFO - 2026-05-13 04:49:02 --> Session: Class initialized using 'CodeIgniter\Session\Handlers\FileHandler' driver.
INFO - 2026-05-13 04:49:23 --> Session: Class initialized using 'CodeIgniter\Session\Handlers\FileHandler' driver.
INFO - 2026-05-13 04:49:24 --> Session: Class initialized using 'CodeIgniter\Session\Handlers\FileHandler' driver.
INFO - 2026-05-13 04:49:26 --> Session: Class initialized using 'CodeIgniter\Session\Handlers\FileHandler' driver.
WARNING - 2026-05-13 04:49:26 --> [DEPRECATED] strtotime(): Passing null to parameter #1 ($datetime) of type string is deprecated in APPPATH\Views\Ebook\v_index.php on line 83.
 1 APPPATH\Views\Ebook\v_index.php(83): strtotime(null)
 2 SYSTEMPATH\View\View.php(234): include('C:\\xampp\\htdocs\\si_ekatalog_ci4\\app\\Views\\Ebook\\v_index.php')
 3 SYSTEMPATH\View\View.php(237): CodeIgniter\View\View->CodeIgniter\View\{closure}()
 4 SYSTEMPATH\Common.php(1171): CodeIgniter\View\View->render('ebook/v_index', [], true)
 5 APPPATH\Views\v_template_admin.php(288): view('ebook/v_index')
 6 SYSTEMPATH\View\View.php(234): include('C:\\xampp\\htdocs\\si_ekatalog_ci4\\app\\Views\\v_template_admin.php')
 7 SYSTEMPATH\View\View.php(237): CodeIgniter\View\View->CodeIgniter\View\{closure}()
 8 SYSTEMPATH\Common.php(1171): CodeIgniter\View\View->render('v_template_admin', [], true)
 9 APPPATH\Controllers\Ebook.php(44): view('v_template_admin', [...])
10 SYSTEMPATH\CodeIgniter.php(933): App\Controllers\Ebook->index()
11 SYSTEMPATH\CodeIgniter.php(509): CodeIgniter\CodeIgniter->runController(Object(App\Controllers\Ebook))
12 SYSTEMPATH\CodeIgniter.php(355): CodeIgniter\CodeIgniter->handleRequest(null, Object(Config\Cache), false)
13 SYSTEMPATH\Boot.php(325): CodeIgniter\CodeIgniter->run()
14 SYSTEMPATH\Boot.php(67): CodeIgniter\Boot::runCodeIgniter(Object(CodeIgniter\CodeIgniter))
15 FCPATH\index.php(56): CodeIgniter\Boot::bootWeb(Object(Config\Paths))
WARNING - 2026-05-13 04:49:26 --> [DEPRECATED] strtotime(): Passing null to parameter #1 ($datetime) of type string is deprecated in APPPATH\Views\Ebook\v_index.php on line 83.
 1 APPPATH\Views\Ebook\v_index.php(83): strtotime(null)
 2 SYSTEMPATH\View\View.php(234): include('C:\\xampp\\htdocs\\si_ekatalog_ci4\\app\\Views\\Ebook\\v_index.php')
 3 SYSTEMPATH\View\View.php(237): CodeIgniter\View\View->CodeIgniter\View\{closure}()
 4 SYSTEMPATH\Common.php(1171): CodeIgniter\View\View->render('ebook/v_index', [], true)
 5 APPPATH\Views\v_template_admin.php(288): view('ebook/v_index')
 6 SYSTEMPATH\View\View.php(234): include('C:\\xampp\\htdocs\\si_ekatalog_ci4\\app\\Views\\v_template_admin.php')
 7 SYSTEMPATH\View\View.php(237): CodeIgniter\View\View->CodeIgniter\View\{closure}()
 8 SYSTEMPATH\Common.php(1171): CodeIgniter\View\View->render('v_template_admin', [], true)
 9 APPPATH\Controllers\Ebook.php(44): view('v_template_admin', [...])
10 SYSTEMPATH\CodeIgniter.php(933): App\Controllers\Ebook->index()
11 SYSTEMPATH\CodeIgniter.php(509): CodeIgniter\CodeIgniter->runController(Object(App\Controllers\Ebook))
12 SYSTEMPATH\CodeIgniter.php(355): CodeIgniter\CodeIgniter->handleRequest(null, Object(Config\Cache), false)
13 SYSTEMPATH\Boot.php(325): CodeIgniter\CodeIgniter->run()
14 SYSTEMPATH\Boot.php(67): CodeIgniter\Boot::runCodeIgniter(Object(CodeIgniter\CodeIgniter))
15 FCPATH\index.php(56): CodeIgniter\Boot::bootWeb(Object(Config\Paths))
WARNING - 2026-05-13 04:49:26 --> [DEPRECATED] strtotime(): Passing null to parameter #1 ($datetime) of type string is deprecated in APPPATH\Views\Ebook\v_index.php on line 83.
 1 APPPATH\Views\Ebook\v_index.php(83): strtotime(null)
 2 SYSTEMPATH\View\View.php(234): include('C:\\xampp\\htdocs\\si_ekatalog_ci4\\app\\Views\\Ebook\\v_index.php')
 3 SYSTEMPATH\View\View.php(237): CodeIgniter\View\View->CodeIgniter\View\{closure}()
 4 SYSTEMPATH\Common.php(1171): CodeIgniter\View\View->render('ebook/v_index', [], true)
 5 APPPATH\Views\v_template_admin.php(288): view('ebook/v_index')
 6 SYSTEMPATH\View\View.php(234): include('C:\\xampp\\htdocs\\si_ekatalog_ci4\\app\\Views\\v_template_admin.php')
 7 SYSTEMPATH\View\View.php(237): CodeIgniter\View\View->CodeIgniter\View\{closure}()
 8 SYSTEMPATH\Common.php(1171): CodeIgniter\View\View->render('v_template_admin', [], true)
 9 APPPATH\Controllers\Ebook.php(44): view('v_template_admin', [...])
10 SYSTEMPATH\CodeIgniter.php(933): App\Controllers\Ebook->index()
11 SYSTEMPATH\CodeIgniter.php(509): CodeIgniter\CodeIgniter->runController(Object(App\Controllers\Ebook))
12 SYSTEMPATH\CodeIgniter.php(355): CodeIgniter\CodeIgniter->handleRequest(null, Object(Config\Cache), false)
13 SYSTEMPATH\Boot.php(325): CodeIgniter\CodeIgniter->run()
14 SYSTEMPATH\Boot.php(67): CodeIgniter\Boot::runCodeIgniter(Object(CodeIgniter\CodeIgniter))
15 FCPATH\index.php(56): CodeIgniter\Boot::bootWeb(Object(Config\Paths))
WARNING - 2026-05-13 04:49:26 --> [DEPRECATED] strtotime(): Passing null to parameter #1 ($datetime) of type string is deprecated in APPPATH\Views\Ebook\v_index.php on line 83.
 1 APPPATH\Views\Ebook\v_index.php(83): strtotime(null)
 2 SYSTEMPATH\View\View.php(234): include('C:\\xampp\\htdocs\\si_ekatalog_ci4\\app\\Views\\Ebook\\v_index.php')
 3 SYSTEMPATH\View\View.php(237): CodeIgniter\View\View->CodeIgniter\View\{closure}()
 4 SYSTEMPATH\Common.php(1171): CodeIgniter\View\View->render('ebook/v_index', [], true)
 5 APPPATH\Views\v_template_admin.php(288): view('ebook/v_index')
 6 SYSTEMPATH\View\View.php(234): include('C:\\xampp\\htdocs\\si_ekatalog_ci4\\app\\Views\\v_template_admin.php')
 7 SYSTEMPATH\View\View.php(237): CodeIgniter\View\View->CodeIgniter\View\{closure}()
 8 SYSTEMPATH\Common.php(1171): CodeIgniter\View\View->render('v_template_admin', [], true)
 9 APPPATH\Controllers\Ebook.php(44): view('v_template_admin', [...])
10 SYSTEMPATH\CodeIgniter.php(933): App\Controllers\Ebook->index()
11 SYSTEMPATH\CodeIgniter.php(509): CodeIgniter\CodeIgniter->runController(Object(App\Controllers\Ebook))
12 SYSTEMPATH\CodeIgniter.php(355): CodeIgniter\CodeIgniter->handleRequest(null, Object(Config\Cache), false)
13 SYSTEMPATH\Boot.php(325): CodeIgniter\CodeIgniter->run()
14 SYSTEMPATH\Boot.php(67): CodeIgniter\Boot::runCodeIgniter(Object(CodeIgniter\CodeIgniter))
15 FCPATH\index.php(56): CodeIgniter\Boot::bootWeb(Object(Config\Paths))
WARNING - 2026-05-13 04:49:26 --> [DEPRECATED] strtotime(): Passing null to parameter #1 ($datetime) of type string is deprecated in APPPATH\Views\Ebook\v_index.php on line 83.
 1 APPPATH\Views\Ebook\v_index.php(83): strtotime(null)
 2 SYSTEMPATH\View\View.php(234): include('C:\\xampp\\htdocs\\si_ekatalog_ci4\\app\\Views\\Ebook\\v_index.php')
 3 SYSTEMPATH\View\View.php(237): CodeIgniter\View\View->CodeIgniter\View\{closure}()
 4 SYSTEMPATH\Common.php(1171): CodeIgniter\View\View->render('ebook/v_index', [], true)
 5 APPPATH\Views\v_template_admin.php(288): view('ebook/v_index')
 6 SYSTEMPATH\View\View.php(234): include('C:\\xampp\\htdocs\\si_ekatalog_ci4\\app\\Views\\v_template_admin.php')
 7 SYSTEMPATH\View\View.php(237): CodeIgniter\View\View->CodeIgniter\View\{closure}()
 8 SYSTEMPATH\Common.php(1171): CodeIgniter\View\View->render('v_template_admin', [], true)
 9 APPPATH\Controllers\Ebook.php(44): view('v_template_admin', [...])
10 SYSTEMPATH\CodeIgniter.php(933): App\Controllers\Ebook->index()
11 SYSTEMPATH\CodeIgniter.php(509): CodeIgniter\CodeIgniter->runController(Object(App\Controllers\Ebook))
12 SYSTEMPATH\CodeIgniter.php(355): CodeIgniter\CodeIgniter->handleRequest(null, Object(Config\Cache), false)
13 SYSTEMPATH\Boot.php(325): CodeIgniter\CodeIgniter->run()
14 SYSTEMPATH\Boot.php(67): CodeIgniter\Boot::runCodeIgniter(Object(CodeIgniter\CodeIgniter))
15 FCPATH\index.php(56): CodeIgniter\Boot::bootWeb(Object(Config\Paths))
WARNING - 2026-05-13 04:49:26 --> [DEPRECATED] strtotime(): Passing null to parameter #1 ($datetime) of type string is deprecated in APPPATH\Views\Ebook\v_index.php on line 83.
 1 APPPATH\Views\Ebook\v_index.php(83): strtotime(null)
 2 SYSTEMPATH\View\View.php(234): include('C:\\xampp\\htdocs\\si_ekatalog_ci4\\app\\Views\\Ebook\\v_index.php')
 3 SYSTEMPATH\View\View.php(237): CodeIgniter\View\View->CodeIgniter\View\{closure}()
 4 SYSTEMPATH\Common.php(1171): CodeIgniter\View\View->render('ebook/v_index', [], true)
 5 APPPATH\Views\v_template_admin.php(288): view('ebook/v_index')
 6 SYSTEMPATH\View\View.php(234): include('C:\\xampp\\htdocs\\si_ekatalog_ci4\\app\\Views\\v_template_admin.php')
 7 SYSTEMPATH\View\View.php(237): CodeIgniter\View\View->CodeIgniter\View\{closure}()
 8 SYSTEMPATH\Common.php(1171): CodeIgniter\View\View->render('v_template_admin', [], true)
 9 APPPATH\Controllers\Ebook.php(44): view('v_template_admin', [...])
10 SYSTEMPATH\CodeIgniter.php(933): App\Controllers\Ebook->index()
11 SYSTEMPATH\CodeIgniter.php(509): CodeIgniter\CodeIgniter->runController(Object(App\Controllers\Ebook))
12 SYSTEMPATH\CodeIgniter.php(355): CodeIgniter\CodeIgniter->handleRequest(null, Object(Config\Cache), false)
13 SYSTEMPATH\Boot.php(325): CodeIgniter\CodeIgniter->run()
14 SYSTEMPATH\Boot.php(67): CodeIgniter\Boot::runCodeIgniter(Object(CodeIgniter\CodeIgniter))
15 FCPATH\index.php(56): CodeIgniter\Boot::bootWeb(Object(Config\Paths))
WARNING - 2026-05-13 04:49:26 --> [DEPRECATED] strtotime(): Passing null to parameter #1 ($datetime) of type string is deprecated in APPPATH\Views\Ebook\v_index.php on line 83.
 1 APPPATH\Views\Ebook\v_index.php(83): strtotime(null)
 2 SYSTEMPATH\View\View.php(234): include('C:\\xampp\\htdocs\\si_ekatalog_ci4\\app\\Views\\Ebook\\v_index.php')
 3 SYSTEMPATH\View\View.php(237): CodeIgniter\View\View->CodeIgniter\View\{closure}()
 4 SYSTEMPATH\Common.php(1171): CodeIgniter\View\View->render('ebook/v_index', [], true)
 5 APPPATH\Views\v_template_admin.php(288): view('ebook/v_index')
 6 SYSTEMPATH\View\View.php(234): include('C:\\xampp\\htdocs\\si_ekatalog_ci4\\app\\Views\\v_template_admin.php')
 7 SYSTEMPATH\View\View.php(237): CodeIgniter\View\View->CodeIgniter\View\{closure}()
 8 SYSTEMPATH\Common.php(1171): CodeIgniter\View\View->render('v_template_admin', [], true)
 9 APPPATH\Controllers\Ebook.php(44): view('v_template_admin', [...])
10 SYSTEMPATH\CodeIgniter.php(933): App\Controllers\Ebook->index()
11 SYSTEMPATH\CodeIgniter.php(509): CodeIgniter\CodeIgniter->runController(Object(App\Controllers\Ebook))
12 SYSTEMPATH\CodeIgniter.php(355): CodeIgniter\CodeIgniter->handleRequest(null, Object(Config\Cache), false)
13 SYSTEMPATH\Boot.php(325): CodeIgniter\CodeIgniter->run()
14 SYSTEMPATH\Boot.php(67): CodeIgniter\Boot::runCodeIgniter(Object(CodeIgniter\CodeIgniter))
15 FCPATH\index.php(56): CodeIgniter\Boot::bootWeb(Object(Config\Paths))
WARNING - 2026-05-13 04:49:26 --> [DEPRECATED] strtotime(): Passing null to parameter #1 ($datetime) of type string is deprecated in APPPATH\Views\Ebook\v_index.php on line 83.
 1 APPPATH\Views\Ebook\v_index.php(83): strtotime(null)
 2 SYSTEMPATH\View\View.php(234): include('C:\\xampp\\htdocs\\si_ekatalog_ci4\\app\\Views\\Ebook\\v_index.php')
 3 SYSTEMPATH\View\View.php(237): CodeIgniter\View\View->CodeIgniter\View\{closure}()
 4 SYSTEMPATH\Common.php(1171): CodeIgniter\View\View->render('ebook/v_index', [], true)
 5 APPPATH\Views\v_template_admin.php(288): view('ebook/v_index')
 6 SYSTEMPATH\View\View.php(234): include('C:\\xampp\\htdocs\\si_ekatalog_ci4\\app\\Views\\v_template_admin.php')
 7 SYSTEMPATH\View\View.php(237): CodeIgniter\View\View->CodeIgniter\View\{closure}()
 8 SYSTEMPATH\Common.php(1171): CodeIgniter\View\View->render('v_template_admin', [], true)
 9 APPPATH\Controllers\Ebook.php(44): view('v_template_admin', [...])
10 SYSTEMPATH\CodeIgniter.php(933): App\Controllers\Ebook->index()
11 SYSTEMPATH\CodeIgniter.php(509): CodeIgniter\CodeIgniter->runController(Object(App\Controllers\Ebook))
12 SYSTEMPATH\CodeIgniter.php(355): CodeIgniter\CodeIgniter->handleRequest(null, Object(Config\Cache), false)
13 SYSTEMPATH\Boot.php(325): CodeIgniter\CodeIgniter->run()
14 SYSTEMPATH\Boot.php(67): CodeIgniter\Boot::runCodeIgniter(Object(CodeIgniter\CodeIgniter))
15 FCPATH\index.php(56): CodeIgniter\Boot::bootWeb(Object(Config\Paths))
WARNING - 2026-05-13 04:49:26 --> [DEPRECATED] strtotime(): Passing null to parameter #1 ($datetime) of type string is deprecated in APPPATH\Views\Ebook\v_index.php on line 83.
 1 APPPATH\Views\Ebook\v_index.php(83): strtotime(null)
 2 SYSTEMPATH\View\View.php(234): include('C:\\xampp\\htdocs\\si_ekatalog_ci4\\app\\Views\\Ebook\\v_index.php')
 3 SYSTEMPATH\View\View.php(237): CodeIgniter\View\View->CodeIgniter\View\{closure}()
 4 SYSTEMPATH\Common.php(1171): CodeIgniter\View\View->render('ebook/v_index', [], true)
 5 APPPATH\Views\v_template_admin.php(288): view('ebook/v_index')
 6 SYSTEMPATH\View\View.php(234): include('C:\\xampp\\htdocs\\si_ekatalog_ci4\\app\\Views\\v_template_admin.php')
 7 SYSTEMPATH\View\View.php(237): CodeIgniter\View\View->CodeIgniter\View\{closure}()
 8 SYSTEMPATH\Common.php(1171): CodeIgniter\View\View->render('v_template_admin', [], true)
 9 APPPATH\Controllers\Ebook.php(44): view('v_template_admin', [...])
10 SYSTEMPATH\CodeIgniter.php(933): App\Controllers\Ebook->index()
11 SYSTEMPATH\CodeIgniter.php(509): CodeIgniter\CodeIgniter->runController(Object(App\Controllers\Ebook))
12 SYSTEMPATH\CodeIgniter.php(355): CodeIgniter\CodeIgniter->handleRequest(null, Object(Config\Cache), false)
13 SYSTEMPATH\Boot.php(325): CodeIgniter\CodeIgniter->run()
14 SYSTEMPATH\Boot.php(67): CodeIgniter\Boot::runCodeIgniter(Object(CodeIgniter\CodeIgniter))
15 FCPATH\index.php(56): CodeIgniter\Boot::bootWeb(Object(Config\Paths))
WARNING - 2026-05-13 04:49:26 --> [DEPRECATED] strtotime(): Passing null to parameter #1 ($datetime) of type string is deprecated in APPPATH\Views\Ebook\v_index.php on line 83.
 1 APPPATH\Views\Ebook\v_index.php(83): strtotime(null)
 2 SYSTEMPATH\View\View.php(234): include('C:\\xampp\\htdocs\\si_ekatalog_ci4\\app\\Views\\Ebook\\v_index.php')
 3 SYSTEMPATH\View\View.php(237): CodeIgniter\View\View->CodeIgniter\View\{closure}()
 4 SYSTEMPATH\Common.php(1171): CodeIgniter\View\View->render('ebook/v_index', [], true)
 5 APPPATH\Views\v_template_admin.php(288): view('ebook/v_index')
 6 SYSTEMPATH\View\View.php(234): include('C:\\xampp\\htdocs\\si_ekatalog_ci4\\app\\Views\\v_template_admin.php')
 7 SYSTEMPATH\View\View.php(237): CodeIgniter\View\View->CodeIgniter\View\{closure}()
 8 SYSTEMPATH\Common.php(1171): CodeIgniter\View\View->render('v_template_admin', [], true)
 9 APPPATH\Controllers\Ebook.php(44): view('v_template_admin', [...])
10 SYSTEMPATH\CodeIgniter.php(933): App\Controllers\Ebook->index()
11 SYSTEMPATH\CodeIgniter.php(509): CodeIgniter\CodeIgniter->runController(Object(App\Controllers\Ebook))
12 SYSTEMPATH\CodeIgniter.php(355): CodeIgniter\CodeIgniter->handleRequest(null, Object(Config\Cache), false)
13 SYSTEMPATH\Boot.php(325): CodeIgniter\CodeIgniter->run()
14 SYSTEMPATH\Boot.php(67): CodeIgniter\Boot::runCodeIgniter(Object(CodeIgniter\CodeIgniter))
15 FCPATH\index.php(56): CodeIgniter\Boot::bootWeb(Object(Config\Paths))
WARNING - 2026-05-13 04:49:26 --> [DEPRECATED] strtotime(): Passing null to parameter #1 ($datetime) of type string is deprecated in APPPATH\Views\Ebook\v_index.php on line 83.
 1 APPPATH\Views\Ebook\v_index.php(83): strtotime(null)
 2 SYSTEMPATH\View\View.php(234): include('C:\\xampp\\htdocs\\si_ekatalog_ci4\\app\\Views\\Ebook\\v_index.php')
 3 SYSTEMPATH\View\View.php(237): CodeIgniter\View\View->CodeIgniter\View\{closure}()
 4 SYSTEMPATH\Common.php(1171): CodeIgniter\View\View->render('ebook/v_index', [], true)
 5 APPPATH\Views\v_template_admin.php(288): view('ebook/v_index')
 6 SYSTEMPATH\View\View.php(234): include('C:\\xampp\\htdocs\\si_ekatalog_ci4\\app\\Views\\v_template_admin.php')
 7 SYSTEMPATH\View\View.php(237): CodeIgniter\View\View->CodeIgniter\View\{closure}()
 8 SYSTEMPATH\Common.php(1171): CodeIgniter\View\View->render('v_template_admin', [], true)
 9 APPPATH\Controllers\Ebook.php(44): view('v_template_admin', [...])
10 SYSTEMPATH\CodeIgniter.php(933): App\Controllers\Ebook->index()
11 SYSTEMPATH\CodeIgniter.php(509): CodeIgniter\CodeIgniter->runController(Object(App\Controllers\Ebook))
12 SYSTEMPATH\CodeIgniter.php(355): CodeIgniter\CodeIgniter->handleRequest(null, Object(Config\Cache), false)
13 SYSTEMPATH\Boot.php(325): CodeIgniter\CodeIgniter->run()
14 SYSTEMPATH\Boot.php(67): CodeIgniter\Boot::runCodeIgniter(Object(CodeIgniter\CodeIgniter))
15 FCPATH\index.php(56): CodeIgniter\Boot::bootWeb(Object(Config\Paths))
WARNING - 2026-05-13 04:49:27 --> [DEPRECATED] strtotime(): Passing null to parameter #1 ($datetime) of type string is deprecated in APPPATH\Views\Ebook\v_index.php on line 83.
 1 APPPATH\Views\Ebook\v_index.php(83): strtotime(null)
 2 SYSTEMPATH\View\View.php(234): include('C:\\xampp\\htdocs\\si_ekatalog_ci4\\app\\Views\\Ebook\\v_index.php')
 3 SYSTEMPATH\View\View.php(237): CodeIgniter\View\View->CodeIgniter\View\{closure}()
 4 SYSTEMPATH\Common.php(1171): CodeIgniter\View\View->render('ebook/v_index', [], true)
 5 APPPATH\Views\v_template_admin.php(288): view('ebook/v_index')
 6 SYSTEMPATH\View\View.php(234): include('C:\\xampp\\htdocs\\si_ekatalog_ci4\\app\\Views\\v_template_admin.php')
 7 SYSTEMPATH\View\View.php(237): CodeIgniter\View\View->CodeIgniter\View\{closure}()
 8 SYSTEMPATH\Common.php(1171): CodeIgniter\View\View->render('v_template_admin', [], true)
 9 APPPATH\Controllers\Ebook.php(44): view('v_template_admin', [...])
10 SYSTEMPATH\CodeIgniter.php(933): App\Controllers\Ebook->index()
11 SYSTEMPATH\CodeIgniter.php(509): CodeIgniter\CodeIgniter->runController(Object(App\Controllers\Ebook))
12 SYSTEMPATH\CodeIgniter.php(355): CodeIgniter\CodeIgniter->handleRequest(null, Object(Config\Cache), false)
13 SYSTEMPATH\Boot.php(325): CodeIgniter\CodeIgniter->run()
14 SYSTEMPATH\Boot.php(67): CodeIgniter\Boot::runCodeIgniter(Object(CodeIgniter\CodeIgniter))
15 FCPATH\index.php(56): CodeIgniter\Boot::bootWeb(Object(Config\Paths))
WARNING - 2026-05-13 04:49:27 --> [DEPRECATED] strtotime(): Passing null to parameter #1 ($datetime) of type string is deprecated in APPPATH\Views\Ebook\v_index.php on line 83.
 1 APPPATH\Views\Ebook\v_index.php(83): strtotime(null)
 2 SYSTEMPATH\View\View.php(234): include('C:\\xampp\\htdocs\\si_ekatalog_ci4\\app\\Views\\Ebook\\v_index.php')
 3 SYSTEMPATH\View\View.php(237): CodeIgniter\View\View->CodeIgniter\View\{closure}()
 4 SYSTEMPATH\Common.php(1171): CodeIgniter\View\View->render('ebook/v_index', [], true)
 5 APPPATH\Views\v_template_admin.php(288): view('ebook/v_index')
 6 SYSTEMPATH\View\View.php(234): include('C:\\xampp\\htdocs\\si_ekatalog_ci4\\app\\Views\\v_template_admin.php')
 7 SYSTEMPATH\View\View.php(237): CodeIgniter\View\View->CodeIgniter\View\{closure}()
 8 SYSTEMPATH\Common.php(1171): CodeIgniter\View\View->render('v_template_admin', [], true)
 9 APPPATH\Controllers\Ebook.php(44): view('v_template_admin', [...])
10 SYSTEMPATH\CodeIgniter.php(933): App\Controllers\Ebook->index()
11 SYSTEMPATH\CodeIgniter.php(509): CodeIgniter\CodeIgniter->runController(Object(App\Controllers\Ebook))
12 SYSTEMPATH\CodeIgniter.php(355): CodeIgniter\CodeIgniter->handleRequest(null, Object(Config\Cache), false)
13 SYSTEMPATH\Boot.php(325): CodeIgniter\CodeIgniter->run()
14 SYSTEMPATH\Boot.php(67): CodeIgniter\Boot::runCodeIgniter(Object(CodeIgniter\CodeIgniter))
15 FCPATH\index.php(56): CodeIgniter\Boot::bootWeb(Object(Config\Paths))
WARNING - 2026-05-13 04:49:27 --> [DEPRECATED] strtotime(): Passing null to parameter #1 ($datetime) of type string is deprecated in APPPATH\Views\Ebook\v_index.php on line 83.
 1 APPPATH\Views\Ebook\v_index.php(83): strtotime(null)
 2 SYSTEMPATH\View\View.php(234): include('C:\\xampp\\htdocs\\si_ekatalog_ci4\\app\\Views\\Ebook\\v_index.php')
 3 SYSTEMPATH\View\View.php(237): CodeIgniter\View\View->CodeIgniter\View\{closure}()
 4 SYSTEMPATH\Common.php(1171): CodeIgniter\View\View->render('ebook/v_index', [], true)
 5 APPPATH\Views\v_template_admin.php(288): view('ebook/v_index')
 6 SYSTEMPATH\View\View.php(234): include('C:\\xampp\\htdocs\\si_ekatalog_ci4\\app\\Views\\v_template_admin.php')
 7 SYSTEMPATH\View\View.php(237): CodeIgniter\View\View->CodeIgniter\View\{closure}()
 8 SYSTEMPATH\Common.php(1171): CodeIgniter\View\View->render('v_template_admin', [], true)
 9 APPPATH\Controllers\Ebook.php(44): view('v_template_admin', [...])
10 SYSTEMPATH\CodeIgniter.php(933): App\Controllers\Ebook->index()
11 SYSTEMPATH\CodeIgniter.php(509): CodeIgniter\CodeIgniter->runController(Object(App\Controllers\Ebook))
12 SYSTEMPATH\CodeIgniter.php(355): CodeIgniter\CodeIgniter->handleRequest(null, Object(Config\Cache), false)
13 SYSTEMPATH\Boot.php(325): CodeIgniter\CodeIgniter->run()
14 SYSTEMPATH\Boot.php(67): CodeIgniter\Boot::runCodeIgniter(Object(CodeIgniter\CodeIgniter))
15 FCPATH\index.php(56): CodeIgniter\Boot::bootWeb(Object(Config\Paths))
WARNING - 2026-05-13 04:49:27 --> [DEPRECATED] strtotime(): Passing null to parameter #1 ($datetime) of type string is deprecated in APPPATH\Views\Ebook\v_index.php on line 83.
 1 APPPATH\Views\Ebook\v_index.php(83): strtotime(null)
 2 SYSTEMPATH\View\View.php(234): include('C:\\xampp\\htdocs\\si_ekatalog_ci4\\app\\Views\\Ebook\\v_index.php')
 3 SYSTEMPATH\View\View.php(237): CodeIgniter\View\View->CodeIgniter\View\{closure}()
 4 SYSTEMPATH\Common.php(1171): CodeIgniter\View\View->render('ebook/v_index', [], true)
 5 APPPATH\Views\v_template_admin.php(288): view('ebook/v_index')
 6 SYSTEMPATH\View\View.php(234): include('C:\\xampp\\htdocs\\si_ekatalog_ci4\\app\\Views\\v_template_admin.php')
 7 SYSTEMPATH\View\View.php(237): CodeIgniter\View\View->CodeIgniter\View\{closure}()
 8 SYSTEMPATH\Common.php(1171): CodeIgniter\View\View->render('v_template_admin', [], true)
 9 APPPATH\Controllers\Ebook.php(44): view('v_template_admin', [...])
10 SYSTEMPATH\CodeIgniter.php(933): App\Controllers\Ebook->index()
11 SYSTEMPATH\CodeIgniter.php(509): CodeIgniter\CodeIgniter->runController(Object(App\Controllers\Ebook))
12 SYSTEMPATH\CodeIgniter.php(355): CodeIgniter\CodeIgniter->handleRequest(null, Object(Config\Cache), false)
13 SYSTEMPATH\Boot.php(325): CodeIgniter\CodeIgniter->run()
14 SYSTEMPATH\Boot.php(67): CodeIgniter\Boot::runCodeIgniter(Object(CodeIgniter\CodeIgniter))
15 FCPATH\index.php(56): CodeIgniter\Boot::bootWeb(Object(Config\Paths))
WARNING - 2026-05-13 04:49:27 --> [DEPRECATED] strtotime(): Passing null to parameter #1 ($datetime) of type string is deprecated in APPPATH\Views\Ebook\v_index.php on line 83.
 1 APPPATH\Views\Ebook\v_index.php(83): strtotime(null)
 2 SYSTEMPATH\View\View.php(234): include('C:\\xampp\\htdocs\\si_ekatalog_ci4\\app\\Views\\Ebook\\v_index.php')
 3 SYSTEMPATH\View\View.php(237): CodeIgniter\View\View->CodeIgniter\View\{closure}()
 4 SYSTEMPATH\Common.php(1171): CodeIgniter\View\View->render('ebook/v_index', [], true)
 5 APPPATH\Views\v_template_admin.php(288): view('ebook/v_index')
 6 SYSTEMPATH\View\View.php(234): include('C:\\xampp\\htdocs\\si_ekatalog_ci4\\app\\Views\\v_template_admin.php')
 7 SYSTEMPATH\View\View.php(237): CodeIgniter\View\View->CodeIgniter\View\{closure}()
 8 SYSTEMPATH\Common.php(1171): CodeIgniter\View\View->render('v_template_admin', [], true)
 9 APPPATH\Controllers\Ebook.php(44): view('v_template_admin', [...])
10 SYSTEMPATH\CodeIgniter.php(933): App\Controllers\Ebook->index()
11 SYSTEMPATH\CodeIgniter.php(509): CodeIgniter\CodeIgniter->runController(Object(App\Controllers\Ebook))
12 SYSTEMPATH\CodeIgniter.php(355): CodeIgniter\CodeIgniter->handleRequest(null, Object(Config\Cache), false)
13 SYSTEMPATH\Boot.php(325): CodeIgniter\CodeIgniter->run()
14 SYSTEMPATH\Boot.php(67): CodeIgniter\Boot::runCodeIgniter(Object(CodeIgniter\CodeIgniter))
15 FCPATH\index.php(56): CodeIgniter\Boot::bootWeb(Object(Config\Paths))
WARNING - 2026-05-13 04:49:27 --> [DEPRECATED] strtotime(): Passing null to parameter #1 ($datetime) of type string is deprecated in APPPATH\Views\Ebook\v_index.php on line 83.
 1 APPPATH\Views\Ebook\v_index.php(83): strtotime(null)
 2 SYSTEMPATH\View\View.php(234): include('C:\\xampp\\htdocs\\si_ekatalog_ci4\\app\\Views\\Ebook\\v_index.php')
 3 SYSTEMPATH\View\View.php(237): CodeIgniter\View\View->CodeIgniter\View\{closure}()
 4 SYSTEMPATH\Common.php(1171): CodeIgniter\View\View->render('ebook/v_index', [], true)
 5 APPPATH\Views\v_template_admin.php(288): view('ebook/v_index')
 6 SYSTEMPATH\View\View.php(234): include('C:\\xampp\\htdocs\\si_ekatalog_ci4\\app\\Views\\v_template_admin.php')
 7 SYSTEMPATH\View\View.php(237): CodeIgniter\View\View->CodeIgniter\View\{closure}()
 8 SYSTEMPATH\Common.php(1171): CodeIgniter\View\View->render('v_template_admin', [], true)
 9 APPPATH\Controllers\Ebook.php(44): view('v_template_admin', [...])
10 SYSTEMPATH\CodeIgniter.php(933): App\Controllers\Ebook->index()
11 SYSTEMPATH\CodeIgniter.php(509): CodeIgniter\CodeIgniter->runController(Object(App\Controllers\Ebook))
12 SYSTEMPATH\CodeIgniter.php(355): CodeIgniter\CodeIgniter->handleRequest(null, Object(Config\Cache), false)
13 SYSTEMPATH\Boot.php(325): CodeIgniter\CodeIgniter->run()
14 SYSTEMPATH\Boot.php(67): CodeIgniter\Boot::runCodeIgniter(Object(CodeIgniter\CodeIgniter))
15 FCPATH\index.php(56): CodeIgniter\Boot::bootWeb(Object(Config\Paths))
WARNING - 2026-05-13 04:49:27 --> [DEPRECATED] strtotime(): Passing null to parameter #1 ($datetime) of type string is deprecated in APPPATH\Views\Ebook\v_index.php on line 83.
 1 APPPATH\Views\Ebook\v_index.php(83): strtotime(null)
 2 SYSTEMPATH\View\View.php(234): include('C:\\xampp\\htdocs\\si_ekatalog_ci4\\app\\Views\\Ebook\\v_index.php')
 3 SYSTEMPATH\View\View.php(237): CodeIgniter\View\View->CodeIgniter\View\{closure}()
 4 SYSTEMPATH\Common.php(1171): CodeIgniter\View\View->render('ebook/v_index', [], true)
 5 APPPATH\Views\v_template_admin.php(288): view('ebook/v_index')
 6 SYSTEMPATH\View\View.php(234): include('C:\\xampp\\htdocs\\si_ekatalog_ci4\\app\\Views\\v_template_admin.php')
 7 SYSTEMPATH\View\View.php(237): CodeIgniter\View\View->CodeIgniter\View\{closure}()
 8 SYSTEMPATH\Common.php(1171): CodeIgniter\View\View->render('v_template_admin', [], true)
 9 APPPATH\Controllers\Ebook.php(44): view('v_template_admin', [...])
10 SYSTEMPATH\CodeIgniter.php(933): App\Controllers\Ebook->index()
11 SYSTEMPATH\CodeIgniter.php(509): CodeIgniter\CodeIgniter->runController(Object(App\Controllers\Ebook))
12 SYSTEMPATH\CodeIgniter.php(355): CodeIgniter\CodeIgniter->handleRequest(null, Object(Config\Cache), false)
13 SYSTEMPATH\Boot.php(325): CodeIgniter\CodeIgniter->run()
14 SYSTEMPATH\Boot.php(67): CodeIgniter\Boot::runCodeIgniter(Object(CodeIgniter\CodeIgniter))
15 FCPATH\index.php(56): CodeIgniter\Boot::bootWeb(Object(Config\Paths))
WARNING - 2026-05-13 04:49:27 --> [DEPRECATED] strtotime(): Passing null to parameter #1 ($datetime) of type string is deprecated in APPPATH\Views\Ebook\v_index.php on line 83.
 1 APPPATH\Views\Ebook\v_index.php(83): strtotime(null)
 2 SYSTEMPATH\View\View.php(234): include('C:\\xampp\\htdocs\\si_ekatalog_ci4\\app\\Views\\Ebook\\v_index.php')
 3 SYSTEMPATH\View\View.php(237): CodeIgniter\View\View->CodeIgniter\View\{closure}()
 4 SYSTEMPATH\Common.php(1171): CodeIgniter\View\View->render('ebook/v_index', [], true)
 5 APPPATH\Views\v_template_admin.php(288): view('ebook/v_index')
 6 SYSTEMPATH\View\View.php(234): include('C:\\xampp\\htdocs\\si_ekatalog_ci4\\app\\Views\\v_template_admin.php')
 7 SYSTEMPATH\View\View.php(237): CodeIgniter\View\View->CodeIgniter\View\{closure}()
 8 SYSTEMPATH\Common.php(1171): CodeIgniter\View\View->render('v_template_admin', [], true)
 9 APPPATH\Controllers\Ebook.php(44): view('v_template_admin', [...])
10 SYSTEMPATH\CodeIgniter.php(933): App\Controllers\Ebook->index()
11 SYSTEMPATH\CodeIgniter.php(509): CodeIgniter\CodeIgniter->runController(Object(App\Controllers\Ebook))
12 SYSTEMPATH\CodeIgniter.php(355): CodeIgniter\CodeIgniter->handleRequest(null, Object(Config\Cache), false)
13 SYSTEMPATH\Boot.php(325): CodeIgniter\CodeIgniter->run()
14 SYSTEMPATH\Boot.php(67): CodeIgniter\Boot::runCodeIgniter(Object(CodeIgniter\CodeIgniter))
15 FCPATH\index.php(56): CodeIgniter\Boot::bootWeb(Object(Config\Paths))
WARNING - 2026-05-13 04:49:27 --> [DEPRECATED] strtotime(): Passing null to parameter #1 ($datetime) of type string is deprecated in APPPATH\Views\Ebook\v_index.php on line 83.
 1 APPPATH\Views\Ebook\v_index.php(83): strtotime(null)
 2 SYSTEMPATH\View\View.php(234): include('C:\\xampp\\htdocs\\si_ekatalog_ci4\\app\\Views\\Ebook\\v_index.php')
 3 SYSTEMPATH\View\View.php(237): CodeIgniter\View\View->CodeIgniter\View\{closure}()
 4 SYSTEMPATH\Common.php(1171): CodeIgniter\View\View->render('ebook/v_index', [], true)
 5 APPPATH\Views\v_template_admin.php(288): view('ebook/v_index')
 6 SYSTEMPATH\View\View.php(234): include('C:\\xampp\\htdocs\\si_ekatalog_ci4\\app\\Views\\v_template_admin.php')
 7 SYSTEMPATH\View\View.php(237): CodeIgniter\View\View->CodeIgniter\View\{closure}()
 8 SYSTEMPATH\Common.php(1171): CodeIgniter\View\View->render('v_template_admin', [], true)
 9 APPPATH\Controllers\Ebook.php(44): view('v_template_admin', [...])
10 SYSTEMPATH\CodeIgniter.php(933): App\Controllers\Ebook->index()
11 SYSTEMPATH\CodeIgniter.php(509): CodeIgniter\CodeIgniter->runController(Object(App\Controllers\Ebook))
12 SYSTEMPATH\CodeIgniter.php(355): CodeIgniter\CodeIgniter->handleRequest(null, Object(Config\Cache), false)
13 SYSTEMPATH\Boot.php(325): CodeIgniter\CodeIgniter->run()
14 SYSTEMPATH\Boot.php(67): CodeIgniter\Boot::runCodeIgniter(Object(CodeIgniter\CodeIgniter))
15 FCPATH\index.php(56): CodeIgniter\Boot::bootWeb(Object(Config\Paths))
WARNING - 2026-05-13 04:49:27 --> [DEPRECATED] strtotime(): Passing null to parameter #1 ($datetime) of type string is deprecated in APPPATH\Views\Ebook\v_index.php on line 83.
 1 APPPATH\Views\Ebook\v_index.php(83): strtotime(null)
 2 SYSTEMPATH\View\View.php(234): include('C:\\xampp\\htdocs\\si_ekatalog_ci4\\app\\Views\\Ebook\\v_index.php')
 3 SYSTEMPATH\View\View.php(237): CodeIgniter\View\View->CodeIgniter\View\{closure}()
 4 SYSTEMPATH\Common.php(1171): CodeIgniter\View\View->render('ebook/v_index', [], true)
 5 APPPATH\Views\v_template_admin.php(288): view('ebook/v_index')
 6 SYSTEMPATH\View\View.php(234): include('C:\\xampp\\htdocs\\si_ekatalog_ci4\\app\\Views\\v_template_admin.php')
 7 SYSTEMPATH\View\View.php(237): CodeIgniter\View\View->CodeIgniter\View\{closure}()
 8 SYSTEMPATH\Common.php(1171): CodeIgniter\View\View->render('v_template_admin', [], true)
 9 APPPATH\Controllers\Ebook.php(44): view('v_template_admin', [...])
10 SYSTEMPATH\CodeIgniter.php(933): App\Controllers\Ebook->index()
11 SYSTEMPATH\CodeIgniter.php(509): CodeIgniter\CodeIgniter->runController(Object(App\Controllers\Ebook))
12 SYSTEMPATH\CodeIgniter.php(355): CodeIgniter\CodeIgniter->handleRequest(null, Object(Config\Cache), false)
13 SYSTEMPATH\Boot.php(325): CodeIgniter\CodeIgniter->run()
14 SYSTEMPATH\Boot.php(67): CodeIgniter\Boot::runCodeIgniter(Object(CodeIgniter\CodeIgniter))
15 FCPATH\index.php(56): CodeIgniter\Boot::bootWeb(Object(Config\Paths))
WARNING - 2026-05-13 04:49:27 --> [DEPRECATED] strtotime(): Passing null to parameter #1 ($datetime) of type string is deprecated in APPPATH\Views\Ebook\v_index.php on line 83.
 1 APPPATH\Views\Ebook\v_index.php(83): strtotime(null)
 2 SYSTEMPATH\View\View.php(234): include('C:\\xampp\\htdocs\\si_ekatalog_ci4\\app\\Views\\Ebook\\v_index.php')
 3 SYSTEMPATH\View\View.php(237): CodeIgniter\View\View->CodeIgniter\View\{closure}()
 4 SYSTEMPATH\Common.php(1171): CodeIgniter\View\View->render('ebook/v_index', [], true)
 5 APPPATH\Views\v_template_admin.php(288): view('ebook/v_index')
 6 SYSTEMPATH\View\View.php(234): include('C:\\xampp\\htdocs\\si_ekatalog_ci4\\app\\Views\\v_template_admin.php')
 7 SYSTEMPATH\View\View.php(237): CodeIgniter\View\View->CodeIgniter\View\{closure}()
 8 SYSTEMPATH\Common.php(1171): CodeIgniter\View\View->render('v_template_admin', [], true)
 9 APPPATH\Controllers\Ebook.php(44): view('v_template_admin', [...])
10 SYSTEMPATH\CodeIgniter.php(933): App\Controllers\Ebook->index()
11 SYSTEMPATH\CodeIgniter.php(509): CodeIgniter\CodeIgniter->runController(Object(App\Controllers\Ebook))
12 SYSTEMPATH\CodeIgniter.php(355): CodeIgniter\CodeIgniter->handleRequest(null, Object(Config\Cache), false)
13 SYSTEMPATH\Boot.php(325): CodeIgniter\CodeIgniter->run()
14 SYSTEMPATH\Boot.php(67): CodeIgniter\Boot::runCodeIgniter(Object(CodeIgniter\CodeIgniter))
15 FCPATH\index.php(56): CodeIgniter\Boot::bootWeb(Object(Config\Paths))
WARNING - 2026-05-13 04:49:27 --> [DEPRECATED] strtotime(): Passing null to parameter #1 ($datetime) of type string is deprecated in APPPATH\Views\Ebook\v_index.php on line 83.
 1 APPPATH\Views\Ebook\v_index.php(83): strtotime(null)
 2 SYSTEMPATH\View\View.php(234): include('C:\\xampp\\htdocs\\si_ekatalog_ci4\\app\\Views\\Ebook\\v_index.php')
 3 SYSTEMPATH\View\View.php(237): CodeIgniter\View\View->CodeIgniter\View\{closure}()
 4 SYSTEMPATH\Common.php(1171): CodeIgniter\View\View->render('ebook/v_index', [], true)
 5 APPPATH\Views\v_template_admin.php(288): view('ebook/v_index')
 6 SYSTEMPATH\View\View.php(234): include('C:\\xampp\\htdocs\\si_ekatalog_ci4\\app\\Views\\v_template_admin.php')
 7 SYSTEMPATH\View\View.php(237): CodeIgniter\View\View->CodeIgniter\View\{closure}()
 8 SYSTEMPATH\Common.php(1171): CodeIgniter\View\View->render('v_template_admin', [], true)
 9 APPPATH\Controllers\Ebook.php(44): view('v_template_admin', [...])
10 SYSTEMPATH\CodeIgniter.php(933): App\Controllers\Ebook->index()
11 SYSTEMPATH\CodeIgniter.php(509): CodeIgniter\CodeIgniter->runController(Object(App\Controllers\Ebook))
12 SYSTEMPATH\CodeIgniter.php(355): CodeIgniter\CodeIgniter->handleRequest(null, Object(Config\Cache), false)
13 SYSTEMPATH\Boot.php(325): CodeIgniter\CodeIgniter->run()
14 SYSTEMPATH\Boot.php(67): CodeIgniter\Boot::runCodeIgniter(Object(CodeIgniter\CodeIgniter))
15 FCPATH\index.php(56): CodeIgniter\Boot::bootWeb(Object(Config\Paths))
WARNING - 2026-05-13 04:49:27 --> [DEPRECATED] strtotime(): Passing null to parameter #1 ($datetime) of type string is deprecated in APPPATH\Views\Ebook\v_index.php on line 83.
 1 APPPATH\Views\Ebook\v_index.php(83): strtotime(null)
 2 SYSTEMPATH\View\View.php(234): include('C:\\xampp\\htdocs\\si_ekatalog_ci4\\app\\Views\\Ebook\\v_index.php')
 3 SYSTEMPATH\View\View.php(237): CodeIgniter\View\View->CodeIgniter\View\{closure}()
 4 SYSTEMPATH\Common.php(1171): CodeIgniter\View\View->render('ebook/v_index', [], true)
 5 APPPATH\Views\v_template_admin.php(288): view('ebook/v_index')
 6 SYSTEMPATH\View\View.php(234): include('C:\\xampp\\htdocs\\si_ekatalog_ci4\\app\\Views\\v_template_admin.php')
 7 SYSTEMPATH\View\View.php(237): CodeIgniter\View\View->CodeIgniter\View\{closure}()
 8 SYSTEMPATH\Common.php(1171): CodeIgniter\View\View->render('v_template_admin', [], true)
 9 APPPATH\Controllers\Ebook.php(44): view('v_template_admin', [...])
10 SYSTEMPATH\CodeIgniter.php(933): App\Controllers\Ebook->index()
11 SYSTEMPATH\CodeIgniter.php(509): CodeIgniter\CodeIgniter->runController(Object(App\Controllers\Ebook))
12 SYSTEMPATH\CodeIgniter.php(355): CodeIgniter\CodeIgniter->handleRequest(null, Object(Config\Cache), false)
13 SYSTEMPATH\Boot.php(325): CodeIgniter\CodeIgniter->run()
14 SYSTEMPATH\Boot.php(67): CodeIgniter\Boot::runCodeIgniter(Object(CodeIgniter\CodeIgniter))
15 FCPATH\index.php(56): CodeIgniter\Boot::bootWeb(Object(Config\Paths))
WARNING - 2026-05-13 04:49:27 --> [DEPRECATED] strtotime(): Passing null to parameter #1 ($datetime) of type string is deprecated in APPPATH\Views\Ebook\v_index.php on line 83.
 1 APPPATH\Views\Ebook\v_index.php(83): strtotime(null)
 2 SYSTEMPATH\View\View.php(234): include('C:\\xampp\\htdocs\\si_ekatalog_ci4\\app\\Views\\Ebook\\v_index.php')
 3 SYSTEMPATH\View\View.php(237): CodeIgniter\View\View->CodeIgniter\View\{closure}()
 4 SYSTEMPATH\Common.php(1171): CodeIgniter\View\View->render('ebook/v_index', [], true)
 5 APPPATH\Views\v_template_admin.php(288): view('ebook/v_index')
 6 SYSTEMPATH\View\View.php(234): include('C:\\xampp\\htdocs\\si_ekatalog_ci4\\app\\Views\\v_template_admin.php')
 7 SYSTEMPATH\View\View.php(237): CodeIgniter\View\View->CodeIgniter\View\{closure}()
 8 SYSTEMPATH\Common.php(1171): CodeIgniter\View\View->render('v_template_admin', [], true)
 9 APPPATH\Controllers\Ebook.php(44): view('v_template_admin', [...])
10 SYSTEMPATH\CodeIgniter.php(933): App\Controllers\Ebook->index()
11 SYSTEMPATH\CodeIgniter.php(509): CodeIgniter\CodeIgniter->runController(Object(App\Controllers\Ebook))
12 SYSTEMPATH\CodeIgniter.php(355): CodeIgniter\CodeIgniter->handleRequest(null, Object(Config\Cache), false)
13 SYSTEMPATH\Boot.php(325): CodeIgniter\CodeIgniter->run()
14 SYSTEMPATH\Boot.php(67): CodeIgniter\Boot::runCodeIgniter(Object(CodeIgniter\CodeIgniter))
15 FCPATH\index.php(56): CodeIgniter\Boot::bootWeb(Object(Config\Paths))
WARNING - 2026-05-13 04:49:27 --> [DEPRECATED] strtotime(): Passing null to parameter #1 ($datetime) of type string is deprecated in APPPATH\Views\Ebook\v_index.php on line 83.
 1 APPPATH\Views\Ebook\v_index.php(83): strtotime(null)
 2 SYSTEMPATH\View\View.php(234): include('C:\\xampp\\htdocs\\si_ekatalog_ci4\\app\\Views\\Ebook\\v_index.php')
 3 SYSTEMPATH\View\View.php(237): CodeIgniter\View\View->CodeIgniter\View\{closure}()
 4 SYSTEMPATH\Common.php(1171): CodeIgniter\View\View->render('ebook/v_index', [], true)
 5 APPPATH\Views\v_template_admin.php(288): view('ebook/v_index')
 6 SYSTEMPATH\View\View.php(234): include('C:\\xampp\\htdocs\\si_ekatalog_ci4\\app\\Views\\v_template_admin.php')
 7 SYSTEMPATH\View\View.php(237): CodeIgniter\View\View->CodeIgniter\View\{closure}()
 8 SYSTEMPATH\Common.php(1171): CodeIgniter\View\View->render('v_template_admin', [], true)
 9 APPPATH\Controllers\Ebook.php(44): view('v_template_admin', [...])
10 SYSTEMPATH\CodeIgniter.php(933): App\Controllers\Ebook->index()
11 SYSTEMPATH\CodeIgniter.php(509): CodeIgniter\CodeIgniter->runController(Object(App\Controllers\Ebook))
12 SYSTEMPATH\CodeIgniter.php(355): CodeIgniter\CodeIgniter->handleRequest(null, Object(Config\Cache), false)
13 SYSTEMPATH\Boot.php(325): CodeIgniter\CodeIgniter->run()
14 SYSTEMPATH\Boot.php(67): CodeIgniter\Boot::runCodeIgniter(Object(CodeIgniter\CodeIgniter))
15 FCPATH\index.php(56): CodeIgniter\Boot::bootWeb(Object(Config\Paths))
WARNING - 2026-05-13 04:49:27 --> [DEPRECATED] strtotime(): Passing null to parameter #1 ($datetime) of type string is deprecated in APPPATH\Views\Ebook\v_index.php on line 83.
 1 APPPATH\Views\Ebook\v_index.php(83): strtotime(null)
 2 SYSTEMPATH\View\View.php(234): include('C:\\xampp\\htdocs\\si_ekatalog_ci4\\app\\Views\\Ebook\\v_index.php')
 3 SYSTEMPATH\View\View.php(237): CodeIgniter\View\View->CodeIgniter\View\{closure}()
 4 SYSTEMPATH\Common.php(1171): CodeIgniter\View\View->render('ebook/v_index', [], true)
 5 APPPATH\Views\v_template_admin.php(288): view('ebook/v_index')
 6 SYSTEMPATH\View\View.php(234): include('C:\\xampp\\htdocs\\si_ekatalog_ci4\\app\\Views\\v_template_admin.php')
 7 SYSTEMPATH\View\View.php(237): CodeIgniter\View\View->CodeIgniter\View\{closure}()
 8 SYSTEMPATH\Common.php(1171): CodeIgniter\View\View->render('v_template_admin', [], true)
 9 APPPATH\Controllers\Ebook.php(44): view('v_template_admin', [...])
10 SYSTEMPATH\CodeIgniter.php(933): App\Controllers\Ebook->index()
11 SYSTEMPATH\CodeIgniter.php(509): CodeIgniter\CodeIgniter->runController(Object(App\Controllers\Ebook))
12 SYSTEMPATH\CodeIgniter.php(355): CodeIgniter\CodeIgniter->handleRequest(null, Object(Config\Cache), false)
13 SYSTEMPATH\Boot.php(325): CodeIgniter\CodeIgniter->run()
14 SYSTEMPATH\Boot.php(67): CodeIgniter\Boot::runCodeIgniter(Object(CodeIgniter\CodeIgniter))
15 FCPATH\index.php(56): CodeIgniter\Boot::bootWeb(Object(Config\Paths))
WARNING - 2026-05-13 04:49:27 --> [DEPRECATED] strtotime(): Passing null to parameter #1 ($datetime) of type string is deprecated in APPPATH\Views\Ebook\v_index.php on line 83.
 1 APPPATH\Views\Ebook\v_index.php(83): strtotime(null)
 2 SYSTEMPATH\View\View.php(234): include('C:\\xampp\\htdocs\\si_ekatalog_ci4\\app\\Views\\Ebook\\v_index.php')
 3 SYSTEMPATH\View\View.php(237): CodeIgniter\View\View->CodeIgniter\View\{closure}()
 4 SYSTEMPATH\Common.php(1171): CodeIgniter\View\View->render('ebook/v_index', [], true)
 5 APPPATH\Views\v_template_admin.php(288): view('ebook/v_index')
 6 SYSTEMPATH\View\View.php(234): include('C:\\xampp\\htdocs\\si_ekatalog_ci4\\app\\Views\\v_template_admin.php')
 7 SYSTEMPATH\View\View.php(237): CodeIgniter\View\View->CodeIgniter\View\{closure}()
 8 SYSTEMPATH\Common.php(1171): CodeIgniter\View\View->render('v_template_admin', [], true)
 9 APPPATH\Controllers\Ebook.php(44): view('v_template_admin', [...])
10 SYSTEMPATH\CodeIgniter.php(933): App\Controllers\Ebook->index()
11 SYSTEMPATH\CodeIgniter.php(509): CodeIgniter\CodeIgniter->runController(Object(App\Controllers\Ebook))
12 SYSTEMPATH\CodeIgniter.php(355): CodeIgniter\CodeIgniter->handleRequest(null, Object(Config\Cache), false)
13 SYSTEMPATH\Boot.php(325): CodeIgniter\CodeIgniter->run()
14 SYSTEMPATH\Boot.php(67): CodeIgniter\Boot::runCodeIgniter(Object(CodeIgniter\CodeIgniter))
15 FCPATH\index.php(56): CodeIgniter\Boot::bootWeb(Object(Config\Paths))
WARNING - 2026-05-13 04:49:27 --> [DEPRECATED] strtotime(): Passing null to parameter #1 ($datetime) of type string is deprecated in APPPATH\Views\Ebook\v_index.php on line 83.
 1 APPPATH\Views\Ebook\v_index.php(83): strtotime(null)
 2 SYSTEMPATH\View\View.php(234): include('C:\\xampp\\htdocs\\si_ekatalog_ci4\\app\\Views\\Ebook\\v_index.php')
 3 SYSTEMPATH\View\View.php(237): CodeIgniter\View\View->CodeIgniter\View\{closure}()
 4 SYSTEMPATH\Common.php(1171): CodeIgniter\View\View->render('ebook/v_index', [], true)
 5 APPPATH\Views\v_template_admin.php(288): view('ebook/v_index')
 6 SYSTEMPATH\View\View.php(234): include('C:\\xampp\\htdocs\\si_ekatalog_ci4\\app\\Views\\v_template_admin.php')
 7 SYSTEMPATH\View\View.php(237): CodeIgniter\View\View->CodeIgniter\View\{closure}()
 8 SYSTEMPATH\Common.php(1171): CodeIgniter\View\View->render('v_template_admin', [], true)
 9 APPPATH\Controllers\Ebook.php(44): view('v_template_admin', [...])
10 SYSTEMPATH\CodeIgniter.php(933): App\Controllers\Ebook->index()
11 SYSTEMPATH\CodeIgniter.php(509): CodeIgniter\CodeIgniter->runController(Object(App\Controllers\Ebook))
12 SYSTEMPATH\CodeIgniter.php(355): CodeIgniter\CodeIgniter->handleRequest(null, Object(Config\Cache), false)
13 SYSTEMPATH\Boot.php(325): CodeIgniter\CodeIgniter->run()
14 SYSTEMPATH\Boot.php(67): CodeIgniter\Boot::runCodeIgniter(Object(CodeIgniter\CodeIgniter))
15 FCPATH\index.php(56): CodeIgniter\Boot::bootWeb(Object(Config\Paths))
WARNING - 2026-05-13 04:49:27 --> [DEPRECATED] strtotime(): Passing null to parameter #1 ($datetime) of type string is deprecated in APPPATH\Views\Ebook\v_index.php on line 83.
 1 APPPATH\Views\Ebook\v_index.php(83): strtotime(null)
 2 SYSTEMPATH\View\View.php(234): include('C:\\xampp\\htdocs\\si_ekatalog_ci4\\app\\Views\\Ebook\\v_index.php')
 3 SYSTEMPATH\View\View.php(237): CodeIgniter\View\View->CodeIgniter\View\{closure}()
 4 SYSTEMPATH\Common.php(1171): CodeIgniter\View\View->render('ebook/v_index', [], true)
 5 APPPATH\Views\v_template_admin.php(288): view('ebook/v_index')
 6 SYSTEMPATH\View\View.php(234): include('C:\\xampp\\htdocs\\si_ekatalog_ci4\\app\\Views\\v_template_admin.php')
 7 SYSTEMPATH\View\View.php(237): CodeIgniter\View\View->CodeIgniter\View\{closure}()
 8 SYSTEMPATH\Common.php(1171): CodeIgniter\View\View->render('v_template_admin', [], true)
 9 APPPATH\Controllers\Ebook.php(44): view('v_template_admin', [...])
10 SYSTEMPATH\CodeIgniter.php(933): App\Controllers\Ebook->index()
11 SYSTEMPATH\CodeIgniter.php(509): CodeIgniter\CodeIgniter->runController(Object(App\Controllers\Ebook))
12 SYSTEMPATH\CodeIgniter.php(355): CodeIgniter\CodeIgniter->handleRequest(null, Object(Config\Cache), false)
13 SYSTEMPATH\Boot.php(325): CodeIgniter\CodeIgniter->run()
14 SYSTEMPATH\Boot.php(67): CodeIgniter\Boot::runCodeIgniter(Object(CodeIgniter\CodeIgniter))
15 FCPATH\index.php(56): CodeIgniter\Boot::bootWeb(Object(Config\Paths))
WARNING - 2026-05-13 04:49:27 --> [DEPRECATED] strtotime(): Passing null to parameter #1 ($datetime) of type string is deprecated in APPPATH\Views\Ebook\v_index.php on line 83.
 1 APPPATH\Views\Ebook\v_index.php(83): strtotime(null)
 2 SYSTEMPATH\View\View.php(234): include('C:\\xampp\\htdocs\\si_ekatalog_ci4\\app\\Views\\Ebook\\v_index.php')
 3 SYSTEMPATH\View\View.php(237): CodeIgniter\View\View->CodeIgniter\View\{closure}()
 4 SYSTEMPATH\Common.php(1171): CodeIgniter\View\View->render('ebook/v_index', [], true)
 5 APPPATH\Views\v_template_admin.php(288): view('ebook/v_index')
 6 SYSTEMPATH\View\View.php(234): include('C:\\xampp\\htdocs\\si_ekatalog_ci4\\app\\Views\\v_template_admin.php')
 7 SYSTEMPATH\View\View.php(237): CodeIgniter\View\View->CodeIgniter\View\{closure}()
 8 SYSTEMPATH\Common.php(1171): CodeIgniter\View\View->render('v_template_admin', [], true)
 9 APPPATH\Controllers\Ebook.php(44): view('v_template_admin', [...])
10 SYSTEMPATH\CodeIgniter.php(933): App\Controllers\Ebook->index()
11 SYSTEMPATH\CodeIgniter.php(509): CodeIgniter\CodeIgniter->runController(Object(App\Controllers\Ebook))
12 SYSTEMPATH\CodeIgniter.php(355): CodeIgniter\CodeIgniter->handleRequest(null, Object(Config\Cache), false)
13 SYSTEMPATH\Boot.php(325): CodeIgniter\CodeIgniter->run()
14 SYSTEMPATH\Boot.php(67): CodeIgniter\Boot::runCodeIgniter(Object(CodeIgniter\CodeIgniter))
15 FCPATH\index.php(56): CodeIgniter\Boot::bootWeb(Object(Config\Paths))
INFO - 2026-05-13 04:49:28 --> Session: Class initialized using 'CodeIgniter\Session\Handlers\FileHandler' driver.
WARNING - 2026-05-13 04:49:28 --> [DEPRECATED] strtotime(): Passing null to parameter #1 ($datetime) of type string is deprecated in APPPATH\Views\Ebook\v_index.php on line 83.
 1 APPPATH\Views\Ebook\v_index.php(83): strtotime(null)
 2 SYSTEMPATH\View\View.php(234): include('C:\\xampp\\htdocs\\si_ekatalog_ci4\\app\\Views\\Ebook\\v_index.php')
 3 SYSTEMPATH\View\View.php(237): CodeIgniter\View\View->CodeIgniter\View\{closure}()
 4 SYSTEMPATH\Common.php(1171): CodeIgniter\View\View->render('ebook/v_index', [], true)
 5 APPPATH\Views\v_template_admin.php(288): view('ebook/v_index')
 6 SYSTEMPATH\View\View.php(234): include('C:\\xampp\\htdocs\\si_ekatalog_ci4\\app\\Views\\v_template_admin.php')
 7 SYSTEMPATH\View\View.php(237): CodeIgniter\View\View->CodeIgniter\View\{closure}()
 8 SYSTEMPATH\Common.php(1171): CodeIgniter\View\View->render('v_template_admin', [], true)
 9 APPPATH\Controllers\Ebook.php(44): view('v_template_admin', [...])
10 SYSTEMPATH\CodeIgniter.php(933): App\Controllers\Ebook->index()
11 SYSTEMPATH\CodeIgniter.php(509): CodeIgniter\CodeIgniter->runController(Object(App\Controllers\Ebook))
12 SYSTEMPATH\CodeIgniter.php(355): CodeIgniter\CodeIgniter->handleRequest(null, Object(Config\Cache), false)
13 SYSTEMPATH\Boot.php(325): CodeIgniter\CodeIgniter->run()
14 SYSTEMPATH\Boot.php(67): CodeIgniter\Boot::runCodeIgniter(Object(CodeIgniter\CodeIgniter))
15 FCPATH\index.php(56): CodeIgniter\Boot::bootWeb(Object(Config\Paths))
WARNING - 2026-05-13 04:49:28 --> [DEPRECATED] strtotime(): Passing null to parameter #1 ($datetime) of type string is deprecated in APPPATH\Views\Ebook\v_index.php on line 83.
 1 APPPATH\Views\Ebook\v_index.php(83): strtotime(null)
 2 SYSTEMPATH\View\View.php(234): include('C:\\xampp\\htdocs\\si_ekatalog_ci4\\app\\Views\\Ebook\\v_index.php')
 3 SYSTEMPATH\View\View.php(237): CodeIgniter\View\View->CodeIgniter\View\{closure}()
 4 SYSTEMPATH\Common.php(1171): CodeIgniter\View\View->render('ebook/v_index', [], true)
 5 APPPATH\Views\v_template_admin.php(288): view('ebook/v_index')
 6 SYSTEMPATH\View\View.php(234): include('C:\\xampp\\htdocs\\si_ekatalog_ci4\\app\\Views\\v_template_admin.php')
 7 SYSTEMPATH\View\View.php(237): CodeIgniter\View\View->CodeIgniter\View\{closure}()
 8 SYSTEMPATH\Common.php(1171): CodeIgniter\View\View->render('v_template_admin', [], true)
 9 APPPATH\Controllers\Ebook.php(44): view('v_template_admin', [...])
10 SYSTEMPATH\CodeIgniter.php(933): App\Controllers\Ebook->index()
11 SYSTEMPATH\CodeIgniter.php(509): CodeIgniter\CodeIgniter->runController(Object(App\Controllers\Ebook))
12 SYSTEMPATH\CodeIgniter.php(355): CodeIgniter\CodeIgniter->handleRequest(null, Object(Config\Cache), false)
13 SYSTEMPATH\Boot.php(325): CodeIgniter\CodeIgniter->run()
14 SYSTEMPATH\Boot.php(67): CodeIgniter\Boot::runCodeIgniter(Object(CodeIgniter\CodeIgniter))
15 FCPATH\index.php(56): CodeIgniter\Boot::bootWeb(Object(Config\Paths))
WARNING - 2026-05-13 04:49:28 --> [DEPRECATED] strtotime(): Passing null to parameter #1 ($datetime) of type string is deprecated in APPPATH\Views\Ebook\v_index.php on line 83.
 1 APPPATH\Views\Ebook\v_index.php(83): strtotime(null)
 2 SYSTEMPATH\View\View.php(234): include('C:\\xampp\\htdocs\\si_ekatalog_ci4\\app\\Views\\Ebook\\v_index.php')
 3 SYSTEMPATH\View\View.php(237): CodeIgniter\View\View->CodeIgniter\View\{closure}()
 4 SYSTEMPATH\Common.php(1171): CodeIgniter\View\View->render('ebook/v_index', [], true)
 5 APPPATH\Views\v_template_admin.php(288): view('ebook/v_index')
 6 SYSTEMPATH\View\View.php(234): include('C:\\xampp\\htdocs\\si_ekatalog_ci4\\app\\Views\\v_template_admin.php')
 7 SYSTEMPATH\View\View.php(237): CodeIgniter\View\View->CodeIgniter\View\{closure}()
 8 SYSTEMPATH\Common.php(1171): CodeIgniter\View\View->render('v_template_admin', [], true)
 9 APPPATH\Controllers\Ebook.php(44): view('v_template_admin', [...])
10 SYSTEMPATH\CodeIgniter.php(933): App\Controllers\Ebook->index()
11 SYSTEMPATH\CodeIgniter.php(509): CodeIgniter\CodeIgniter->runController(Object(App\Controllers\Ebook))
12 SYSTEMPATH\CodeIgniter.php(355): CodeIgniter\CodeIgniter->handleRequest(null, Object(Config\Cache), false)
13 SYSTEMPATH\Boot.php(325): CodeIgniter\CodeIgniter->run()
14 SYSTEMPATH\Boot.php(67): CodeIgniter\Boot::runCodeIgniter(Object(CodeIgniter\CodeIgniter))
15 FCPATH\index.php(56): CodeIgniter\Boot::bootWeb(Object(Config\Paths))
WARNING - 2026-05-13 04:49:28 --> [DEPRECATED] strtotime(): Passing null to parameter #1 ($datetime) of type string is deprecated in APPPATH\Views\Ebook\v_index.php on line 83.
 1 APPPATH\Views\Ebook\v_index.php(83): strtotime(null)
 2 SYSTEMPATH\View\View.php(234): include('C:\\xampp\\htdocs\\si_ekatalog_ci4\\app\\Views\\Ebook\\v_index.php')
 3 SYSTEMPATH\View\View.php(237): CodeIgniter\View\View->CodeIgniter\View\{closure}()
 4 SYSTEMPATH\Common.php(1171): CodeIgniter\View\View->render('ebook/v_index', [], true)
 5 APPPATH\Views\v_template_admin.php(288): view('ebook/v_index')
 6 SYSTEMPATH\View\View.php(234): include('C:\\xampp\\htdocs\\si_ekatalog_ci4\\app\\Views\\v_template_admin.php')
 7 SYSTEMPATH\View\View.php(237): CodeIgniter\View\View->CodeIgniter\View\{closure}()
 8 SYSTEMPATH\Common.php(1171): CodeIgniter\View\View->render('v_template_admin', [], true)
 9 APPPATH\Controllers\Ebook.php(44): view('v_template_admin', [...])
10 SYSTEMPATH\CodeIgniter.php(933): App\Controllers\Ebook->index()
11 SYSTEMPATH\CodeIgniter.php(509): CodeIgniter\CodeIgniter->runController(Object(App\Controllers\Ebook))
12 SYSTEMPATH\CodeIgniter.php(355): CodeIgniter\CodeIgniter->handleRequest(null, Object(Config\Cache), false)
13 SYSTEMPATH\Boot.php(325): CodeIgniter\CodeIgniter->run()
14 SYSTEMPATH\Boot.php(67): CodeIgniter\Boot::runCodeIgniter(Object(CodeIgniter\CodeIgniter))
15 FCPATH\index.php(56): CodeIgniter\Boot::bootWeb(Object(Config\Paths))
WARNING - 2026-05-13 04:49:28 --> [DEPRECATED] strtotime(): Passing null to parameter #1 ($datetime) of type string is deprecated in APPPATH\Views\Ebook\v_index.php on line 83.
 1 APPPATH\Views\Ebook\v_index.php(83): strtotime(null)
 2 SYSTEMPATH\View\View.php(234): include('C:\\xampp\\htdocs\\si_ekatalog_ci4\\app\\Views\\Ebook\\v_index.php')
 3 SYSTEMPATH\View\View.php(237): CodeIgniter\View\View->CodeIgniter\View\{closure}()
 4 SYSTEMPATH\Common.php(1171): CodeIgniter\View\View->render('ebook/v_index', [], true)
 5 APPPATH\Views\v_template_admin.php(288): view('ebook/v_index')
 6 SYSTEMPATH\View\View.php(234): include('C:\\xampp\\htdocs\\si_ekatalog_ci4\\app\\Views\\v_template_admin.php')
 7 SYSTEMPATH\View\View.php(237): CodeIgniter\View\View->CodeIgniter\View\{closure}()
 8 SYSTEMPATH\Common.php(1171): CodeIgniter\View\View->render('v_template_admin', [], true)
 9 APPPATH\Controllers\Ebook.php(44): view('v_template_admin', [...])
10 SYSTEMPATH\CodeIgniter.php(933): App\Controllers\Ebook->index()
11 SYSTEMPATH\CodeIgniter.php(509): CodeIgniter\CodeIgniter->runController(Object(App\Controllers\Ebook))
12 SYSTEMPATH\CodeIgniter.php(355): CodeIgniter\CodeIgniter->handleRequest(null, Object(Config\Cache), false)
13 SYSTEMPATH\Boot.php(325): CodeIgniter\CodeIgniter->run()
14 SYSTEMPATH\Boot.php(67): CodeIgniter\Boot::runCodeIgniter(Object(CodeIgniter\CodeIgniter))
15 FCPATH\index.php(56): CodeIgniter\Boot::bootWeb(Object(Config\Paths))
WARNING - 2026-05-13 04:49:28 --> [DEPRECATED] strtotime(): Passing null to parameter #1 ($datetime) of type string is deprecated in APPPATH\Views\Ebook\v_index.php on line 83.
 1 APPPATH\Views\Ebook\v_index.php(83): strtotime(null)
 2 SYSTEMPATH\View\View.php(234): include('C:\\xampp\\htdocs\\si_ekatalog_ci4\\app\\Views\\Ebook\\v_index.php')
 3 SYSTEMPATH\View\View.php(237): CodeIgniter\View\View->CodeIgniter\View\{closure}()
 4 SYSTEMPATH\Common.php(1171): CodeIgniter\View\View->render('ebook/v_index', [], true)
 5 APPPATH\Views\v_template_admin.php(288): view('ebook/v_index')
 6 SYSTEMPATH\View\View.php(234): include('C:\\xampp\\htdocs\\si_ekatalog_ci4\\app\\Views\\v_template_admin.php')
 7 SYSTEMPATH\View\View.php(237): CodeIgniter\View\View->CodeIgniter\View\{closure}()
 8 SYSTEMPATH\Common.php(1171): CodeIgniter\View\View->render('v_template_admin', [], true)
 9 APPPATH\Controllers\Ebook.php(44): view('v_template_admin', [...])
10 SYSTEMPATH\CodeIgniter.php(933): App\Controllers\Ebook->index()
11 SYSTEMPATH\CodeIgniter.php(509): CodeIgniter\CodeIgniter->runController(Object(App\Controllers\Ebook))
12 SYSTEMPATH\CodeIgniter.php(355): CodeIgniter\CodeIgniter->handleRequest(null, Object(Config\Cache), false)
13 SYSTEMPATH\Boot.php(325): CodeIgniter\CodeIgniter->run()
14 SYSTEMPATH\Boot.php(67): CodeIgniter\Boot::runCodeIgniter(Object(CodeIgniter\CodeIgniter))
15 FCPATH\index.php(56): CodeIgniter\Boot::bootWeb(Object(Config\Paths))
WARNING - 2026-05-13 04:49:28 --> [DEPRECATED] strtotime(): Passing null to parameter #1 ($datetime) of type string is deprecated in APPPATH\Views\Ebook\v_index.php on line 83.
 1 APPPATH\Views\Ebook\v_index.php(83): strtotime(null)
 2 SYSTEMPATH\View\View.php(234): include('C:\\xampp\\htdocs\\si_ekatalog_ci4\\app\\Views\\Ebook\\v_index.php')
 3 SYSTEMPATH\View\View.php(237): CodeIgniter\View\View->CodeIgniter\View\{closure}()
 4 SYSTEMPATH\Common.php(1171): CodeIgniter\View\View->render('ebook/v_index', [], true)
 5 APPPATH\Views\v_template_admin.php(288): view('ebook/v_index')
 6 SYSTEMPATH\View\View.php(234): include('C:\\xampp\\htdocs\\si_ekatalog_ci4\\app\\Views\\v_template_admin.php')
 7 SYSTEMPATH\View\View.php(237): CodeIgniter\View\View->CodeIgniter\View\{closure}()
 8 SYSTEMPATH\Common.php(1171): CodeIgniter\View\View->render('v_template_admin', [], true)
 9 APPPATH\Controllers\Ebook.php(44): view('v_template_admin', [...])
10 SYSTEMPATH\CodeIgniter.php(933): App\Controllers\Ebook->index()
11 SYSTEMPATH\CodeIgniter.php(509): CodeIgniter\CodeIgniter->runController(Object(App\Controllers\Ebook))
12 SYSTEMPATH\CodeIgniter.php(355): CodeIgniter\CodeIgniter->handleRequest(null, Object(Config\Cache), false)
13 SYSTEMPATH\Boot.php(325): CodeIgniter\CodeIgniter->run()
14 SYSTEMPATH\Boot.php(67): CodeIgniter\Boot::runCodeIgniter(Object(CodeIgniter\CodeIgniter))
15 FCPATH\index.php(56): CodeIgniter\Boot::bootWeb(Object(Config\Paths))
WARNING - 2026-05-13 04:49:28 --> [DEPRECATED] strtotime(): Passing null to parameter #1 ($datetime) of type string is deprecated in APPPATH\Views\Ebook\v_index.php on line 83.
 1 APPPATH\Views\Ebook\v_index.php(83): strtotime(null)
 2 SYSTEMPATH\View\View.php(234): include('C:\\xampp\\htdocs\\si_ekatalog_ci4\\app\\Views\\Ebook\\v_index.php')
 3 SYSTEMPATH\View\View.php(237): CodeIgniter\View\View->CodeIgniter\View\{closure}()
 4 SYSTEMPATH\Common.php(1171): CodeIgniter\View\View->render('ebook/v_index', [], true)
 5 APPPATH\Views\v_template_admin.php(288): view('ebook/v_index')
 6 SYSTEMPATH\View\View.php(234): include('C:\\xampp\\htdocs\\si_ekatalog_ci4\\app\\Views\\v_template_admin.php')
 7 SYSTEMPATH\View\View.php(237): CodeIgniter\View\View->CodeIgniter\View\{closure}()
 8 SYSTEMPATH\Common.php(1171): CodeIgniter\View\View->render('v_template_admin', [], true)
 9 APPPATH\Controllers\Ebook.php(44): view('v_template_admin', [...])
10 SYSTEMPATH\CodeIgniter.php(933): App\Controllers\Ebook->index()
11 SYSTEMPATH\CodeIgniter.php(509): CodeIgniter\CodeIgniter->runController(Object(App\Controllers\Ebook))
12 SYSTEMPATH\CodeIgniter.php(355): CodeIgniter\CodeIgniter->handleRequest(null, Object(Config\Cache), false)
13 SYSTEMPATH\Boot.php(325): CodeIgniter\CodeIgniter->run()
14 SYSTEMPATH\Boot.php(67): CodeIgniter\Boot::runCodeIgniter(Object(CodeIgniter\CodeIgniter))
15 FCPATH\index.php(56): CodeIgniter\Boot::bootWeb(Object(Config\Paths))
WARNING - 2026-05-13 04:49:28 --> [DEPRECATED] strtotime(): Passing null to parameter #1 ($datetime) of type string is deprecated in APPPATH\Views\Ebook\v_index.php on line 83.
 1 APPPATH\Views\Ebook\v_index.php(83): strtotime(null)
 2 SYSTEMPATH\View\View.php(234): include('C:\\xampp\\htdocs\\si_ekatalog_ci4\\app\\Views\\Ebook\\v_index.php')
 3 SYSTEMPATH\View\View.php(237): CodeIgniter\View\View->CodeIgniter\View\{closure}()
 4 SYSTEMPATH\Common.php(1171): CodeIgniter\View\View->render('ebook/v_index', [], true)
 5 APPPATH\Views\v_template_admin.php(288): view('ebook/v_index')
 6 SYSTEMPATH\View\View.php(234): include('C:\\xampp\\htdocs\\si_ekatalog_ci4\\app\\Views\\v_template_admin.php')
 7 SYSTEMPATH\View\View.php(237): CodeIgniter\View\View->CodeIgniter\View\{closure}()
 8 SYSTEMPATH\Common.php(1171): CodeIgniter\View\View->render('v_template_admin', [], true)
 9 APPPATH\Controllers\Ebook.php(44): view('v_template_admin', [...])
10 SYSTEMPATH\CodeIgniter.php(933): App\Controllers\Ebook->index()
11 SYSTEMPATH\CodeIgniter.php(509): CodeIgniter\CodeIgniter->runController(Object(App\Controllers\Ebook))
12 SYSTEMPATH\CodeIgniter.php(355): CodeIgniter\CodeIgniter->handleRequest(null, Object(Config\Cache), false)
13 SYSTEMPATH\Boot.php(325): CodeIgniter\CodeIgniter->run()
14 SYSTEMPATH\Boot.php(67): CodeIgniter\Boot::runCodeIgniter(Object(CodeIgniter\CodeIgniter))
15 FCPATH\index.php(56): CodeIgniter\Boot::bootWeb(Object(Config\Paths))
WARNING - 2026-05-13 04:49:28 --> [DEPRECATED] strtotime(): Passing null to parameter #1 ($datetime) of type string is deprecated in APPPATH\Views\Ebook\v_index.php on line 83.
 1 APPPATH\Views\Ebook\v_index.php(83): strtotime(null)
 2 SYSTEMPATH\View\View.php(234): include('C:\\xampp\\htdocs\\si_ekatalog_ci4\\app\\Views\\Ebook\\v_index.php')
 3 SYSTEMPATH\View\View.php(237): CodeIgniter\View\View->CodeIgniter\View\{closure}()
 4 SYSTEMPATH\Common.php(1171): CodeIgniter\View\View->render('ebook/v_index', [], true)
 5 APPPATH\Views\v_template_admin.php(288): view('ebook/v_index')
 6 SYSTEMPATH\View\View.php(234): include('C:\\xampp\\htdocs\\si_ekatalog_ci4\\app\\Views\\v_template_admin.php')
 7 SYSTEMPATH\View\View.php(237): CodeIgniter\View\View->CodeIgniter\View\{closure}()
 8 SYSTEMPATH\Common.php(1171): CodeIgniter\View\View->render('v_template_admin', [], true)
 9 APPPATH\Controllers\Ebook.php(44): view('v_template_admin', [...])
10 SYSTEMPATH\CodeIgniter.php(933): App\Controllers\Ebook->index()
11 SYSTEMPATH\CodeIgniter.php(509): CodeIgniter\CodeIgniter->runController(Object(App\Controllers\Ebook))
12 SYSTEMPATH\CodeIgniter.php(355): CodeIgniter\CodeIgniter->handleRequest(null, Object(Config\Cache), false)
13 SYSTEMPATH\Boot.php(325): CodeIgniter\CodeIgniter->run()
14 SYSTEMPATH\Boot.php(67): CodeIgniter\Boot::runCodeIgniter(Object(CodeIgniter\CodeIgniter))
15 FCPATH\index.php(56): CodeIgniter\Boot::bootWeb(Object(Config\Paths))
WARNING - 2026-05-13 04:49:28 --> [DEPRECATED] strtotime(): Passing null to parameter #1 ($datetime) of type string is deprecated in APPPATH\Views\Ebook\v_index.php on line 83.
 1 APPPATH\Views\Ebook\v_index.php(83): strtotime(null)
 2 SYSTEMPATH\View\View.php(234): include('C:\\xampp\\htdocs\\si_ekatalog_ci4\\app\\Views\\Ebook\\v_index.php')
 3 SYSTEMPATH\View\View.php(237): CodeIgniter\View\View->CodeIgniter\View\{closure}()
 4 SYSTEMPATH\Common.php(1171): CodeIgniter\View\View->render('ebook/v_index', [], true)
 5 APPPATH\Views\v_template_admin.php(288): view('ebook/v_index')
 6 SYSTEMPATH\View\View.php(234): include('C:\\xampp\\htdocs\\si_ekatalog_ci4\\app\\Views\\v_template_admin.php')
 7 SYSTEMPATH\View\View.php(237): CodeIgniter\View\View->CodeIgniter\View\{closure}()
 8 SYSTEMPATH\Common.php(1171): CodeIgniter\View\View->render('v_template_admin', [], true)
 9 APPPATH\Controllers\Ebook.php(44): view('v_template_admin', [...])
10 SYSTEMPATH\CodeIgniter.php(933): App\Controllers\Ebook->index()
11 SYSTEMPATH\CodeIgniter.php(509): CodeIgniter\CodeIgniter->runController(Object(App\Controllers\Ebook))
12 SYSTEMPATH\CodeIgniter.php(355): CodeIgniter\CodeIgniter->handleRequest(null, Object(Config\Cache), false)
13 SYSTEMPATH\Boot.php(325): CodeIgniter\CodeIgniter->run()
14 SYSTEMPATH\Boot.php(67): CodeIgniter\Boot::runCodeIgniter(Object(CodeIgniter\CodeIgniter))
15 FCPATH\index.php(56): CodeIgniter\Boot::bootWeb(Object(Config\Paths))
WARNING - 2026-05-13 04:49:28 --> [DEPRECATED] strtotime(): Passing null to parameter #1 ($datetime) of type string is deprecated in APPPATH\Views\Ebook\v_index.php on line 83.
 1 APPPATH\Views\Ebook\v_index.php(83): strtotime(null)
 2 SYSTEMPATH\View\View.php(234): include('C:\\xampp\\htdocs\\si_ekatalog_ci4\\app\\Views\\Ebook\\v_index.php')
 3 SYSTEMPATH\View\View.php(237): CodeIgniter\View\View->CodeIgniter\View\{closure}()
 4 SYSTEMPATH\Common.php(1171): CodeIgniter\View\View->render('ebook/v_index', [], true)
 5 APPPATH\Views\v_template_admin.php(288): view('ebook/v_index')
 6 SYSTEMPATH\View\View.php(234): include('C:\\xampp\\htdocs\\si_ekatalog_ci4\\app\\Views\\v_template_admin.php')
 7 SYSTEMPATH\View\View.php(237): CodeIgniter\View\View->CodeIgniter\View\{closure}()
 8 SYSTEMPATH\Common.php(1171): CodeIgniter\View\View->render('v_template_admin', [], true)
 9 APPPATH\Controllers\Ebook.php(44): view('v_template_admin', [...])
10 SYSTEMPATH\CodeIgniter.php(933): App\Controllers\Ebook->index()
11 SYSTEMPATH\CodeIgniter.php(509): CodeIgniter\CodeIgniter->runController(Object(App\Controllers\Ebook))
12 SYSTEMPATH\CodeIgniter.php(355): CodeIgniter\CodeIgniter->handleRequest(null, Object(Config\Cache), false)
13 SYSTEMPATH\Boot.php(325): CodeIgniter\CodeIgniter->run()
14 SYSTEMPATH\Boot.php(67): CodeIgniter\Boot::runCodeIgniter(Object(CodeIgniter\CodeIgniter))
15 FCPATH\index.php(56): CodeIgniter\Boot::bootWeb(Object(Config\Paths))
WARNING - 2026-05-13 04:49:28 --> [DEPRECATED] strtotime(): Passing null to parameter #1 ($datetime) of type string is deprecated in APPPATH\Views\Ebook\v_index.php on line 83.
 1 APPPATH\Views\Ebook\v_index.php(83): strtotime(null)
 2 SYSTEMPATH\View\View.php(234): include('C:\\xampp\\htdocs\\si_ekatalog_ci4\\app\\Views\\Ebook\\v_index.php')
 3 SYSTEMPATH\View\View.php(237): CodeIgniter\View\View->CodeIgniter\View\{closure}()
 4 SYSTEMPATH\Common.php(1171): CodeIgniter\View\View->render('ebook/v_index', [], true)
 5 APPPATH\Views\v_template_admin.php(288): view('ebook/v_index')
 6 SYSTEMPATH\View\View.php(234): include('C:\\xampp\\htdocs\\si_ekatalog_ci4\\app\\Views\\v_template_admin.php')
 7 SYSTEMPATH\View\View.php(237): CodeIgniter\View\View->CodeIgniter\View\{closure}()
 8 SYSTEMPATH\Common.php(1171): CodeIgniter\View\View->render('v_template_admin', [], true)
 9 APPPATH\Controllers\Ebook.php(44): view('v_template_admin', [...])
10 SYSTEMPATH\CodeIgniter.php(933): App\Controllers\Ebook->index()
11 SYSTEMPATH\CodeIgniter.php(509): CodeIgniter\CodeIgniter->runController(Object(App\Controllers\Ebook))
12 SYSTEMPATH\CodeIgniter.php(355): CodeIgniter\CodeIgniter->handleRequest(null, Object(Config\Cache), false)
13 SYSTEMPATH\Boot.php(325): CodeIgniter\CodeIgniter->run()
14 SYSTEMPATH\Boot.php(67): CodeIgniter\Boot::runCodeIgniter(Object(CodeIgniter\CodeIgniter))
15 FCPATH\index.php(56): CodeIgniter\Boot::bootWeb(Object(Config\Paths))
WARNING - 2026-05-13 04:49:28 --> [DEPRECATED] strtotime(): Passing null to parameter #1 ($datetime) of type string is deprecated in APPPATH\Views\Ebook\v_index.php on line 83.
 1 APPPATH\Views\Ebook\v_index.php(83): strtotime(null)
 2 SYSTEMPATH\View\View.php(234): include('C:\\xampp\\htdocs\\si_ekatalog_ci4\\app\\Views\\Ebook\\v_index.php')
 3 SYSTEMPATH\View\View.php(237): CodeIgniter\View\View->CodeIgniter\View\{closure}()
 4 SYSTEMPATH\Common.php(1171): CodeIgniter\View\View->render('ebook/v_index', [], true)
 5 APPPATH\Views\v_template_admin.php(288): view('ebook/v_index')
 6 SYSTEMPATH\View\View.php(234): include('C:\\xampp\\htdocs\\si_ekatalog_ci4\\app\\Views\\v_template_admin.php')
 7 SYSTEMPATH\View\View.php(237): CodeIgniter\View\View->CodeIgniter\View\{closure}()
 8 SYSTEMPATH\Common.php(1171): CodeIgniter\View\View->render('v_template_admin', [], true)
 9 APPPATH\Controllers\Ebook.php(44): view('v_template_admin', [...])
10 SYSTEMPATH\CodeIgniter.php(933): App\Controllers\Ebook->index()
11 SYSTEMPATH\CodeIgniter.php(509): CodeIgniter\CodeIgniter->runController(Object(App\Controllers\Ebook))
12 SYSTEMPATH\CodeIgniter.php(355): CodeIgniter\CodeIgniter->handleRequest(null, Object(Config\Cache), false)
13 SYSTEMPATH\Boot.php(325): CodeIgniter\CodeIgniter->run()
14 SYSTEMPATH\Boot.php(67): CodeIgniter\Boot::runCodeIgniter(Object(CodeIgniter\CodeIgniter))
15 FCPATH\index.php(56): CodeIgniter\Boot::bootWeb(Object(Config\Paths))
WARNING - 2026-05-13 04:49:28 --> [DEPRECATED] strtotime(): Passing null to parameter #1 ($datetime) of type string is deprecated in APPPATH\Views\Ebook\v_index.php on line 83.
 1 APPPATH\Views\Ebook\v_index.php(83): strtotime(null)
 2 SYSTEMPATH\View\View.php(234): include('C:\\xampp\\htdocs\\si_ekatalog_ci4\\app\\Views\\Ebook\\v_index.php')
 3 SYSTEMPATH\View\View.php(237): CodeIgniter\View\View->CodeIgniter\View\{closure}()
 4 SYSTEMPATH\Common.php(1171): CodeIgniter\View\View->render('ebook/v_index', [], true)
 5 APPPATH\Views\v_template_admin.php(288): view('ebook/v_index')
 6 SYSTEMPATH\View\View.php(234): include('C:\\xampp\\htdocs\\si_ekatalog_ci4\\app\\Views\\v_template_admin.php')
 7 SYSTEMPATH\View\View.php(237): CodeIgniter\View\View->CodeIgniter\View\{closure}()
 8 SYSTEMPATH\Common.php(1171): CodeIgniter\View\View->render('v_template_admin', [], true)
 9 APPPATH\Controllers\Ebook.php(44): view('v_template_admin', [...])
10 SYSTEMPATH\CodeIgniter.php(933): App\Controllers\Ebook->index()
11 SYSTEMPATH\CodeIgniter.php(509): CodeIgniter\CodeIgniter->runController(Object(App\Controllers\Ebook))
12 SYSTEMPATH\CodeIgniter.php(355): CodeIgniter\CodeIgniter->handleRequest(null, Object(Config\Cache), false)
13 SYSTEMPATH\Boot.php(325): CodeIgniter\CodeIgniter->run()
14 SYSTEMPATH\Boot.php(67): CodeIgniter\Boot::runCodeIgniter(Object(CodeIgniter\CodeIgniter))
15 FCPATH\index.php(56): CodeIgniter\Boot::bootWeb(Object(Config\Paths))
WARNING - 2026-05-13 04:49:28 --> [DEPRECATED] strtotime(): Passing null to parameter #1 ($datetime) of type string is deprecated in APPPATH\Views\Ebook\v_index.php on line 83.
 1 APPPATH\Views\Ebook\v_index.php(83): strtotime(null)
 2 SYSTEMPATH\View\View.php(234): include('C:\\xampp\\htdocs\\si_ekatalog_ci4\\app\\Views\\Ebook\\v_index.php')
 3 SYSTEMPATH\View\View.php(237): CodeIgniter\View\View->CodeIgniter\View\{closure}()
 4 SYSTEMPATH\Common.php(1171): CodeIgniter\View\View->render('ebook/v_index', [], true)
 5 APPPATH\Views\v_template_admin.php(288): view('ebook/v_index')
 6 SYSTEMPATH\View\View.php(234): include('C:\\xampp\\htdocs\\si_ekatalog_ci4\\app\\Views\\v_template_admin.php')
 7 SYSTEMPATH\View\View.php(237): CodeIgniter\View\View->CodeIgniter\View\{closure}()
 8 SYSTEMPATH\Common.php(1171): CodeIgniter\View\View->render('v_template_admin', [], true)
 9 APPPATH\Controllers\Ebook.php(44): view('v_template_admin', [...])
10 SYSTEMPATH\CodeIgniter.php(933): App\Controllers\Ebook->index()
11 SYSTEMPATH\CodeIgniter.php(509): CodeIgniter\CodeIgniter->runController(Object(App\Controllers\Ebook))
12 SYSTEMPATH\CodeIgniter.php(355): CodeIgniter\CodeIgniter->handleRequest(null, Object(Config\Cache), false)
13 SYSTEMPATH\Boot.php(325): CodeIgniter\CodeIgniter->run()
14 SYSTEMPATH\Boot.php(67): CodeIgniter\Boot::runCodeIgniter(Object(CodeIgniter\CodeIgniter))
15 FCPATH\index.php(56): CodeIgniter\Boot::bootWeb(Object(Config\Paths))
WARNING - 2026-05-13 04:49:28 --> [DEPRECATED] strtotime(): Passing null to parameter #1 ($datetime) of type string is deprecated in APPPATH\Views\Ebook\v_index.php on line 83.
 1 APPPATH\Views\Ebook\v_index.php(83): strtotime(null)
 2 SYSTEMPATH\View\View.php(234): include('C:\\xampp\\htdocs\\si_ekatalog_ci4\\app\\Views\\Ebook\\v_index.php')
 3 SYSTEMPATH\View\View.php(237): CodeIgniter\View\View->CodeIgniter\View\{closure}()
 4 SYSTEMPATH\Common.php(1171): CodeIgniter\View\View->render('ebook/v_index', [], true)
 5 APPPATH\Views\v_template_admin.php(288): view('ebook/v_index')
 6 SYSTEMPATH\View\View.php(234): include('C:\\xampp\\htdocs\\si_ekatalog_ci4\\app\\Views\\v_template_admin.php')
 7 SYSTEMPATH\View\View.php(237): CodeIgniter\View\View->CodeIgniter\View\{closure}()
 8 SYSTEMPATH\Common.php(1171): CodeIgniter\View\View->render('v_template_admin', [], true)
 9 APPPATH\Controllers\Ebook.php(44): view('v_template_admin', [...])
10 SYSTEMPATH\CodeIgniter.php(933): App\Controllers\Ebook->index()
11 SYSTEMPATH\CodeIgniter.php(509): CodeIgniter\CodeIgniter->runController(Object(App\Controllers\Ebook))
12 SYSTEMPATH\CodeIgniter.php(355): CodeIgniter\CodeIgniter->handleRequest(null, Object(Config\Cache), false)
13 SYSTEMPATH\Boot.php(325): CodeIgniter\CodeIgniter->run()
14 SYSTEMPATH\Boot.php(67): CodeIgniter\Boot::runCodeIgniter(Object(CodeIgniter\CodeIgniter))
15 FCPATH\index.php(56): CodeIgniter\Boot::bootWeb(Object(Config\Paths))
WARNING - 2026-05-13 04:49:28 --> [DEPRECATED] strtotime(): Passing null to parameter #1 ($datetime) of type string is deprecated in APPPATH\Views\Ebook\v_index.php on line 83.
 1 APPPATH\Views\Ebook\v_index.php(83): strtotime(null)
 2 SYSTEMPATH\View\View.php(234): include('C:\\xampp\\htdocs\\si_ekatalog_ci4\\app\\Views\\Ebook\\v_index.php')
 3 SYSTEMPATH\View\View.php(237): CodeIgniter\View\View->CodeIgniter\View\{closure}()
 4 SYSTEMPATH\Common.php(1171): CodeIgniter\View\View->render('ebook/v_index', [], true)
 5 APPPATH\Views\v_template_admin.php(288): view('ebook/v_index')
 6 SYSTEMPATH\View\View.php(234): include('C:\\xampp\\htdocs\\si_ekatalog_ci4\\app\\Views\\v_template_admin.php')
 7 SYSTEMPATH\View\View.php(237): CodeIgniter\View\View->CodeIgniter\View\{closure}()
 8 SYSTEMPATH\Common.php(1171): CodeIgniter\View\View->render('v_template_admin', [], true)
 9 APPPATH\Controllers\Ebook.php(44): view('v_template_admin', [...])
10 SYSTEMPATH\CodeIgniter.php(933): App\Controllers\Ebook->index()
11 SYSTEMPATH\CodeIgniter.php(509): CodeIgniter\CodeIgniter->runController(Object(App\Controllers\Ebook))
12 SYSTEMPATH\CodeIgniter.php(355): CodeIgniter\CodeIgniter->handleRequest(null, Object(Config\Cache), false)
13 SYSTEMPATH\Boot.php(325): CodeIgniter\CodeIgniter->run()
14 SYSTEMPATH\Boot.php(67): CodeIgniter\Boot::runCodeIgniter(Object(CodeIgniter\CodeIgniter))
15 FCPATH\index.php(56): CodeIgniter\Boot::bootWeb(Object(Config\Paths))
WARNING - 2026-05-13 04:49:28 --> [DEPRECATED] strtotime(): Passing null to parameter #1 ($datetime) of type string is deprecated in APPPATH\Views\Ebook\v_index.php on line 83.
 1 APPPATH\Views\Ebook\v_index.php(83): strtotime(null)
 2 SYSTEMPATH\View\View.php(234): include('C:\\xampp\\htdocs\\si_ekatalog_ci4\\app\\Views\\Ebook\\v_index.php')
 3 SYSTEMPATH\View\View.php(237): CodeIgniter\View\View->CodeIgniter\View\{closure}()
 4 SYSTEMPATH\Common.php(1171): CodeIgniter\View\View->render('ebook/v_index', [], true)
 5 APPPATH\Views\v_template_admin.php(288): view('ebook/v_index')
 6 SYSTEMPATH\View\View.php(234): include('C:\\xampp\\htdocs\\si_ekatalog_ci4\\app\\Views\\v_template_admin.php')
 7 SYSTEMPATH\View\View.php(237): CodeIgniter\View\View->CodeIgniter\View\{closure}()
 8 SYSTEMPATH\Common.php(1171): CodeIgniter\View\View->render('v_template_admin', [], true)
 9 APPPATH\Controllers\Ebook.php(44): view('v_template_admin', [...])
10 SYSTEMPATH\CodeIgniter.php(933): App\Controllers\Ebook->index()
11 SYSTEMPATH\CodeIgniter.php(509): CodeIgniter\CodeIgniter->runController(Object(App\Controllers\Ebook))
12 SYSTEMPATH\CodeIgniter.php(355): CodeIgniter\CodeIgniter->handleRequest(null, Object(Config\Cache), false)
13 SYSTEMPATH\Boot.php(325): CodeIgniter\CodeIgniter->run()
14 SYSTEMPATH\Boot.php(67): CodeIgniter\Boot::runCodeIgniter(Object(CodeIgniter\CodeIgniter))
15 FCPATH\index.php(56): CodeIgniter\Boot::bootWeb(Object(Config\Paths))
WARNING - 2026-05-13 04:49:28 --> [DEPRECATED] strtotime(): Passing null to parameter #1 ($datetime) of type string is deprecated in APPPATH\Views\Ebook\v_index.php on line 83.
 1 APPPATH\Views\Ebook\v_index.php(83): strtotime(null)
 2 SYSTEMPATH\View\View.php(234): include('C:\\xampp\\htdocs\\si_ekatalog_ci4\\app\\Views\\Ebook\\v_index.php')
 3 SYSTEMPATH\View\View.php(237): CodeIgniter\View\View->CodeIgniter\View\{closure}()
 4 SYSTEMPATH\Common.php(1171): CodeIgniter\View\View->render('ebook/v_index', [], true)
 5 APPPATH\Views\v_template_admin.php(288): view('ebook/v_index')
 6 SYSTEMPATH\View\View.php(234): include('C:\\xampp\\htdocs\\si_ekatalog_ci4\\app\\Views\\v_template_admin.php')
 7 SYSTEMPATH\View\View.php(237): CodeIgniter\View\View->CodeIgniter\View\{closure}()
 8 SYSTEMPATH\Common.php(1171): CodeIgniter\View\View->render('v_template_admin', [], true)
 9 APPPATH\Controllers\Ebook.php(44): view('v_template_admin', [...])
10 SYSTEMPATH\CodeIgniter.php(933): App\Controllers\Ebook->index()
11 SYSTEMPATH\CodeIgniter.php(509): CodeIgniter\CodeIgniter->runController(Object(App\Controllers\Ebook))
12 SYSTEMPATH\CodeIgniter.php(355): CodeIgniter\CodeIgniter->handleRequest(null, Object(Config\Cache), false)
13 SYSTEMPATH\Boot.php(325): CodeIgniter\CodeIgniter->run()
14 SYSTEMPATH\Boot.php(67): CodeIgniter\Boot::runCodeIgniter(Object(CodeIgniter\CodeIgniter))
15 FCPATH\index.php(56): CodeIgniter\Boot::bootWeb(Object(Config\Paths))
WARNING - 2026-05-13 04:49:28 --> [DEPRECATED] strtotime(): Passing null to parameter #1 ($datetime) of type string is deprecated in APPPATH\Views\Ebook\v_index.php on line 83.
 1 APPPATH\Views\Ebook\v_index.php(83): strtotime(null)
 2 SYSTEMPATH\View\View.php(234): include('C:\\xampp\\htdocs\\si_ekatalog_ci4\\app\\Views\\Ebook\\v_index.php')
 3 SYSTEMPATH\View\View.php(237): CodeIgniter\View\View->CodeIgniter\View\{closure}()
 4 SYSTEMPATH\Common.php(1171): CodeIgniter\View\View->render('ebook/v_index', [], true)
 5 APPPATH\Views\v_template_admin.php(288): view('ebook/v_index')
 6 SYSTEMPATH\View\View.php(234): include('C:\\xampp\\htdocs\\si_ekatalog_ci4\\app\\Views\\v_template_admin.php')
 7 SYSTEMPATH\View\View.php(237): CodeIgniter\View\View->CodeIgniter\View\{closure}()
 8 SYSTEMPATH\Common.php(1171): CodeIgniter\View\View->render('v_template_admin', [], true)
 9 APPPATH\Controllers\Ebook.php(44): view('v_template_admin', [...])
10 SYSTEMPATH\CodeIgniter.php(933): App\Controllers\Ebook->index()
11 SYSTEMPATH\CodeIgniter.php(509): CodeIgniter\CodeIgniter->runController(Object(App\Controllers\Ebook))
12 SYSTEMPATH\CodeIgniter.php(355): CodeIgniter\CodeIgniter->handleRequest(null, Object(Config\Cache), false)
13 SYSTEMPATH\Boot.php(325): CodeIgniter\CodeIgniter->run()
14 SYSTEMPATH\Boot.php(67): CodeIgniter\Boot::runCodeIgniter(Object(CodeIgniter\CodeIgniter))
15 FCPATH\index.php(56): CodeIgniter\Boot::bootWeb(Object(Config\Paths))
WARNING - 2026-05-13 04:49:28 --> [DEPRECATED] strtotime(): Passing null to parameter #1 ($datetime) of type string is deprecated in APPPATH\Views\Ebook\v_index.php on line 83.
 1 APPPATH\Views\Ebook\v_index.php(83): strtotime(null)
 2 SYSTEMPATH\View\View.php(234): include('C:\\xampp\\htdocs\\si_ekatalog_ci4\\app\\Views\\Ebook\\v_index.php')
 3 SYSTEMPATH\View\View.php(237): CodeIgniter\View\View->CodeIgniter\View\{closure}()
 4 SYSTEMPATH\Common.php(1171): CodeIgniter\View\View->render('ebook/v_index', [], true)
 5 APPPATH\Views\v_template_admin.php(288): view('ebook/v_index')
 6 SYSTEMPATH\View\View.php(234): include('C:\\xampp\\htdocs\\si_ekatalog_ci4\\app\\Views\\v_template_admin.php')
 7 SYSTEMPATH\View\View.php(237): CodeIgniter\View\View->CodeIgniter\View\{closure}()
 8 SYSTEMPATH\Common.php(1171): CodeIgniter\View\View->render('v_template_admin', [], true)
 9 APPPATH\Controllers\Ebook.php(44): view('v_template_admin', [...])
10 SYSTEMPATH\CodeIgniter.php(933): App\Controllers\Ebook->index()
11 SYSTEMPATH\CodeIgniter.php(509): CodeIgniter\CodeIgniter->runController(Object(App\Controllers\Ebook))
12 SYSTEMPATH\CodeIgniter.php(355): CodeIgniter\CodeIgniter->handleRequest(null, Object(Config\Cache), false)
13 SYSTEMPATH\Boot.php(325): CodeIgniter\CodeIgniter->run()
14 SYSTEMPATH\Boot.php(67): CodeIgniter\Boot::runCodeIgniter(Object(CodeIgniter\CodeIgniter))
15 FCPATH\index.php(56): CodeIgniter\Boot::bootWeb(Object(Config\Paths))
WARNING - 2026-05-13 04:49:28 --> [DEPRECATED] strtotime(): Passing null to parameter #1 ($datetime) of type string is deprecated in APPPATH\Views\Ebook\v_index.php on line 83.
 1 APPPATH\Views\Ebook\v_index.php(83): strtotime(null)
 2 SYSTEMPATH\View\View.php(234): include('C:\\xampp\\htdocs\\si_ekatalog_ci4\\app\\Views\\Ebook\\v_index.php')
 3 SYSTEMPATH\View\View.php(237): CodeIgniter\View\View->CodeIgniter\View\{closure}()
 4 SYSTEMPATH\Common.php(1171): CodeIgniter\View\View->render('ebook/v_index', [], true)
 5 APPPATH\Views\v_template_admin.php(288): view('ebook/v_index')
 6 SYSTEMPATH\View\View.php(234): include('C:\\xampp\\htdocs\\si_ekatalog_ci4\\app\\Views\\v_template_admin.php')
 7 SYSTEMPATH\View\View.php(237): CodeIgniter\View\View->CodeIgniter\View\{closure}()
 8 SYSTEMPATH\Common.php(1171): CodeIgniter\View\View->render('v_template_admin', [], true)
 9 APPPATH\Controllers\Ebook.php(44): view('v_template_admin', [...])
10 SYSTEMPATH\CodeIgniter.php(933): App\Controllers\Ebook->index()
11 SYSTEMPATH\CodeIgniter.php(509): CodeIgniter\CodeIgniter->runController(Object(App\Controllers\Ebook))
12 SYSTEMPATH\CodeIgniter.php(355): CodeIgniter\CodeIgniter->handleRequest(null, Object(Config\Cache), false)
13 SYSTEMPATH\Boot.php(325): CodeIgniter\CodeIgniter->run()
14 SYSTEMPATH\Boot.php(67): CodeIgniter\Boot::runCodeIgniter(Object(CodeIgniter\CodeIgniter))
15 FCPATH\index.php(56): CodeIgniter\Boot::bootWeb(Object(Config\Paths))
WARNING - 2026-05-13 04:49:28 --> [DEPRECATED] strtotime(): Passing null to parameter #1 ($datetime) of type string is deprecated in APPPATH\Views\Ebook\v_index.php on line 83.
 1 APPPATH\Views\Ebook\v_index.php(83): strtotime(null)
 2 SYSTEMPATH\View\View.php(234): include('C:\\xampp\\htdocs\\si_ekatalog_ci4\\app\\Views\\Ebook\\v_index.php')
 3 SYSTEMPATH\View\View.php(237): CodeIgniter\View\View->CodeIgniter\View\{closure}()
 4 SYSTEMPATH\Common.php(1171): CodeIgniter\View\View->render('ebook/v_index', [], true)
 5 APPPATH\Views\v_template_admin.php(288): view('ebook/v_index')
 6 SYSTEMPATH\View\View.php(234): include('C:\\xampp\\htdocs\\si_ekatalog_ci4\\app\\Views\\v_template_admin.php')
 7 SYSTEMPATH\View\View.php(237): CodeIgniter\View\View->CodeIgniter\View\{closure}()
 8 SYSTEMPATH\Common.php(1171): CodeIgniter\View\View->render('v_template_admin', [], true)
 9 APPPATH\Controllers\Ebook.php(44): view('v_template_admin', [...])
10 SYSTEMPATH\CodeIgniter.php(933): App\Controllers\Ebook->index()
11 SYSTEMPATH\CodeIgniter.php(509): CodeIgniter\CodeIgniter->runController(Object(App\Controllers\Ebook))
12 SYSTEMPATH\CodeIgniter.php(355): CodeIgniter\CodeIgniter->handleRequest(null, Object(Config\Cache), false)
13 SYSTEMPATH\Boot.php(325): CodeIgniter\CodeIgniter->run()
14 SYSTEMPATH\Boot.php(67): CodeIgniter\Boot::runCodeIgniter(Object(CodeIgniter\CodeIgniter))
15 FCPATH\index.php(56): CodeIgniter\Boot::bootWeb(Object(Config\Paths))
WARNING - 2026-05-13 04:49:28 --> [DEPRECATED] strtotime(): Passing null to parameter #1 ($datetime) of type string is deprecated in APPPATH\Views\Ebook\v_index.php on line 83.
 1 APPPATH\Views\Ebook\v_index.php(83): strtotime(null)
 2 SYSTEMPATH\View\View.php(234): include('C:\\xampp\\htdocs\\si_ekatalog_ci4\\app\\Views\\Ebook\\v_index.php')
 3 SYSTEMPATH\View\View.php(237): CodeIgniter\View\View->CodeIgniter\View\{closure}()
 4 SYSTEMPATH\Common.php(1171): CodeIgniter\View\View->render('ebook/v_index', [], true)
 5 APPPATH\Views\v_template_admin.php(288): view('ebook/v_index')
 6 SYSTEMPATH\View\View.php(234): include('C:\\xampp\\htdocs\\si_ekatalog_ci4\\app\\Views\\v_template_admin.php')
 7 SYSTEMPATH\View\View.php(237): CodeIgniter\View\View->CodeIgniter\View\{closure}()
 8 SYSTEMPATH\Common.php(1171): CodeIgniter\View\View->render('v_template_admin', [], true)
 9 APPPATH\Controllers\Ebook.php(44): view('v_template_admin', [...])
10 SYSTEMPATH\CodeIgniter.php(933): App\Controllers\Ebook->index()
11 SYSTEMPATH\CodeIgniter.php(509): CodeIgniter\CodeIgniter->runController(Object(App\Controllers\Ebook))
12 SYSTEMPATH\CodeIgniter.php(355): CodeIgniter\CodeIgniter->handleRequest(null, Object(Config\Cache), false)
13 SYSTEMPATH\Boot.php(325): CodeIgniter\CodeIgniter->run()
14 SYSTEMPATH\Boot.php(67): CodeIgniter\Boot::runCodeIgniter(Object(CodeIgniter\CodeIgniter))
15 FCPATH\index.php(56): CodeIgniter\Boot::bootWeb(Object(Config\Paths))
WARNING - 2026-05-13 04:49:28 --> [DEPRECATED] strtotime(): Passing null to parameter #1 ($datetime) of type string is deprecated in APPPATH\Views\Ebook\v_index.php on line 83.
 1 APPPATH\Views\Ebook\v_index.php(83): strtotime(null)
 2 SYSTEMPATH\View\View.php(234): include('C:\\xampp\\htdocs\\si_ekatalog_ci4\\app\\Views\\Ebook\\v_index.php')
 3 SYSTEMPATH\View\View.php(237): CodeIgniter\View\View->CodeIgniter\View\{closure}()
 4 SYSTEMPATH\Common.php(1171): CodeIgniter\View\View->render('ebook/v_index', [], true)
 5 APPPATH\Views\v_template_admin.php(288): view('ebook/v_index')
 6 SYSTEMPATH\View\View.php(234): include('C:\\xampp\\htdocs\\si_ekatalog_ci4\\app\\Views\\v_template_admin.php')
 7 SYSTEMPATH\View\View.php(237): CodeIgniter\View\View->CodeIgniter\View\{closure}()
 8 SYSTEMPATH\Common.php(1171): CodeIgniter\View\View->render('v_template_admin', [], true)
 9 APPPATH\Controllers\Ebook.php(44): view('v_template_admin', [...])
10 SYSTEMPATH\CodeIgniter.php(933): App\Controllers\Ebook->index()
11 SYSTEMPATH\CodeIgniter.php(509): CodeIgniter\CodeIgniter->runController(Object(App\Controllers\Ebook))
12 SYSTEMPATH\CodeIgniter.php(355): CodeIgniter\CodeIgniter->handleRequest(null, Object(Config\Cache), false)
13 SYSTEMPATH\Boot.php(325): CodeIgniter\CodeIgniter->run()
14 SYSTEMPATH\Boot.php(67): CodeIgniter\Boot::runCodeIgniter(Object(CodeIgniter\CodeIgniter))
15 FCPATH\index.php(56): CodeIgniter\Boot::bootWeb(Object(Config\Paths))
WARNING - 2026-05-13 04:49:28 --> [DEPRECATED] strtotime(): Passing null to parameter #1 ($datetime) of type string is deprecated in APPPATH\Views\Ebook\v_index.php on line 83.
 1 APPPATH\Views\Ebook\v_index.php(83): strtotime(null)
 2 SYSTEMPATH\View\View.php(234): include('C:\\xampp\\htdocs\\si_ekatalog_ci4\\app\\Views\\Ebook\\v_index.php')
 3 SYSTEMPATH\View\View.php(237): CodeIgniter\View\View->CodeIgniter\View\{closure}()
 4 SYSTEMPATH\Common.php(1171): CodeIgniter\View\View->render('ebook/v_index', [], true)
 5 APPPATH\Views\v_template_admin.php(288): view('ebook/v_index')
 6 SYSTEMPATH\View\View.php(234): include('C:\\xampp\\htdocs\\si_ekatalog_ci4\\app\\Views\\v_template_admin.php')
 7 SYSTEMPATH\View\View.php(237): CodeIgniter\View\View->CodeIgniter\View\{closure}()
 8 SYSTEMPATH\Common.php(1171): CodeIgniter\View\View->render('v_template_admin', [], true)
 9 APPPATH\Controllers\Ebook.php(44): view('v_template_admin', [...])
10 SYSTEMPATH\CodeIgniter.php(933): App\Controllers\Ebook->index()
11 SYSTEMPATH\CodeIgniter.php(509): CodeIgniter\CodeIgniter->runController(Object(App\Controllers\Ebook))
12 SYSTEMPATH\CodeIgniter.php(355): CodeIgniter\CodeIgniter->handleRequest(null, Object(Config\Cache), false)
13 SYSTEMPATH\Boot.php(325): CodeIgniter\CodeIgniter->run()
14 SYSTEMPATH\Boot.php(67): CodeIgniter\Boot::runCodeIgniter(Object(CodeIgniter\CodeIgniter))
15 FCPATH\index.php(56): CodeIgniter\Boot::bootWeb(Object(Config\Paths))
WARNING - 2026-05-13 04:49:28 --> [DEPRECATED] strtotime(): Passing null to parameter #1 ($datetime) of type string is deprecated in APPPATH\Views\Ebook\v_index.php on line 83.
 1 APPPATH\Views\Ebook\v_index.php(83): strtotime(null)
 2 SYSTEMPATH\View\View.php(234): include('C:\\xampp\\htdocs\\si_ekatalog_ci4\\app\\Views\\Ebook\\v_index.php')
 3 SYSTEMPATH\View\View.php(237): CodeIgniter\View\View->CodeIgniter\View\{closure}()
 4 SYSTEMPATH\Common.php(1171): CodeIgniter\View\View->render('ebook/v_index', [], true)
 5 APPPATH\Views\v_template_admin.php(288): view('ebook/v_index')
 6 SYSTEMPATH\View\View.php(234): include('C:\\xampp\\htdocs\\si_ekatalog_ci4\\app\\Views\\v_template_admin.php')
 7 SYSTEMPATH\View\View.php(237): CodeIgniter\View\View->CodeIgniter\View\{closure}()
 8 SYSTEMPATH\Common.php(1171): CodeIgniter\View\View->render('v_template_admin', [], true)
 9 APPPATH\Controllers\Ebook.php(44): view('v_template_admin', [...])
10 SYSTEMPATH\CodeIgniter.php(933): App\Controllers\Ebook->index()
11 SYSTEMPATH\CodeIgniter.php(509): CodeIgniter\CodeIgniter->runController(Object(App\Controllers\Ebook))
12 SYSTEMPATH\CodeIgniter.php(355): CodeIgniter\CodeIgniter->handleRequest(null, Object(Config\Cache), false)
13 SYSTEMPATH\Boot.php(325): CodeIgniter\CodeIgniter->run()
14 SYSTEMPATH\Boot.php(67): CodeIgniter\Boot::runCodeIgniter(Object(CodeIgniter\CodeIgniter))
15 FCPATH\index.php(56): CodeIgniter\Boot::bootWeb(Object(Config\Paths))
WARNING - 2026-05-13 04:49:28 --> [DEPRECATED] strtotime(): Passing null to parameter #1 ($datetime) of type string is deprecated in APPPATH\Views\Ebook\v_index.php on line 83.
 1 APPPATH\Views\Ebook\v_index.php(83): strtotime(null)
 2 SYSTEMPATH\View\View.php(234): include('C:\\xampp\\htdocs\\si_ekatalog_ci4\\app\\Views\\Ebook\\v_index.php')
 3 SYSTEMPATH\View\View.php(237): CodeIgniter\View\View->CodeIgniter\View\{closure}()
 4 SYSTEMPATH\Common.php(1171): CodeIgniter\View\View->render('ebook/v_index', [], true)
 5 APPPATH\Views\v_template_admin.php(288): view('ebook/v_index')
 6 SYSTEMPATH\View\View.php(234): include('C:\\xampp\\htdocs\\si_ekatalog_ci4\\app\\Views\\v_template_admin.php')
 7 SYSTEMPATH\View\View.php(237): CodeIgniter\View\View->CodeIgniter\View\{closure}()
 8 SYSTEMPATH\Common.php(1171): CodeIgniter\View\View->render('v_template_admin', [], true)
 9 APPPATH\Controllers\Ebook.php(44): view('v_template_admin', [...])
10 SYSTEMPATH\CodeIgniter.php(933): App\Controllers\Ebook->index()
11 SYSTEMPATH\CodeIgniter.php(509): CodeIgniter\CodeIgniter->runController(Object(App\Controllers\Ebook))
12 SYSTEMPATH\CodeIgniter.php(355): CodeIgniter\CodeIgniter->handleRequest(null, Object(Config\Cache), false)
13 SYSTEMPATH\Boot.php(325): CodeIgniter\CodeIgniter->run()
14 SYSTEMPATH\Boot.php(67): CodeIgniter\Boot::runCodeIgniter(Object(CodeIgniter\CodeIgniter))
15 FCPATH\index.php(56): CodeIgniter\Boot::bootWeb(Object(Config\Paths))
WARNING - 2026-05-13 04:49:28 --> [DEPRECATED] strtotime(): Passing null to parameter #1 ($datetime) of type string is deprecated in APPPATH\Views\Ebook\v_index.php on line 83.
 1 APPPATH\Views\Ebook\v_index.php(83): strtotime(null)
 2 SYSTEMPATH\View\View.php(234): include('C:\\xampp\\htdocs\\si_ekatalog_ci4\\app\\Views\\Ebook\\v_index.php')
 3 SYSTEMPATH\View\View.php(237): CodeIgniter\View\View->CodeIgniter\View\{closure}()
 4 SYSTEMPATH\Common.php(1171): CodeIgniter\View\View->render('ebook/v_index', [], true)
 5 APPPATH\Views\v_template_admin.php(288): view('ebook/v_index')
 6 SYSTEMPATH\View\View.php(234): include('C:\\xampp\\htdocs\\si_ekatalog_ci4\\app\\Views\\v_template_admin.php')
 7 SYSTEMPATH\View\View.php(237): CodeIgniter\View\View->CodeIgniter\View\{closure}()
 8 SYSTEMPATH\Common.php(1171): CodeIgniter\View\View->render('v_template_admin', [], true)
 9 APPPATH\Controllers\Ebook.php(44): view('v_template_admin', [...])
10 SYSTEMPATH\CodeIgniter.php(933): App\Controllers\Ebook->index()
11 SYSTEMPATH\CodeIgniter.php(509): CodeIgniter\CodeIgniter->runController(Object(App\Controllers\Ebook))
12 SYSTEMPATH\CodeIgniter.php(355): CodeIgniter\CodeIgniter->handleRequest(null, Object(Config\Cache), false)
13 SYSTEMPATH\Boot.php(325): CodeIgniter\CodeIgniter->run()
14 SYSTEMPATH\Boot.php(67): CodeIgniter\Boot::runCodeIgniter(Object(CodeIgniter\CodeIgniter))
15 FCPATH\index.php(56): CodeIgniter\Boot::bootWeb(Object(Config\Paths))
WARNING - 2026-05-13 04:49:28 --> [DEPRECATED] strtotime(): Passing null to parameter #1 ($datetime) of type string is deprecated in APPPATH\Views\Ebook\v_index.php on line 83.
 1 APPPATH\Views\Ebook\v_index.php(83): strtotime(null)
 2 SYSTEMPATH\View\View.php(234): include('C:\\xampp\\htdocs\\si_ekatalog_ci4\\app\\Views\\Ebook\\v_index.php')
 3 SYSTEMPATH\View\View.php(237): CodeIgniter\View\View->CodeIgniter\View\{closure}()
 4 SYSTEMPATH\Common.php(1171): CodeIgniter\View\View->render('ebook/v_index', [], true)
 5 APPPATH\Views\v_template_admin.php(288): view('ebook/v_index')
 6 SYSTEMPATH\View\View.php(234): include('C:\\xampp\\htdocs\\si_ekatalog_ci4\\app\\Views\\v_template_admin.php')
 7 SYSTEMPATH\View\View.php(237): CodeIgniter\View\View->CodeIgniter\View\{closure}()
 8 SYSTEMPATH\Common.php(1171): CodeIgniter\View\View->render('v_template_admin', [], true)
 9 APPPATH\Controllers\Ebook.php(44): view('v_template_admin', [...])
10 SYSTEMPATH\CodeIgniter.php(933): App\Controllers\Ebook->index()
11 SYSTEMPATH\CodeIgniter.php(509): CodeIgniter\CodeIgniter->runController(Object(App\Controllers\Ebook))
12 SYSTEMPATH\CodeIgniter.php(355): CodeIgniter\CodeIgniter->handleRequest(null, Object(Config\Cache), false)
13 SYSTEMPATH\Boot.php(325): CodeIgniter\CodeIgniter->run()
14 SYSTEMPATH\Boot.php(67): CodeIgniter\Boot::runCodeIgniter(Object(CodeIgniter\CodeIgniter))
15 FCPATH\index.php(56): CodeIgniter\Boot::bootWeb(Object(Config\Paths))
INFO - 2026-05-13 04:49:31 --> Session: Class initialized using 'CodeIgniter\Session\Handlers\FileHandler' driver.
INFO - 2026-05-13 04:49:35 --> Session: Class initialized using 'CodeIgniter\Session\Handlers\FileHandler' driver.
INFO - 2026-05-13 04:49:49 --> Session: Class initialized using 'CodeIgniter\Session\Handlers\FileHandler' driver.
INFO - 2026-05-13 04:50:37 --> Session: Class initialized using 'CodeIgniter\Session\Handlers\FileHandler' driver.
INFO - 2026-05-13 04:50:39 --> Session: Class initialized using 'CodeIgniter\Session\Handlers\FileHandler' driver.
INFO - 2026-05-13 04:50:49 --> Session: Class initialized using 'CodeIgniter\Session\Handlers\FileHandler' driver.
INFO - 2026-05-13 04:50:58 --> Session: Class initialized using 'CodeIgniter\Session\Handlers\FileHandler' driver.
WARNING - 2026-05-13 04:50:58 --> [DEPRECATED] strtotime(): Passing null to parameter #1 ($datetime) of type string is deprecated in APPPATH\Views\Ebook\v_index.php on line 83.
 1 APPPATH\Views\Ebook\v_index.php(83): strtotime(null)
 2 SYSTEMPATH\View\View.php(234): include('C:\\xampp\\htdocs\\si_ekatalog_ci4\\app\\Views\\Ebook\\v_index.php')
 3 SYSTEMPATH\View\View.php(237): CodeIgniter\View\View->CodeIgniter\View\{closure}()
 4 SYSTEMPATH\Common.php(1171): CodeIgniter\View\View->render('ebook/v_index', [], true)
 5 APPPATH\Views\v_template_admin.php(288): view('ebook/v_index')
 6 SYSTEMPATH\View\View.php(234): include('C:\\xampp\\htdocs\\si_ekatalog_ci4\\app\\Views\\v_template_admin.php')
 7 SYSTEMPATH\View\View.php(237): CodeIgniter\View\View->CodeIgniter\View\{closure}()
 8 SYSTEMPATH\Common.php(1171): CodeIgniter\View\View->render('v_template_admin', [], true)
 9 APPPATH\Controllers\Ebook.php(44): view('v_template_admin', [...])
10 SYSTEMPATH\CodeIgniter.php(933): App\Controllers\Ebook->index()
11 SYSTEMPATH\CodeIgniter.php(509): CodeIgniter\CodeIgniter->runController(Object(App\Controllers\Ebook))
12 SYSTEMPATH\CodeIgniter.php(355): CodeIgniter\CodeIgniter->handleRequest(null, Object(Config\Cache), false)
13 SYSTEMPATH\Boot.php(325): CodeIgniter\CodeIgniter->run()
14 SYSTEMPATH\Boot.php(67): CodeIgniter\Boot::runCodeIgniter(Object(CodeIgniter\CodeIgniter))
15 FCPATH\index.php(56): CodeIgniter\Boot::bootWeb(Object(Config\Paths))
WARNING - 2026-05-13 04:50:58 --> [DEPRECATED] strtotime(): Passing null to parameter #1 ($datetime) of type string is deprecated in APPPATH\Views\Ebook\v_index.php on line 83.
 1 APPPATH\Views\Ebook\v_index.php(83): strtotime(null)
 2 SYSTEMPATH\View\View.php(234): include('C:\\xampp\\htdocs\\si_ekatalog_ci4\\app\\Views\\Ebook\\v_index.php')
 3 SYSTEMPATH\View\View.php(237): CodeIgniter\View\View->CodeIgniter\View\{closure}()
 4 SYSTEMPATH\Common.php(1171): CodeIgniter\View\View->render('ebook/v_index', [], true)
 5 APPPATH\Views\v_template_admin.php(288): view('ebook/v_index')
 6 SYSTEMPATH\View\View.php(234): include('C:\\xampp\\htdocs\\si_ekatalog_ci4\\app\\Views\\v_template_admin.php')
 7 SYSTEMPATH\View\View.php(237): CodeIgniter\View\View->CodeIgniter\View\{closure}()
 8 SYSTEMPATH\Common.php(1171): CodeIgniter\View\View->render('v_template_admin', [], true)
 9 APPPATH\Controllers\Ebook.php(44): view('v_template_admin', [...])
10 SYSTEMPATH\CodeIgniter.php(933): App\Controllers\Ebook->index()
11 SYSTEMPATH\CodeIgniter.php(509): CodeIgniter\CodeIgniter->runController(Object(App\Controllers\Ebook))
12 SYSTEMPATH\CodeIgniter.php(355): CodeIgniter\CodeIgniter->handleRequest(null, Object(Config\Cache), false)
13 SYSTEMPATH\Boot.php(325): CodeIgniter\CodeIgniter->run()
14 SYSTEMPATH\Boot.php(67): CodeIgniter\Boot::runCodeIgniter(Object(CodeIgniter\CodeIgniter))
15 FCPATH\index.php(56): CodeIgniter\Boot::bootWeb(Object(Config\Paths))
WARNING - 2026-05-13 04:50:58 --> [DEPRECATED] strtotime(): Passing null to parameter #1 ($datetime) of type string is deprecated in APPPATH\Views\Ebook\v_index.php on line 83.
 1 APPPATH\Views\Ebook\v_index.php(83): strtotime(null)
 2 SYSTEMPATH\View\View.php(234): include('C:\\xampp\\htdocs\\si_ekatalog_ci4\\app\\Views\\Ebook\\v_index.php')
 3 SYSTEMPATH\View\View.php(237): CodeIgniter\View\View->CodeIgniter\View\{closure}()
 4 SYSTEMPATH\Common.php(1171): CodeIgniter\View\View->render('ebook/v_index', [], true)
 5 APPPATH\Views\v_template_admin.php(288): view('ebook/v_index')
 6 SYSTEMPATH\View\View.php(234): include('C:\\xampp\\htdocs\\si_ekatalog_ci4\\app\\Views\\v_template_admin.php')
 7 SYSTEMPATH\View\View.php(237): CodeIgniter\View\View->CodeIgniter\View\{closure}()
 8 SYSTEMPATH\Common.php(1171): CodeIgniter\View\View->render('v_template_admin', [], true)
 9 APPPATH\Controllers\Ebook.php(44): view('v_template_admin', [...])
10 SYSTEMPATH\CodeIgniter.php(933): App\Controllers\Ebook->index()
11 SYSTEMPATH\CodeIgniter.php(509): CodeIgniter\CodeIgniter->runController(Object(App\Controllers\Ebook))
12 SYSTEMPATH\CodeIgniter.php(355): CodeIgniter\CodeIgniter->handleRequest(null, Object(Config\Cache), false)
13 SYSTEMPATH\Boot.php(325): CodeIgniter\CodeIgniter->run()
14 SYSTEMPATH\Boot.php(67): CodeIgniter\Boot::runCodeIgniter(Object(CodeIgniter\CodeIgniter))
15 FCPATH\index.php(56): CodeIgniter\Boot::bootWeb(Object(Config\Paths))
WARNING - 2026-05-13 04:50:58 --> [DEPRECATED] strtotime(): Passing null to parameter #1 ($datetime) of type string is deprecated in APPPATH\Views\Ebook\v_index.php on line 83.
 1 APPPATH\Views\Ebook\v_index.php(83): strtotime(null)
 2 SYSTEMPATH\View\View.php(234): include('C:\\xampp\\htdocs\\si_ekatalog_ci4\\app\\Views\\Ebook\\v_index.php')
 3 SYSTEMPATH\View\View.php(237): CodeIgniter\View\View->CodeIgniter\View\{closure}()
 4 SYSTEMPATH\Common.php(1171): CodeIgniter\View\View->render('ebook/v_index', [], true)
 5 APPPATH\Views\v_template_admin.php(288): view('ebook/v_index')
 6 SYSTEMPATH\View\View.php(234): include('C:\\xampp\\htdocs\\si_ekatalog_ci4\\app\\Views\\v_template_admin.php')
 7 SYSTEMPATH\View\View.php(237): CodeIgniter\View\View->CodeIgniter\View\{closure}()
 8 SYSTEMPATH\Common.php(1171): CodeIgniter\View\View->render('v_template_admin', [], true)
 9 APPPATH\Controllers\Ebook.php(44): view('v_template_admin', [...])
10 SYSTEMPATH\CodeIgniter.php(933): App\Controllers\Ebook->index()
11 SYSTEMPATH\CodeIgniter.php(509): CodeIgniter\CodeIgniter->runController(Object(App\Controllers\Ebook))
12 SYSTEMPATH\CodeIgniter.php(355): CodeIgniter\CodeIgniter->handleRequest(null, Object(Config\Cache), false)
13 SYSTEMPATH\Boot.php(325): CodeIgniter\CodeIgniter->run()
14 SYSTEMPATH\Boot.php(67): CodeIgniter\Boot::runCodeIgniter(Object(CodeIgniter\CodeIgniter))
15 FCPATH\index.php(56): CodeIgniter\Boot::bootWeb(Object(Config\Paths))
WARNING - 2026-05-13 04:50:58 --> [DEPRECATED] strtotime(): Passing null to parameter #1 ($datetime) of type string is deprecated in APPPATH\Views\Ebook\v_index.php on line 83.
 1 APPPATH\Views\Ebook\v_index.php(83): strtotime(null)
 2 SYSTEMPATH\View\View.php(234): include('C:\\xampp\\htdocs\\si_ekatalog_ci4\\app\\Views\\Ebook\\v_index.php')
 3 SYSTEMPATH\View\View.php(237): CodeIgniter\View\View->CodeIgniter\View\{closure}()
 4 SYSTEMPATH\Common.php(1171): CodeIgniter\View\View->render('ebook/v_index', [], true)
 5 APPPATH\Views\v_template_admin.php(288): view('ebook/v_index')
 6 SYSTEMPATH\View\View.php(234): include('C:\\xampp\\htdocs\\si_ekatalog_ci4\\app\\Views\\v_template_admin.php')
 7 SYSTEMPATH\View\View.php(237): CodeIgniter\View\View->CodeIgniter\View\{closure}()
 8 SYSTEMPATH\Common.php(1171): CodeIgniter\View\View->render('v_template_admin', [], true)
 9 APPPATH\Controllers\Ebook.php(44): view('v_template_admin', [...])
10 SYSTEMPATH\CodeIgniter.php(933): App\Controllers\Ebook->index()
11 SYSTEMPATH\CodeIgniter.php(509): CodeIgniter\CodeIgniter->runController(Object(App\Controllers\Ebook))
12 SYSTEMPATH\CodeIgniter.php(355): CodeIgniter\CodeIgniter->handleRequest(null, Object(Config\Cache), false)
13 SYSTEMPATH\Boot.php(325): CodeIgniter\CodeIgniter->run()
14 SYSTEMPATH\Boot.php(67): CodeIgniter\Boot::runCodeIgniter(Object(CodeIgniter\CodeIgniter))
15 FCPATH\index.php(56): CodeIgniter\Boot::bootWeb(Object(Config\Paths))
WARNING - 2026-05-13 04:50:58 --> [DEPRECATED] strtotime(): Passing null to parameter #1 ($datetime) of type string is deprecated in APPPATH\Views\Ebook\v_index.php on line 83.
 1 APPPATH\Views\Ebook\v_index.php(83): strtotime(null)
 2 SYSTEMPATH\View\View.php(234): include('C:\\xampp\\htdocs\\si_ekatalog_ci4\\app\\Views\\Ebook\\v_index.php')
 3 SYSTEMPATH\View\View.php(237): CodeIgniter\View\View->CodeIgniter\View\{closure}()
 4 SYSTEMPATH\Common.php(1171): CodeIgniter\View\View->render('ebook/v_index', [], true)
 5 APPPATH\Views\v_template_admin.php(288): view('ebook/v_index')
 6 SYSTEMPATH\View\View.php(234): include('C:\\xampp\\htdocs\\si_ekatalog_ci4\\app\\Views\\v_template_admin.php')
 7 SYSTEMPATH\View\View.php(237): CodeIgniter\View\View->CodeIgniter\View\{closure}()
 8 SYSTEMPATH\Common.php(1171): CodeIgniter\View\View->render('v_template_admin', [], true)
 9 APPPATH\Controllers\Ebook.php(44): view('v_template_admin', [...])
10 SYSTEMPATH\CodeIgniter.php(933): App\Controllers\Ebook->index()
11 SYSTEMPATH\CodeIgniter.php(509): CodeIgniter\CodeIgniter->runController(Object(App\Controllers\Ebook))
12 SYSTEMPATH\CodeIgniter.php(355): CodeIgniter\CodeIgniter->handleRequest(null, Object(Config\Cache), false)
13 SYSTEMPATH\Boot.php(325): CodeIgniter\CodeIgniter->run()
14 SYSTEMPATH\Boot.php(67): CodeIgniter\Boot::runCodeIgniter(Object(CodeIgniter\CodeIgniter))
15 FCPATH\index.php(56): CodeIgniter\Boot::bootWeb(Object(Config\Paths))
WARNING - 2026-05-13 04:50:58 --> [DEPRECATED] strtotime(): Passing null to parameter #1 ($datetime) of type string is deprecated in APPPATH\Views\Ebook\v_index.php on line 83.
 1 APPPATH\Views\Ebook\v_index.php(83): strtotime(null)
 2 SYSTEMPATH\View\View.php(234): include('C:\\xampp\\htdocs\\si_ekatalog_ci4\\app\\Views\\Ebook\\v_index.php')
 3 SYSTEMPATH\View\View.php(237): CodeIgniter\View\View->CodeIgniter\View\{closure}()
 4 SYSTEMPATH\Common.php(1171): CodeIgniter\View\View->render('ebook/v_index', [], true)
 5 APPPATH\Views\v_template_admin.php(288): view('ebook/v_index')
 6 SYSTEMPATH\View\View.php(234): include('C:\\xampp\\htdocs\\si_ekatalog_ci4\\app\\Views\\v_template_admin.php')
 7 SYSTEMPATH\View\View.php(237): CodeIgniter\View\View->CodeIgniter\View\{closure}()
 8 SYSTEMPATH\Common.php(1171): CodeIgniter\View\View->render('v_template_admin', [], true)
 9 APPPATH\Controllers\Ebook.php(44): view('v_template_admin', [...])
10 SYSTEMPATH\CodeIgniter.php(933): App\Controllers\Ebook->index()
11 SYSTEMPATH\CodeIgniter.php(509): CodeIgniter\CodeIgniter->runController(Object(App\Controllers\Ebook))
12 SYSTEMPATH\CodeIgniter.php(355): CodeIgniter\CodeIgniter->handleRequest(null, Object(Config\Cache), false)
13 SYSTEMPATH\Boot.php(325): CodeIgniter\CodeIgniter->run()
14 SYSTEMPATH\Boot.php(67): CodeIgniter\Boot::runCodeIgniter(Object(CodeIgniter\CodeIgniter))
15 FCPATH\index.php(56): CodeIgniter\Boot::bootWeb(Object(Config\Paths))
WARNING - 2026-05-13 04:50:58 --> [DEPRECATED] strtotime(): Passing null to parameter #1 ($datetime) of type string is deprecated in APPPATH\Views\Ebook\v_index.php on line 83.
 1 APPPATH\Views\Ebook\v_index.php(83): strtotime(null)
 2 SYSTEMPATH\View\View.php(234): include('C:\\xampp\\htdocs\\si_ekatalog_ci4\\app\\Views\\Ebook\\v_index.php')
 3 SYSTEMPATH\View\View.php(237): CodeIgniter\View\View->CodeIgniter\View\{closure}()
 4 SYSTEMPATH\Common.php(1171): CodeIgniter\View\View->render('ebook/v_index', [], true)
 5 APPPATH\Views\v_template_admin.php(288): view('ebook/v_index')
 6 SYSTEMPATH\View\View.php(234): include('C:\\xampp\\htdocs\\si_ekatalog_ci4\\app\\Views\\v_template_admin.php')
 7 SYSTEMPATH\View\View.php(237): CodeIgniter\View\View->CodeIgniter\View\{closure}()
 8 SYSTEMPATH\Common.php(1171): CodeIgniter\View\View->render('v_template_admin', [], true)
 9 APPPATH\Controllers\Ebook.php(44): view('v_template_admin', [...])
10 SYSTEMPATH\CodeIgniter.php(933): App\Controllers\Ebook->index()
11 SYSTEMPATH\CodeIgniter.php(509): CodeIgniter\CodeIgniter->runController(Object(App\Controllers\Ebook))
12 SYSTEMPATH\CodeIgniter.php(355): CodeIgniter\CodeIgniter->handleRequest(null, Object(Config\Cache), false)
13 SYSTEMPATH\Boot.php(325): CodeIgniter\CodeIgniter->run()
14 SYSTEMPATH\Boot.php(67): CodeIgniter\Boot::runCodeIgniter(Object(CodeIgniter\CodeIgniter))
15 FCPATH\index.php(56): CodeIgniter\Boot::bootWeb(Object(Config\Paths))
WARNING - 2026-05-13 04:50:58 --> [DEPRECATED] strtotime(): Passing null to parameter #1 ($datetime) of type string is deprecated in APPPATH\Views\Ebook\v_index.php on line 83.
 1 APPPATH\Views\Ebook\v_index.php(83): strtotime(null)
 2 SYSTEMPATH\View\View.php(234): include('C:\\xampp\\htdocs\\si_ekatalog_ci4\\app\\Views\\Ebook\\v_index.php')
 3 SYSTEMPATH\View\View.php(237): CodeIgniter\View\View->CodeIgniter\View\{closure}()
 4 SYSTEMPATH\Common.php(1171): CodeIgniter\View\View->render('ebook/v_index', [], true)
 5 APPPATH\Views\v_template_admin.php(288): view('ebook/v_index')
 6 SYSTEMPATH\View\View.php(234): include('C:\\xampp\\htdocs\\si_ekatalog_ci4\\app\\Views\\v_template_admin.php')
 7 SYSTEMPATH\View\View.php(237): CodeIgniter\View\View->CodeIgniter\View\{closure}()
 8 SYSTEMPATH\Common.php(1171): CodeIgniter\View\View->render('v_template_admin', [], true)
 9 APPPATH\Controllers\Ebook.php(44): view('v_template_admin', [...])
10 SYSTEMPATH\CodeIgniter.php(933): App\Controllers\Ebook->index()
11 SYSTEMPATH\CodeIgniter.php(509): CodeIgniter\CodeIgniter->runController(Object(App\Controllers\Ebook))
12 SYSTEMPATH\CodeIgniter.php(355): CodeIgniter\CodeIgniter->handleRequest(null, Object(Config\Cache), false)
13 SYSTEMPATH\Boot.php(325): CodeIgniter\CodeIgniter->run()
14 SYSTEMPATH\Boot.php(67): CodeIgniter\Boot::runCodeIgniter(Object(CodeIgniter\CodeIgniter))
15 FCPATH\index.php(56): CodeIgniter\Boot::bootWeb(Object(Config\Paths))
WARNING - 2026-05-13 04:50:58 --> [DEPRECATED] strtotime(): Passing null to parameter #1 ($datetime) of type string is deprecated in APPPATH\Views\Ebook\v_index.php on line 83.
 1 APPPATH\Views\Ebook\v_index.php(83): strtotime(null)
 2 SYSTEMPATH\View\View.php(234): include('C:\\xampp\\htdocs\\si_ekatalog_ci4\\app\\Views\\Ebook\\v_index.php')
 3 SYSTEMPATH\View\View.php(237): CodeIgniter\View\View->CodeIgniter\View\{closure}()
 4 SYSTEMPATH\Common.php(1171): CodeIgniter\View\View->render('ebook/v_index', [], true)
 5 APPPATH\Views\v_template_admin.php(288): view('ebook/v_index')
 6 SYSTEMPATH\View\View.php(234): include('C:\\xampp\\htdocs\\si_ekatalog_ci4\\app\\Views\\v_template_admin.php')
 7 SYSTEMPATH\View\View.php(237): CodeIgniter\View\View->CodeIgniter\View\{closure}()
 8 SYSTEMPATH\Common.php(1171): CodeIgniter\View\View->render('v_template_admin', [], true)
 9 APPPATH\Controllers\Ebook.php(44): view('v_template_admin', [...])
10 SYSTEMPATH\CodeIgniter.php(933): App\Controllers\Ebook->index()
11 SYSTEMPATH\CodeIgniter.php(509): CodeIgniter\CodeIgniter->runController(Object(App\Controllers\Ebook))
12 SYSTEMPATH\CodeIgniter.php(355): CodeIgniter\CodeIgniter->handleRequest(null, Object(Config\Cache), false)
13 SYSTEMPATH\Boot.php(325): CodeIgniter\CodeIgniter->run()
14 SYSTEMPATH\Boot.php(67): CodeIgniter\Boot::runCodeIgniter(Object(CodeIgniter\CodeIgniter))
15 FCPATH\index.php(56): CodeIgniter\Boot::bootWeb(Object(Config\Paths))
WARNING - 2026-05-13 04:50:58 --> [DEPRECATED] strtotime(): Passing null to parameter #1 ($datetime) of type string is deprecated in APPPATH\Views\Ebook\v_index.php on line 83.
 1 APPPATH\Views\Ebook\v_index.php(83): strtotime(null)
 2 SYSTEMPATH\View\View.php(234): include('C:\\xampp\\htdocs\\si_ekatalog_ci4\\app\\Views\\Ebook\\v_index.php')
 3 SYSTEMPATH\View\View.php(237): CodeIgniter\View\View->CodeIgniter\View\{closure}()
 4 SYSTEMPATH\Common.php(1171): CodeIgniter\View\View->render('ebook/v_index', [], true)
 5 APPPATH\Views\v_template_admin.php(288): view('ebook/v_index')
 6 SYSTEMPATH\View\View.php(234): include('C:\\xampp\\htdocs\\si_ekatalog_ci4\\app\\Views\\v_template_admin.php')
 7 SYSTEMPATH\View\View.php(237): CodeIgniter\View\View->CodeIgniter\View\{closure}()
 8 SYSTEMPATH\Common.php(1171): CodeIgniter\View\View->render('v_template_admin', [], true)
 9 APPPATH\Controllers\Ebook.php(44): view('v_template_admin', [...])
10 SYSTEMPATH\CodeIgniter.php(933): App\Controllers\Ebook->index()
11 SYSTEMPATH\CodeIgniter.php(509): CodeIgniter\CodeIgniter->runController(Object(App\Controllers\Ebook))
12 SYSTEMPATH\CodeIgniter.php(355): CodeIgniter\CodeIgniter->handleRequest(null, Object(Config\Cache), false)
13 SYSTEMPATH\Boot.php(325): CodeIgniter\CodeIgniter->run()
14 SYSTEMPATH\Boot.php(67): CodeIgniter\Boot::runCodeIgniter(Object(CodeIgniter\CodeIgniter))
15 FCPATH\index.php(56): CodeIgniter\Boot::bootWeb(Object(Config\Paths))
WARNING - 2026-05-13 04:50:58 --> [DEPRECATED] strtotime(): Passing null to parameter #1 ($datetime) of type string is deprecated in APPPATH\Views\Ebook\v_index.php on line 83.
 1 APPPATH\Views\Ebook\v_index.php(83): strtotime(null)
 2 SYSTEMPATH\View\View.php(234): include('C:\\xampp\\htdocs\\si_ekatalog_ci4\\app\\Views\\Ebook\\v_index.php')
 3 SYSTEMPATH\View\View.php(237): CodeIgniter\View\View->CodeIgniter\View\{closure}()
 4 SYSTEMPATH\Common.php(1171): CodeIgniter\View\View->render('ebook/v_index', [], true)
 5 APPPATH\Views\v_template_admin.php(288): view('ebook/v_index')
 6 SYSTEMPATH\View\View.php(234): include('C:\\xampp\\htdocs\\si_ekatalog_ci4\\app\\Views\\v_template_admin.php')
 7 SYSTEMPATH\View\View.php(237): CodeIgniter\View\View->CodeIgniter\View\{closure}()
 8 SYSTEMPATH\Common.php(1171): CodeIgniter\View\View->render('v_template_admin', [], true)
 9 APPPATH\Controllers\Ebook.php(44): view('v_template_admin', [...])
10 SYSTEMPATH\CodeIgniter.php(933): App\Controllers\Ebook->index()
11 SYSTEMPATH\CodeIgniter.php(509): CodeIgniter\CodeIgniter->runController(Object(App\Controllers\Ebook))
12 SYSTEMPATH\CodeIgniter.php(355): CodeIgniter\CodeIgniter->handleRequest(null, Object(Config\Cache), false)
13 SYSTEMPATH\Boot.php(325): CodeIgniter\CodeIgniter->run()
14 SYSTEMPATH\Boot.php(67): CodeIgniter\Boot::runCodeIgniter(Object(CodeIgniter\CodeIgniter))
15 FCPATH\index.php(56): CodeIgniter\Boot::bootWeb(Object(Config\Paths))
WARNING - 2026-05-13 04:50:58 --> [DEPRECATED] strtotime(): Passing null to parameter #1 ($datetime) of type string is deprecated in APPPATH\Views\Ebook\v_index.php on line 83.
 1 APPPATH\Views\Ebook\v_index.php(83): strtotime(null)
 2 SYSTEMPATH\View\View.php(234): include('C:\\xampp\\htdocs\\si_ekatalog_ci4\\app\\Views\\Ebook\\v_index.php')
 3 SYSTEMPATH\View\View.php(237): CodeIgniter\View\View->CodeIgniter\View\{closure}()
 4 SYSTEMPATH\Common.php(1171): CodeIgniter\View\View->render('ebook/v_index', [], true)
 5 APPPATH\Views\v_template_admin.php(288): view('ebook/v_index')
 6 SYSTEMPATH\View\View.php(234): include('C:\\xampp\\htdocs\\si_ekatalog_ci4\\app\\Views\\v_template_admin.php')
 7 SYSTEMPATH\View\View.php(237): CodeIgniter\View\View->CodeIgniter\View\{closure}()
 8 SYSTEMPATH\Common.php(1171): CodeIgniter\View\View->render('v_template_admin', [], true)
 9 APPPATH\Controllers\Ebook.php(44): view('v_template_admin', [...])
10 SYSTEMPATH\CodeIgniter.php(933): App\Controllers\Ebook->index()
11 SYSTEMPATH\CodeIgniter.php(509): CodeIgniter\CodeIgniter->runController(Object(App\Controllers\Ebook))
12 SYSTEMPATH\CodeIgniter.php(355): CodeIgniter\CodeIgniter->handleRequest(null, Object(Config\Cache), false)
13 SYSTEMPATH\Boot.php(325): CodeIgniter\CodeIgniter->run()
14 SYSTEMPATH\Boot.php(67): CodeIgniter\Boot::runCodeIgniter(Object(CodeIgniter\CodeIgniter))
15 FCPATH\index.php(56): CodeIgniter\Boot::bootWeb(Object(Config\Paths))
WARNING - 2026-05-13 04:50:58 --> [DEPRECATED] strtotime(): Passing null to parameter #1 ($datetime) of type string is deprecated in APPPATH\Views\Ebook\v_index.php on line 83.
 1 APPPATH\Views\Ebook\v_index.php(83): strtotime(null)
 2 SYSTEMPATH\View\View.php(234): include('C:\\xampp\\htdocs\\si_ekatalog_ci4\\app\\Views\\Ebook\\v_index.php')
 3 SYSTEMPATH\View\View.php(237): CodeIgniter\View\View->CodeIgniter\View\{closure}()
 4 SYSTEMPATH\Common.php(1171): CodeIgniter\View\View->render('ebook/v_index', [], true)
 5 APPPATH\Views\v_template_admin.php(288): view('ebook/v_index')
 6 SYSTEMPATH\View\View.php(234): include('C:\\xampp\\htdocs\\si_ekatalog_ci4\\app\\Views\\v_template_admin.php')
 7 SYSTEMPATH\View\View.php(237): CodeIgniter\View\View->CodeIgniter\View\{closure}()
 8 SYSTEMPATH\Common.php(1171): CodeIgniter\View\View->render('v_template_admin', [], true)
 9 APPPATH\Controllers\Ebook.php(44): view('v_template_admin', [...])
10 SYSTEMPATH\CodeIgniter.php(933): App\Controllers\Ebook->index()
11 SYSTEMPATH\CodeIgniter.php(509): CodeIgniter\CodeIgniter->runController(Object(App\Controllers\Ebook))
12 SYSTEMPATH\CodeIgniter.php(355): CodeIgniter\CodeIgniter->handleRequest(null, Object(Config\Cache), false)
13 SYSTEMPATH\Boot.php(325): CodeIgniter\CodeIgniter->run()
14 SYSTEMPATH\Boot.php(67): CodeIgniter\Boot::runCodeIgniter(Object(CodeIgniter\CodeIgniter))
15 FCPATH\index.php(56): CodeIgniter\Boot::bootWeb(Object(Config\Paths))
WARNING - 2026-05-13 04:50:58 --> [DEPRECATED] strtotime(): Passing null to parameter #1 ($datetime) of type string is deprecated in APPPATH\Views\Ebook\v_index.php on line 83.
 1 APPPATH\Views\Ebook\v_index.php(83): strtotime(null)
 2 SYSTEMPATH\View\View.php(234): include('C:\\xampp\\htdocs\\si_ekatalog_ci4\\app\\Views\\Ebook\\v_index.php')
 3 SYSTEMPATH\View\View.php(237): CodeIgniter\View\View->CodeIgniter\View\{closure}()
 4 SYSTEMPATH\Common.php(1171): CodeIgniter\View\View->render('ebook/v_index', [], true)
 5 APPPATH\Views\v_template_admin.php(288): view('ebook/v_index')
 6 SYSTEMPATH\View\View.php(234): include('C:\\xampp\\htdocs\\si_ekatalog_ci4\\app\\Views\\v_template_admin.php')
 7 SYSTEMPATH\View\View.php(237): CodeIgniter\View\View->CodeIgniter\View\{closure}()
 8 SYSTEMPATH\Common.php(1171): CodeIgniter\View\View->render('v_template_admin', [], true)
 9 APPPATH\Controllers\Ebook.php(44): view('v_template_admin', [...])
10 SYSTEMPATH\CodeIgniter.php(933): App\Controllers\Ebook->index()
11 SYSTEMPATH\CodeIgniter.php(509): CodeIgniter\CodeIgniter->runController(Object(App\Controllers\Ebook))
12 SYSTEMPATH\CodeIgniter.php(355): CodeIgniter\CodeIgniter->handleRequest(null, Object(Config\Cache), false)
13 SYSTEMPATH\Boot.php(325): CodeIgniter\CodeIgniter->run()
14 SYSTEMPATH\Boot.php(67): CodeIgniter\Boot::runCodeIgniter(Object(CodeIgniter\CodeIgniter))
15 FCPATH\index.php(56): CodeIgniter\Boot::bootWeb(Object(Config\Paths))
WARNING - 2026-05-13 04:50:58 --> [DEPRECATED] strtotime(): Passing null to parameter #1 ($datetime) of type string is deprecated in APPPATH\Views\Ebook\v_index.php on line 83.
 1 APPPATH\Views\Ebook\v_index.php(83): strtotime(null)
 2 SYSTEMPATH\View\View.php(234): include('C:\\xampp\\htdocs\\si_ekatalog_ci4\\app\\Views\\Ebook\\v_index.php')
 3 SYSTEMPATH\View\View.php(237): CodeIgniter\View\View->CodeIgniter\View\{closure}()
 4 SYSTEMPATH\Common.php(1171): CodeIgniter\View\View->render('ebook/v_index', [], true)
 5 APPPATH\Views\v_template_admin.php(288): view('ebook/v_index')
 6 SYSTEMPATH\View\View.php(234): include('C:\\xampp\\htdocs\\si_ekatalog_ci4\\app\\Views\\v_template_admin.php')
 7 SYSTEMPATH\View\View.php(237): CodeIgniter\View\View->CodeIgniter\View\{closure}()
 8 SYSTEMPATH\Common.php(1171): CodeIgniter\View\View->render('v_template_admin', [], true)
 9 APPPATH\Controllers\Ebook.php(44): view('v_template_admin', [...])
10 SYSTEMPATH\CodeIgniter.php(933): App\Controllers\Ebook->index()
11 SYSTEMPATH\CodeIgniter.php(509): CodeIgniter\CodeIgniter->runController(Object(App\Controllers\Ebook))
12 SYSTEMPATH\CodeIgniter.php(355): CodeIgniter\CodeIgniter->handleRequest(null, Object(Config\Cache), false)
13 SYSTEMPATH\Boot.php(325): CodeIgniter\CodeIgniter->run()
14 SYSTEMPATH\Boot.php(67): CodeIgniter\Boot::runCodeIgniter(Object(CodeIgniter\CodeIgniter))
15 FCPATH\index.php(56): CodeIgniter\Boot::bootWeb(Object(Config\Paths))
WARNING - 2026-05-13 04:50:58 --> [DEPRECATED] strtotime(): Passing null to parameter #1 ($datetime) of type string is deprecated in APPPATH\Views\Ebook\v_index.php on line 83.
 1 APPPATH\Views\Ebook\v_index.php(83): strtotime(null)
 2 SYSTEMPATH\View\View.php(234): include('C:\\xampp\\htdocs\\si_ekatalog_ci4\\app\\Views\\Ebook\\v_index.php')
 3 SYSTEMPATH\View\View.php(237): CodeIgniter\View\View->CodeIgniter\View\{closure}()
 4 SYSTEMPATH\Common.php(1171): CodeIgniter\View\View->render('ebook/v_index', [], true)
 5 APPPATH\Views\v_template_admin.php(288): view('ebook/v_index')
 6 SYSTEMPATH\View\View.php(234): include('C:\\xampp\\htdocs\\si_ekatalog_ci4\\app\\Views\\v_template_admin.php')
 7 SYSTEMPATH\View\View.php(237): CodeIgniter\View\View->CodeIgniter\View\{closure}()
 8 SYSTEMPATH\Common.php(1171): CodeIgniter\View\View->render('v_template_admin', [], true)
 9 APPPATH\Controllers\Ebook.php(44): view('v_template_admin', [...])
10 SYSTEMPATH\CodeIgniter.php(933): App\Controllers\Ebook->index()
11 SYSTEMPATH\CodeIgniter.php(509): CodeIgniter\CodeIgniter->runController(Object(App\Controllers\Ebook))
12 SYSTEMPATH\CodeIgniter.php(355): CodeIgniter\CodeIgniter->handleRequest(null, Object(Config\Cache), false)
13 SYSTEMPATH\Boot.php(325): CodeIgniter\CodeIgniter->run()
14 SYSTEMPATH\Boot.php(67): CodeIgniter\Boot::runCodeIgniter(Object(CodeIgniter\CodeIgniter))
15 FCPATH\index.php(56): CodeIgniter\Boot::bootWeb(Object(Config\Paths))
WARNING - 2026-05-13 04:50:58 --> [DEPRECATED] strtotime(): Passing null to parameter #1 ($datetime) of type string is deprecated in APPPATH\Views\Ebook\v_index.php on line 83.
 1 APPPATH\Views\Ebook\v_index.php(83): strtotime(null)
 2 SYSTEMPATH\View\View.php(234): include('C:\\xampp\\htdocs\\si_ekatalog_ci4\\app\\Views\\Ebook\\v_index.php')
 3 SYSTEMPATH\View\View.php(237): CodeIgniter\View\View->CodeIgniter\View\{closure}()
 4 SYSTEMPATH\Common.php(1171): CodeIgniter\View\View->render('ebook/v_index', [], true)
 5 APPPATH\Views\v_template_admin.php(288): view('ebook/v_index')
 6 SYSTEMPATH\View\View.php(234): include('C:\\xampp\\htdocs\\si_ekatalog_ci4\\app\\Views\\v_template_admin.php')
 7 SYSTEMPATH\View\View.php(237): CodeIgniter\View\View->CodeIgniter\View\{closure}()
 8 SYSTEMPATH\Common.php(1171): CodeIgniter\View\View->render('v_template_admin', [], true)
 9 APPPATH\Controllers\Ebook.php(44): view('v_template_admin', [...])
10 SYSTEMPATH\CodeIgniter.php(933): App\Controllers\Ebook->index()
11 SYSTEMPATH\CodeIgniter.php(509): CodeIgniter\CodeIgniter->runController(Object(App\Controllers\Ebook))
12 SYSTEMPATH\CodeIgniter.php(355): CodeIgniter\CodeIgniter->handleRequest(null, Object(Config\Cache), false)
13 SYSTEMPATH\Boot.php(325): CodeIgniter\CodeIgniter->run()
14 SYSTEMPATH\Boot.php(67): CodeIgniter\Boot::runCodeIgniter(Object(CodeIgniter\CodeIgniter))
15 FCPATH\index.php(56): CodeIgniter\Boot::bootWeb(Object(Config\Paths))
WARNING - 2026-05-13 04:50:58 --> [DEPRECATED] strtotime(): Passing null to parameter #1 ($datetime) of type string is deprecated in APPPATH\Views\Ebook\v_index.php on line 83.
 1 APPPATH\Views\Ebook\v_index.php(83): strtotime(null)
 2 SYSTEMPATH\View\View.php(234): include('C:\\xampp\\htdocs\\si_ekatalog_ci4\\app\\Views\\Ebook\\v_index.php')
 3 SYSTEMPATH\View\View.php(237): CodeIgniter\View\View->CodeIgniter\View\{closure}()
 4 SYSTEMPATH\Common.php(1171): CodeIgniter\View\View->render('ebook/v_index', [], true)
 5 APPPATH\Views\v_template_admin.php(288): view('ebook/v_index')
 6 SYSTEMPATH\View\View.php(234): include('C:\\xampp\\htdocs\\si_ekatalog_ci4\\app\\Views\\v_template_admin.php')
 7 SYSTEMPATH\View\View.php(237): CodeIgniter\View\View->CodeIgniter\View\{closure}()
 8 SYSTEMPATH\Common.php(1171): CodeIgniter\View\View->render('v_template_admin', [], true)
 9 APPPATH\Controllers\Ebook.php(44): view('v_template_admin', [...])
10 SYSTEMPATH\CodeIgniter.php(933): App\Controllers\Ebook->index()
11 SYSTEMPATH\CodeIgniter.php(509): CodeIgniter\CodeIgniter->runController(Object(App\Controllers\Ebook))
12 SYSTEMPATH\CodeIgniter.php(355): CodeIgniter\CodeIgniter->handleRequest(null, Object(Config\Cache), false)
13 SYSTEMPATH\Boot.php(325): CodeIgniter\CodeIgniter->run()
14 SYSTEMPATH\Boot.php(67): CodeIgniter\Boot::runCodeIgniter(Object(CodeIgniter\CodeIgniter))
15 FCPATH\index.php(56): CodeIgniter\Boot::bootWeb(Object(Config\Paths))
WARNING - 2026-05-13 04:50:58 --> [DEPRECATED] strtotime(): Passing null to parameter #1 ($datetime) of type string is deprecated in APPPATH\Views\Ebook\v_index.php on line 83.
 1 APPPATH\Views\Ebook\v_index.php(83): strtotime(null)
 2 SYSTEMPATH\View\View.php(234): include('C:\\xampp\\htdocs\\si_ekatalog_ci4\\app\\Views\\Ebook\\v_index.php')
 3 SYSTEMPATH\View\View.php(237): CodeIgniter\View\View->CodeIgniter\View\{closure}()
 4 SYSTEMPATH\Common.php(1171): CodeIgniter\View\View->render('ebook/v_index', [], true)
 5 APPPATH\Views\v_template_admin.php(288): view('ebook/v_index')
 6 SYSTEMPATH\View\View.php(234): include('C:\\xampp\\htdocs\\si_ekatalog_ci4\\app\\Views\\v_template_admin.php')
 7 SYSTEMPATH\View\View.php(237): CodeIgniter\View\View->CodeIgniter\View\{closure}()
 8 SYSTEMPATH\Common.php(1171): CodeIgniter\View\View->render('v_template_admin', [], true)
 9 APPPATH\Controllers\Ebook.php(44): view('v_template_admin', [...])
10 SYSTEMPATH\CodeIgniter.php(933): App\Controllers\Ebook->index()
11 SYSTEMPATH\CodeIgniter.php(509): CodeIgniter\CodeIgniter->runController(Object(App\Controllers\Ebook))
12 SYSTEMPATH\CodeIgniter.php(355): CodeIgniter\CodeIgniter->handleRequest(null, Object(Config\Cache), false)
13 SYSTEMPATH\Boot.php(325): CodeIgniter\CodeIgniter->run()
14 SYSTEMPATH\Boot.php(67): CodeIgniter\Boot::runCodeIgniter(Object(CodeIgniter\CodeIgniter))
15 FCPATH\index.php(56): CodeIgniter\Boot::bootWeb(Object(Config\Paths))
WARNING - 2026-05-13 04:50:58 --> [DEPRECATED] strtotime(): Passing null to parameter #1 ($datetime) of type string is deprecated in APPPATH\Views\Ebook\v_index.php on line 83.
 1 APPPATH\Views\Ebook\v_index.php(83): strtotime(null)
 2 SYSTEMPATH\View\View.php(234): include('C:\\xampp\\htdocs\\si_ekatalog_ci4\\app\\Views\\Ebook\\v_index.php')
 3 SYSTEMPATH\View\View.php(237): CodeIgniter\View\View->CodeIgniter\View\{closure}()
 4 SYSTEMPATH\Common.php(1171): CodeIgniter\View\View->render('ebook/v_index', [], true)
 5 APPPATH\Views\v_template_admin.php(288): view('ebook/v_index')
 6 SYSTEMPATH\View\View.php(234): include('C:\\xampp\\htdocs\\si_ekatalog_ci4\\app\\Views\\v_template_admin.php')
 7 SYSTEMPATH\View\View.php(237): CodeIgniter\View\View->CodeIgniter\View\{closure}()
 8 SYSTEMPATH\Common.php(1171): CodeIgniter\View\View->render('v_template_admin', [], true)
 9 APPPATH\Controllers\Ebook.php(44): view('v_template_admin', [...])
10 SYSTEMPATH\CodeIgniter.php(933): App\Controllers\Ebook->index()
11 SYSTEMPATH\CodeIgniter.php(509): CodeIgniter\CodeIgniter->runController(Object(App\Controllers\Ebook))
12 SYSTEMPATH\CodeIgniter.php(355): CodeIgniter\CodeIgniter->handleRequest(null, Object(Config\Cache), false)
13 SYSTEMPATH\Boot.php(325): CodeIgniter\CodeIgniter->run()
14 SYSTEMPATH\Boot.php(67): CodeIgniter\Boot::runCodeIgniter(Object(CodeIgniter\CodeIgniter))
15 FCPATH\index.php(56): CodeIgniter\Boot::bootWeb(Object(Config\Paths))
WARNING - 2026-05-13 04:50:58 --> [DEPRECATED] strtotime(): Passing null to parameter #1 ($datetime) of type string is deprecated in APPPATH\Views\Ebook\v_index.php on line 83.
 1 APPPATH\Views\Ebook\v_index.php(83): strtotime(null)
 2 SYSTEMPATH\View\View.php(234): include('C:\\xampp\\htdocs\\si_ekatalog_ci4\\app\\Views\\Ebook\\v_index.php')
 3 SYSTEMPATH\View\View.php(237): CodeIgniter\View\View->CodeIgniter\View\{closure}()
 4 SYSTEMPATH\Common.php(1171): CodeIgniter\View\View->render('ebook/v_index', [], true)
 5 APPPATH\Views\v_template_admin.php(288): view('ebook/v_index')
 6 SYSTEMPATH\View\View.php(234): include('C:\\xampp\\htdocs\\si_ekatalog_ci4\\app\\Views\\v_template_admin.php')
 7 SYSTEMPATH\View\View.php(237): CodeIgniter\View\View->CodeIgniter\View\{closure}()
 8 SYSTEMPATH\Common.php(1171): CodeIgniter\View\View->render('v_template_admin', [], true)
 9 APPPATH\Controllers\Ebook.php(44): view('v_template_admin', [...])
10 SYSTEMPATH\CodeIgniter.php(933): App\Controllers\Ebook->index()
11 SYSTEMPATH\CodeIgniter.php(509): CodeIgniter\CodeIgniter->runController(Object(App\Controllers\Ebook))
12 SYSTEMPATH\CodeIgniter.php(355): CodeIgniter\CodeIgniter->handleRequest(null, Object(Config\Cache), false)
13 SYSTEMPATH\Boot.php(325): CodeIgniter\CodeIgniter->run()
14 SYSTEMPATH\Boot.php(67): CodeIgniter\Boot::runCodeIgniter(Object(CodeIgniter\CodeIgniter))
15 FCPATH\index.php(56): CodeIgniter\Boot::bootWeb(Object(Config\Paths))
WARNING - 2026-05-13 04:50:58 --> [DEPRECATED] strtotime(): Passing null to parameter #1 ($datetime) of type string is deprecated in APPPATH\Views\Ebook\v_index.php on line 83.
 1 APPPATH\Views\Ebook\v_index.php(83): strtotime(null)
 2 SYSTEMPATH\View\View.php(234): include('C:\\xampp\\htdocs\\si_ekatalog_ci4\\app\\Views\\Ebook\\v_index.php')
 3 SYSTEMPATH\View\View.php(237): CodeIgniter\View\View->CodeIgniter\View\{closure}()
 4 SYSTEMPATH\Common.php(1171): CodeIgniter\View\View->render('ebook/v_index', [], true)
 5 APPPATH\Views\v_template_admin.php(288): view('ebook/v_index')
 6 SYSTEMPATH\View\View.php(234): include('C:\\xampp\\htdocs\\si_ekatalog_ci4\\app\\Views\\v_template_admin.php')
 7 SYSTEMPATH\View\View.php(237): CodeIgniter\View\View->CodeIgniter\View\{closure}()
 8 SYSTEMPATH\Common.php(1171): CodeIgniter\View\View->render('v_template_admin', [], true)
 9 APPPATH\Controllers\Ebook.php(44): view('v_template_admin', [...])
10 SYSTEMPATH\CodeIgniter.php(933): App\Controllers\Ebook->index()
11 SYSTEMPATH\CodeIgniter.php(509): CodeIgniter\CodeIgniter->runController(Object(App\Controllers\Ebook))
12 SYSTEMPATH\CodeIgniter.php(355): CodeIgniter\CodeIgniter->handleRequest(null, Object(Config\Cache), false)
13 SYSTEMPATH\Boot.php(325): CodeIgniter\CodeIgniter->run()
14 SYSTEMPATH\Boot.php(67): CodeIgniter\Boot::runCodeIgniter(Object(CodeIgniter\CodeIgniter))
15 FCPATH\index.php(56): CodeIgniter\Boot::bootWeb(Object(Config\Paths))
WARNING - 2026-05-13 04:50:58 --> [DEPRECATED] strtotime(): Passing null to parameter #1 ($datetime) of type string is deprecated in APPPATH\Views\Ebook\v_index.php on line 83.
 1 APPPATH\Views\Ebook\v_index.php(83): strtotime(null)
 2 SYSTEMPATH\View\View.php(234): include('C:\\xampp\\htdocs\\si_ekatalog_ci4\\app\\Views\\Ebook\\v_index.php')
 3 SYSTEMPATH\View\View.php(237): CodeIgniter\View\View->CodeIgniter\View\{closure}()
 4 SYSTEMPATH\Common.php(1171): CodeIgniter\View\View->render('ebook/v_index', [], true)
 5 APPPATH\Views\v_template_admin.php(288): view('ebook/v_index')
 6 SYSTEMPATH\View\View.php(234): include('C:\\xampp\\htdocs\\si_ekatalog_ci4\\app\\Views\\v_template_admin.php')
 7 SYSTEMPATH\View\View.php(237): CodeIgniter\View\View->CodeIgniter\View\{closure}()
 8 SYSTEMPATH\Common.php(1171): CodeIgniter\View\View->render('v_template_admin', [], true)
 9 APPPATH\Controllers\Ebook.php(44): view('v_template_admin', [...])
10 SYSTEMPATH\CodeIgniter.php(933): App\Controllers\Ebook->index()
11 SYSTEMPATH\CodeIgniter.php(509): CodeIgniter\CodeIgniter->runController(Object(App\Controllers\Ebook))
12 SYSTEMPATH\CodeIgniter.php(355): CodeIgniter\CodeIgniter->handleRequest(null, Object(Config\Cache), false)
13 SYSTEMPATH\Boot.php(325): CodeIgniter\CodeIgniter->run()
14 SYSTEMPATH\Boot.php(67): CodeIgniter\Boot::runCodeIgniter(Object(CodeIgniter\CodeIgniter))
15 FCPATH\index.php(56): CodeIgniter\Boot::bootWeb(Object(Config\Paths))
WARNING - 2026-05-13 04:50:58 --> [DEPRECATED] strtotime(): Passing null to parameter #1 ($datetime) of type string is deprecated in APPPATH\Views\Ebook\v_index.php on line 83.
 1 APPPATH\Views\Ebook\v_index.php(83): strtotime(null)
 2 SYSTEMPATH\View\View.php(234): include('C:\\xampp\\htdocs\\si_ekatalog_ci4\\app\\Views\\Ebook\\v_index.php')
 3 SYSTEMPATH\View\View.php(237): CodeIgniter\View\View->CodeIgniter\View\{closure}()
 4 SYSTEMPATH\Common.php(1171): CodeIgniter\View\View->render('ebook/v_index', [], true)
 5 APPPATH\Views\v_template_admin.php(288): view('ebook/v_index')
 6 SYSTEMPATH\View\View.php(234): include('C:\\xampp\\htdocs\\si_ekatalog_ci4\\app\\Views\\v_template_admin.php')
 7 SYSTEMPATH\View\View.php(237): CodeIgniter\View\View->CodeIgniter\View\{closure}()
 8 SYSTEMPATH\Common.php(1171): CodeIgniter\View\View->render('v_template_admin', [], true)
 9 APPPATH\Controllers\Ebook.php(44): view('v_template_admin', [...])
10 SYSTEMPATH\CodeIgniter.php(933): App\Controllers\Ebook->index()
11 SYSTEMPATH\CodeIgniter.php(509): CodeIgniter\CodeIgniter->runController(Object(App\Controllers\Ebook))
12 SYSTEMPATH\CodeIgniter.php(355): CodeIgniter\CodeIgniter->handleRequest(null, Object(Config\Cache), false)
13 SYSTEMPATH\Boot.php(325): CodeIgniter\CodeIgniter->run()
14 SYSTEMPATH\Boot.php(67): CodeIgniter\Boot::runCodeIgniter(Object(CodeIgniter\CodeIgniter))
15 FCPATH\index.php(56): CodeIgniter\Boot::bootWeb(Object(Config\Paths))
WARNING - 2026-05-13 04:50:58 --> [DEPRECATED] strtotime(): Passing null to parameter #1 ($datetime) of type string is deprecated in APPPATH\Views\Ebook\v_index.php on line 83.
 1 APPPATH\Views\Ebook\v_index.php(83): strtotime(null)
 2 SYSTEMPATH\View\View.php(234): include('C:\\xampp\\htdocs\\si_ekatalog_ci4\\app\\Views\\Ebook\\v_index.php')
 3 SYSTEMPATH\View\View.php(237): CodeIgniter\View\View->CodeIgniter\View\{closure}()
 4 SYSTEMPATH\Common.php(1171): CodeIgniter\View\View->render('ebook/v_index', [], true)
 5 APPPATH\Views\v_template_admin.php(288): view('ebook/v_index')
 6 SYSTEMPATH\View\View.php(234): include('C:\\xampp\\htdocs\\si_ekatalog_ci4\\app\\Views\\v_template_admin.php')
 7 SYSTEMPATH\View\View.php(237): CodeIgniter\View\View->CodeIgniter\View\{closure}()
 8 SYSTEMPATH\Common.php(1171): CodeIgniter\View\View->render('v_template_admin', [], true)
 9 APPPATH\Controllers\Ebook.php(44): view('v_template_admin', [...])
10 SYSTEMPATH\CodeIgniter.php(933): App\Controllers\Ebook->index()
11 SYSTEMPATH\CodeIgniter.php(509): CodeIgniter\CodeIgniter->runController(Object(App\Controllers\Ebook))
12 SYSTEMPATH\CodeIgniter.php(355): CodeIgniter\CodeIgniter->handleRequest(null, Object(Config\Cache), false)
13 SYSTEMPATH\Boot.php(325): CodeIgniter\CodeIgniter->run()
14 SYSTEMPATH\Boot.php(67): CodeIgniter\Boot::runCodeIgniter(Object(CodeIgniter\CodeIgniter))
15 FCPATH\index.php(56): CodeIgniter\Boot::bootWeb(Object(Config\Paths))
WARNING - 2026-05-13 04:50:58 --> [DEPRECATED] strtotime(): Passing null to parameter #1 ($datetime) of type string is deprecated in APPPATH\Views\Ebook\v_index.php on line 83.
 1 APPPATH\Views\Ebook\v_index.php(83): strtotime(null)
 2 SYSTEMPATH\View\View.php(234): include('C:\\xampp\\htdocs\\si_ekatalog_ci4\\app\\Views\\Ebook\\v_index.php')
 3 SYSTEMPATH\View\View.php(237): CodeIgniter\View\View->CodeIgniter\View\{closure}()
 4 SYSTEMPATH\Common.php(1171): CodeIgniter\View\View->render('ebook/v_index', [], true)
 5 APPPATH\Views\v_template_admin.php(288): view('ebook/v_index')
 6 SYSTEMPATH\View\View.php(234): include('C:\\xampp\\htdocs\\si_ekatalog_ci4\\app\\Views\\v_template_admin.php')
 7 SYSTEMPATH\View\View.php(237): CodeIgniter\View\View->CodeIgniter\View\{closure}()
 8 SYSTEMPATH\Common.php(1171): CodeIgniter\View\View->render('v_template_admin', [], true)
 9 APPPATH\Controllers\Ebook.php(44): view('v_template_admin', [...])
10 SYSTEMPATH\CodeIgniter.php(933): App\Controllers\Ebook->index()
11 SYSTEMPATH\CodeIgniter.php(509): CodeIgniter\CodeIgniter->runController(Object(App\Controllers\Ebook))
12 SYSTEMPATH\CodeIgniter.php(355): CodeIgniter\CodeIgniter->handleRequest(null, Object(Config\Cache), false)
13 SYSTEMPATH\Boot.php(325): CodeIgniter\CodeIgniter->run()
14 SYSTEMPATH\Boot.php(67): CodeIgniter\Boot::runCodeIgniter(Object(CodeIgniter\CodeIgniter))
15 FCPATH\index.php(56): CodeIgniter\Boot::bootWeb(Object(Config\Paths))
WARNING - 2026-05-13 04:50:58 --> [DEPRECATED] strtotime(): Passing null to parameter #1 ($datetime) of type string is deprecated in APPPATH\Views\Ebook\v_index.php on line 83.
 1 APPPATH\Views\Ebook\v_index.php(83): strtotime(null)
 2 SYSTEMPATH\View\View.php(234): include('C:\\xampp\\htdocs\\si_ekatalog_ci4\\app\\Views\\Ebook\\v_index.php')
 3 SYSTEMPATH\View\View.php(237): CodeIgniter\View\View->CodeIgniter\View\{closure}()
 4 SYSTEMPATH\Common.php(1171): CodeIgniter\View\View->render('ebook/v_index', [], true)
 5 APPPATH\Views\v_template_admin.php(288): view('ebook/v_index')
 6 SYSTEMPATH\View\View.php(234): include('C:\\xampp\\htdocs\\si_ekatalog_ci4\\app\\Views\\v_template_admin.php')
 7 SYSTEMPATH\View\View.php(237): CodeIgniter\View\View->CodeIgniter\View\{closure}()
 8 SYSTEMPATH\Common.php(1171): CodeIgniter\View\View->render('v_template_admin', [], true)
 9 APPPATH\Controllers\Ebook.php(44): view('v_template_admin', [...])
10 SYSTEMPATH\CodeIgniter.php(933): App\Controllers\Ebook->index()
11 SYSTEMPATH\CodeIgniter.php(509): CodeIgniter\CodeIgniter->runController(Object(App\Controllers\Ebook))
12 SYSTEMPATH\CodeIgniter.php(355): CodeIgniter\CodeIgniter->handleRequest(null, Object(Config\Cache), false)
13 SYSTEMPATH\Boot.php(325): CodeIgniter\CodeIgniter->run()
14 SYSTEMPATH\Boot.php(67): CodeIgniter\Boot::runCodeIgniter(Object(CodeIgniter\CodeIgniter))
15 FCPATH\index.php(56): CodeIgniter\Boot::bootWeb(Object(Config\Paths))
WARNING - 2026-05-13 04:50:58 --> [DEPRECATED] strtotime(): Passing null to parameter #1 ($datetime) of type string is deprecated in APPPATH\Views\Ebook\v_index.php on line 83.
 1 APPPATH\Views\Ebook\v_index.php(83): strtotime(null)
 2 SYSTEMPATH\View\View.php(234): include('C:\\xampp\\htdocs\\si_ekatalog_ci4\\app\\Views\\Ebook\\v_index.php')
 3 SYSTEMPATH\View\View.php(237): CodeIgniter\View\View->CodeIgniter\View\{closure}()
 4 SYSTEMPATH\Common.php(1171): CodeIgniter\View\View->render('ebook/v_index', [], true)
 5 APPPATH\Views\v_template_admin.php(288): view('ebook/v_index')
 6 SYSTEMPATH\View\View.php(234): include('C:\\xampp\\htdocs\\si_ekatalog_ci4\\app\\Views\\v_template_admin.php')
 7 SYSTEMPATH\View\View.php(237): CodeIgniter\View\View->CodeIgniter\View\{closure}()
 8 SYSTEMPATH\Common.php(1171): CodeIgniter\View\View->render('v_template_admin', [], true)
 9 APPPATH\Controllers\Ebook.php(44): view('v_template_admin', [...])
10 SYSTEMPATH\CodeIgniter.php(933): App\Controllers\Ebook->index()
11 SYSTEMPATH\CodeIgniter.php(509): CodeIgniter\CodeIgniter->runController(Object(App\Controllers\Ebook))
12 SYSTEMPATH\CodeIgniter.php(355): CodeIgniter\CodeIgniter->handleRequest(null, Object(Config\Cache), false)
13 SYSTEMPATH\Boot.php(325): CodeIgniter\CodeIgniter->run()
14 SYSTEMPATH\Boot.php(67): CodeIgniter\Boot::runCodeIgniter(Object(CodeIgniter\CodeIgniter))
15 FCPATH\index.php(56): CodeIgniter\Boot::bootWeb(Object(Config\Paths))
WARNING - 2026-05-13 04:50:58 --> [DEPRECATED] strtotime(): Passing null to parameter #1 ($datetime) of type string is deprecated in APPPATH\Views\Ebook\v_index.php on line 83.
 1 APPPATH\Views\Ebook\v_index.php(83): strtotime(null)
 2 SYSTEMPATH\View\View.php(234): include('C:\\xampp\\htdocs\\si_ekatalog_ci4\\app\\Views\\Ebook\\v_index.php')
 3 SYSTEMPATH\View\View.php(237): CodeIgniter\View\View->CodeIgniter\View\{closure}()
 4 SYSTEMPATH\Common.php(1171): CodeIgniter\View\View->render('ebook/v_index', [], true)
 5 APPPATH\Views\v_template_admin.php(288): view('ebook/v_index')
 6 SYSTEMPATH\View\View.php(234): include('C:\\xampp\\htdocs\\si_ekatalog_ci4\\app\\Views\\v_template_admin.php')
 7 SYSTEMPATH\View\View.php(237): CodeIgniter\View\View->CodeIgniter\View\{closure}()
 8 SYSTEMPATH\Common.php(1171): CodeIgniter\View\View->render('v_template_admin', [], true)
 9 APPPATH\Controllers\Ebook.php(44): view('v_template_admin', [...])
10 SYSTEMPATH\CodeIgniter.php(933): App\Controllers\Ebook->index()
11 SYSTEMPATH\CodeIgniter.php(509): CodeIgniter\CodeIgniter->runController(Object(App\Controllers\Ebook))
12 SYSTEMPATH\CodeIgniter.php(355): CodeIgniter\CodeIgniter->handleRequest(null, Object(Config\Cache), false)
13 SYSTEMPATH\Boot.php(325): CodeIgniter\CodeIgniter->run()
14 SYSTEMPATH\Boot.php(67): CodeIgniter\Boot::runCodeIgniter(Object(CodeIgniter\CodeIgniter))
15 FCPATH\index.php(56): CodeIgniter\Boot::bootWeb(Object(Config\Paths))
WARNING - 2026-05-13 04:50:58 --> [DEPRECATED] strtotime(): Passing null to parameter #1 ($datetime) of type string is deprecated in APPPATH\Views\Ebook\v_index.php on line 83.
 1 APPPATH\Views\Ebook\v_index.php(83): strtotime(null)
 2 SYSTEMPATH\View\View.php(234): include('C:\\xampp\\htdocs\\si_ekatalog_ci4\\app\\Views\\Ebook\\v_index.php')
 3 SYSTEMPATH\View\View.php(237): CodeIgniter\View\View->CodeIgniter\View\{closure}()
 4 SYSTEMPATH\Common.php(1171): CodeIgniter\View\View->render('ebook/v_index', [], true)
 5 APPPATH\Views\v_template_admin.php(288): view('ebook/v_index')
 6 SYSTEMPATH\View\View.php(234): include('C:\\xampp\\htdocs\\si_ekatalog_ci4\\app\\Views\\v_template_admin.php')
 7 SYSTEMPATH\View\View.php(237): CodeIgniter\View\View->CodeIgniter\View\{closure}()
 8 SYSTEMPATH\Common.php(1171): CodeIgniter\View\View->render('v_template_admin', [], true)
 9 APPPATH\Controllers\Ebook.php(44): view('v_template_admin', [...])
10 SYSTEMPATH\CodeIgniter.php(933): App\Controllers\Ebook->index()
11 SYSTEMPATH\CodeIgniter.php(509): CodeIgniter\CodeIgniter->runController(Object(App\Controllers\Ebook))
12 SYSTEMPATH\CodeIgniter.php(355): CodeIgniter\CodeIgniter->handleRequest(null, Object(Config\Cache), false)
13 SYSTEMPATH\Boot.php(325): CodeIgniter\CodeIgniter->run()
14 SYSTEMPATH\Boot.php(67): CodeIgniter\Boot::runCodeIgniter(Object(CodeIgniter\CodeIgniter))
15 FCPATH\index.php(56): CodeIgniter\Boot::bootWeb(Object(Config\Paths))
INFO - 2026-05-13 04:51:10 --> Session: Class initialized using 'CodeIgniter\Session\Handlers\FileHandler' driver.
WARNING - 2026-05-13 04:51:10 --> [DEPRECATED] strtotime(): Passing null to parameter #1 ($datetime) of type string is deprecated in APPPATH\Views\Ebook\v_index.php on line 83.
 1 APPPATH\Views\Ebook\v_index.php(83): strtotime(null)
 2 SYSTEMPATH\View\View.php(234): include('C:\\xampp\\htdocs\\si_ekatalog_ci4\\app\\Views\\Ebook\\v_index.php')
 3 SYSTEMPATH\View\View.php(237): CodeIgniter\View\View->CodeIgniter\View\{closure}()
 4 SYSTEMPATH\Common.php(1171): CodeIgniter\View\View->render('ebook/v_index', [], true)
 5 APPPATH\Views\v_template_admin.php(288): view('ebook/v_index')
 6 SYSTEMPATH\View\View.php(234): include('C:\\xampp\\htdocs\\si_ekatalog_ci4\\app\\Views\\v_template_admin.php')
 7 SYSTEMPATH\View\View.php(237): CodeIgniter\View\View->CodeIgniter\View\{closure}()
 8 SYSTEMPATH\Common.php(1171): CodeIgniter\View\View->render('v_template_admin', [], true)
 9 APPPATH\Controllers\Ebook.php(44): view('v_template_admin', [...])
10 SYSTEMPATH\CodeIgniter.php(933): App\Controllers\Ebook->index()
11 SYSTEMPATH\CodeIgniter.php(509): CodeIgniter\CodeIgniter->runController(Object(App\Controllers\Ebook))
12 SYSTEMPATH\CodeIgniter.php(355): CodeIgniter\CodeIgniter->handleRequest(null, Object(Config\Cache), false)
13 SYSTEMPATH\Boot.php(325): CodeIgniter\CodeIgniter->run()
14 SYSTEMPATH\Boot.php(67): CodeIgniter\Boot::runCodeIgniter(Object(CodeIgniter\CodeIgniter))
15 FCPATH\index.php(56): CodeIgniter\Boot::bootWeb(Object(Config\Paths))
WARNING - 2026-05-13 04:51:10 --> [DEPRECATED] strtotime(): Passing null to parameter #1 ($datetime) of type string is deprecated in APPPATH\Views\Ebook\v_index.php on line 83.
 1 APPPATH\Views\Ebook\v_index.php(83): strtotime(null)
 2 SYSTEMPATH\View\View.php(234): include('C:\\xampp\\htdocs\\si_ekatalog_ci4\\app\\Views\\Ebook\\v_index.php')
 3 SYSTEMPATH\View\View.php(237): CodeIgniter\View\View->CodeIgniter\View\{closure}()
 4 SYSTEMPATH\Common.php(1171): CodeIgniter\View\View->render('ebook/v_index', [], true)
 5 APPPATH\Views\v_template_admin.php(288): view('ebook/v_index')
 6 SYSTEMPATH\View\View.php(234): include('C:\\xampp\\htdocs\\si_ekatalog_ci4\\app\\Views\\v_template_admin.php')
 7 SYSTEMPATH\View\View.php(237): CodeIgniter\View\View->CodeIgniter\View\{closure}()
 8 SYSTEMPATH\Common.php(1171): CodeIgniter\View\View->render('v_template_admin', [], true)
 9 APPPATH\Controllers\Ebook.php(44): view('v_template_admin', [...])
10 SYSTEMPATH\CodeIgniter.php(933): App\Controllers\Ebook->index()
11 SYSTEMPATH\CodeIgniter.php(509): CodeIgniter\CodeIgniter->runController(Object(App\Controllers\Ebook))
12 SYSTEMPATH\CodeIgniter.php(355): CodeIgniter\CodeIgniter->handleRequest(null, Object(Config\Cache), false)
13 SYSTEMPATH\Boot.php(325): CodeIgniter\CodeIgniter->run()
14 SYSTEMPATH\Boot.php(67): CodeIgniter\Boot::runCodeIgniter(Object(CodeIgniter\CodeIgniter))
15 FCPATH\index.php(56): CodeIgniter\Boot::bootWeb(Object(Config\Paths))
WARNING - 2026-05-13 04:51:10 --> [DEPRECATED] strtotime(): Passing null to parameter #1 ($datetime) of type string is deprecated in APPPATH\Views\Ebook\v_index.php on line 83.
 1 APPPATH\Views\Ebook\v_index.php(83): strtotime(null)
 2 SYSTEMPATH\View\View.php(234): include('C:\\xampp\\htdocs\\si_ekatalog_ci4\\app\\Views\\Ebook\\v_index.php')
 3 SYSTEMPATH\View\View.php(237): CodeIgniter\View\View->CodeIgniter\View\{closure}()
 4 SYSTEMPATH\Common.php(1171): CodeIgniter\View\View->render('ebook/v_index', [], true)
 5 APPPATH\Views\v_template_admin.php(288): view('ebook/v_index')
 6 SYSTEMPATH\View\View.php(234): include('C:\\xampp\\htdocs\\si_ekatalog_ci4\\app\\Views\\v_template_admin.php')
 7 SYSTEMPATH\View\View.php(237): CodeIgniter\View\View->CodeIgniter\View\{closure}()
 8 SYSTEMPATH\Common.php(1171): CodeIgniter\View\View->render('v_template_admin', [], true)
 9 APPPATH\Controllers\Ebook.php(44): view('v_template_admin', [...])
10 SYSTEMPATH\CodeIgniter.php(933): App\Controllers\Ebook->index()
11 SYSTEMPATH\CodeIgniter.php(509): CodeIgniter\CodeIgniter->runController(Object(App\Controllers\Ebook))
12 SYSTEMPATH\CodeIgniter.php(355): CodeIgniter\CodeIgniter->handleRequest(null, Object(Config\Cache), false)
13 SYSTEMPATH\Boot.php(325): CodeIgniter\CodeIgniter->run()
14 SYSTEMPATH\Boot.php(67): CodeIgniter\Boot::runCodeIgniter(Object(CodeIgniter\CodeIgniter))
15 FCPATH\index.php(56): CodeIgniter\Boot::bootWeb(Object(Config\Paths))
WARNING - 2026-05-13 04:51:10 --> [DEPRECATED] strtotime(): Passing null to parameter #1 ($datetime) of type string is deprecated in APPPATH\Views\Ebook\v_index.php on line 83.
 1 APPPATH\Views\Ebook\v_index.php(83): strtotime(null)
 2 SYSTEMPATH\View\View.php(234): include('C:\\xampp\\htdocs\\si_ekatalog_ci4\\app\\Views\\Ebook\\v_index.php')
 3 SYSTEMPATH\View\View.php(237): CodeIgniter\View\View->CodeIgniter\View\{closure}()
 4 SYSTEMPATH\Common.php(1171): CodeIgniter\View\View->render('ebook/v_index', [], true)
 5 APPPATH\Views\v_template_admin.php(288): view('ebook/v_index')
 6 SYSTEMPATH\View\View.php(234): include('C:\\xampp\\htdocs\\si_ekatalog_ci4\\app\\Views\\v_template_admin.php')
 7 SYSTEMPATH\View\View.php(237): CodeIgniter\View\View->CodeIgniter\View\{closure}()
 8 SYSTEMPATH\Common.php(1171): CodeIgniter\View\View->render('v_template_admin', [], true)
 9 APPPATH\Controllers\Ebook.php(44): view('v_template_admin', [...])
10 SYSTEMPATH\CodeIgniter.php(933): App\Controllers\Ebook->index()
11 SYSTEMPATH\CodeIgniter.php(509): CodeIgniter\CodeIgniter->runController(Object(App\Controllers\Ebook))
12 SYSTEMPATH\CodeIgniter.php(355): CodeIgniter\CodeIgniter->handleRequest(null, Object(Config\Cache), false)
13 SYSTEMPATH\Boot.php(325): CodeIgniter\CodeIgniter->run()
14 SYSTEMPATH\Boot.php(67): CodeIgniter\Boot::runCodeIgniter(Object(CodeIgniter\CodeIgniter))
15 FCPATH\index.php(56): CodeIgniter\Boot::bootWeb(Object(Config\Paths))
WARNING - 2026-05-13 04:51:10 --> [DEPRECATED] strtotime(): Passing null to parameter #1 ($datetime) of type string is deprecated in APPPATH\Views\Ebook\v_index.php on line 83.
 1 APPPATH\Views\Ebook\v_index.php(83): strtotime(null)
 2 SYSTEMPATH\View\View.php(234): include('C:\\xampp\\htdocs\\si_ekatalog_ci4\\app\\Views\\Ebook\\v_index.php')
 3 SYSTEMPATH\View\View.php(237): CodeIgniter\View\View->CodeIgniter\View\{closure}()
 4 SYSTEMPATH\Common.php(1171): CodeIgniter\View\View->render('ebook/v_index', [], true)
 5 APPPATH\Views\v_template_admin.php(288): view('ebook/v_index')
 6 SYSTEMPATH\View\View.php(234): include('C:\\xampp\\htdocs\\si_ekatalog_ci4\\app\\Views\\v_template_admin.php')
 7 SYSTEMPATH\View\View.php(237): CodeIgniter\View\View->CodeIgniter\View\{closure}()
 8 SYSTEMPATH\Common.php(1171): CodeIgniter\View\View->render('v_template_admin', [], true)
 9 APPPATH\Controllers\Ebook.php(44): view('v_template_admin', [...])
10 SYSTEMPATH\CodeIgniter.php(933): App\Controllers\Ebook->index()
11 SYSTEMPATH\CodeIgniter.php(509): CodeIgniter\CodeIgniter->runController(Object(App\Controllers\Ebook))
12 SYSTEMPATH\CodeIgniter.php(355): CodeIgniter\CodeIgniter->handleRequest(null, Object(Config\Cache), false)
13 SYSTEMPATH\Boot.php(325): CodeIgniter\CodeIgniter->run()
14 SYSTEMPATH\Boot.php(67): CodeIgniter\Boot::runCodeIgniter(Object(CodeIgniter\CodeIgniter))
15 FCPATH\index.php(56): CodeIgniter\Boot::bootWeb(Object(Config\Paths))
WARNING - 2026-05-13 04:51:10 --> [DEPRECATED] strtotime(): Passing null to parameter #1 ($datetime) of type string is deprecated in APPPATH\Views\Ebook\v_index.php on line 83.
 1 APPPATH\Views\Ebook\v_index.php(83): strtotime(null)
 2 SYSTEMPATH\View\View.php(234): include('C:\\xampp\\htdocs\\si_ekatalog_ci4\\app\\Views\\Ebook\\v_index.php')
 3 SYSTEMPATH\View\View.php(237): CodeIgniter\View\View->CodeIgniter\View\{closure}()
 4 SYSTEMPATH\Common.php(1171): CodeIgniter\View\View->render('ebook/v_index', [], true)
 5 APPPATH\Views\v_template_admin.php(288): view('ebook/v_index')
 6 SYSTEMPATH\View\View.php(234): include('C:\\xampp\\htdocs\\si_ekatalog_ci4\\app\\Views\\v_template_admin.php')
 7 SYSTEMPATH\View\View.php(237): CodeIgniter\View\View->CodeIgniter\View\{closure}()
 8 SYSTEMPATH\Common.php(1171): CodeIgniter\View\View->render('v_template_admin', [], true)
 9 APPPATH\Controllers\Ebook.php(44): view('v_template_admin', [...])
10 SYSTEMPATH\CodeIgniter.php(933): App\Controllers\Ebook->index()
11 SYSTEMPATH\CodeIgniter.php(509): CodeIgniter\CodeIgniter->runController(Object(App\Controllers\Ebook))
12 SYSTEMPATH\CodeIgniter.php(355): CodeIgniter\CodeIgniter->handleRequest(null, Object(Config\Cache), false)
13 SYSTEMPATH\Boot.php(325): CodeIgniter\CodeIgniter->run()
14 SYSTEMPATH\Boot.php(67): CodeIgniter\Boot::runCodeIgniter(Object(CodeIgniter\CodeIgniter))
15 FCPATH\index.php(56): CodeIgniter\Boot::bootWeb(Object(Config\Paths))
WARNING - 2026-05-13 04:51:10 --> [DEPRECATED] strtotime(): Passing null to parameter #1 ($datetime) of type string is deprecated in APPPATH\Views\Ebook\v_index.php on line 83.
 1 APPPATH\Views\Ebook\v_index.php(83): strtotime(null)
 2 SYSTEMPATH\View\View.php(234): include('C:\\xampp\\htdocs\\si_ekatalog_ci4\\app\\Views\\Ebook\\v_index.php')
 3 SYSTEMPATH\View\View.php(237): CodeIgniter\View\View->CodeIgniter\View\{closure}()
 4 SYSTEMPATH\Common.php(1171): CodeIgniter\View\View->render('ebook/v_index', [], true)
 5 APPPATH\Views\v_template_admin.php(288): view('ebook/v_index')
 6 SYSTEMPATH\View\View.php(234): include('C:\\xampp\\htdocs\\si_ekatalog_ci4\\app\\Views\\v_template_admin.php')
 7 SYSTEMPATH\View\View.php(237): CodeIgniter\View\View->CodeIgniter\View\{closure}()
 8 SYSTEMPATH\Common.php(1171): CodeIgniter\View\View->render('v_template_admin', [], true)
 9 APPPATH\Controllers\Ebook.php(44): view('v_template_admin', [...])
10 SYSTEMPATH\CodeIgniter.php(933): App\Controllers\Ebook->index()
11 SYSTEMPATH\CodeIgniter.php(509): CodeIgniter\CodeIgniter->runController(Object(App\Controllers\Ebook))
12 SYSTEMPATH\CodeIgniter.php(355): CodeIgniter\CodeIgniter->handleRequest(null, Object(Config\Cache), false)
13 SYSTEMPATH\Boot.php(325): CodeIgniter\CodeIgniter->run()
14 SYSTEMPATH\Boot.php(67): CodeIgniter\Boot::runCodeIgniter(Object(CodeIgniter\CodeIgniter))
15 FCPATH\index.php(56): CodeIgniter\Boot::bootWeb(Object(Config\Paths))
WARNING - 2026-05-13 04:51:10 --> [DEPRECATED] strtotime(): Passing null to parameter #1 ($datetime) of type string is deprecated in APPPATH\Views\Ebook\v_index.php on line 83.
 1 APPPATH\Views\Ebook\v_index.php(83): strtotime(null)
 2 SYSTEMPATH\View\View.php(234): include('C:\\xampp\\htdocs\\si_ekatalog_ci4\\app\\Views\\Ebook\\v_index.php')
 3 SYSTEMPATH\View\View.php(237): CodeIgniter\View\View->CodeIgniter\View\{closure}()
 4 SYSTEMPATH\Common.php(1171): CodeIgniter\View\View->render('ebook/v_index', [], true)
 5 APPPATH\Views\v_template_admin.php(288): view('ebook/v_index')
 6 SYSTEMPATH\View\View.php(234): include('C:\\xampp\\htdocs\\si_ekatalog_ci4\\app\\Views\\v_template_admin.php')
 7 SYSTEMPATH\View\View.php(237): CodeIgniter\View\View->CodeIgniter\View\{closure}()
 8 SYSTEMPATH\Common.php(1171): CodeIgniter\View\View->render('v_template_admin', [], true)
 9 APPPATH\Controllers\Ebook.php(44): view('v_template_admin', [...])
10 SYSTEMPATH\CodeIgniter.php(933): App\Controllers\Ebook->index()
11 SYSTEMPATH\CodeIgniter.php(509): CodeIgniter\CodeIgniter->runController(Object(App\Controllers\Ebook))
12 SYSTEMPATH\CodeIgniter.php(355): CodeIgniter\CodeIgniter->handleRequest(null, Object(Config\Cache), false)
13 SYSTEMPATH\Boot.php(325): CodeIgniter\CodeIgniter->run()
14 SYSTEMPATH\Boot.php(67): CodeIgniter\Boot::runCodeIgniter(Object(CodeIgniter\CodeIgniter))
15 FCPATH\index.php(56): CodeIgniter\Boot::bootWeb(Object(Config\Paths))
WARNING - 2026-05-13 04:51:10 --> [DEPRECATED] strtotime(): Passing null to parameter #1 ($datetime) of type string is deprecated in APPPATH\Views\Ebook\v_index.php on line 83.
 1 APPPATH\Views\Ebook\v_index.php(83): strtotime(null)
 2 SYSTEMPATH\View\View.php(234): include('C:\\xampp\\htdocs\\si_ekatalog_ci4\\app\\Views\\Ebook\\v_index.php')
 3 SYSTEMPATH\View\View.php(237): CodeIgniter\View\View->CodeIgniter\View\{closure}()
 4 SYSTEMPATH\Common.php(1171): CodeIgniter\View\View->render('ebook/v_index', [], true)
 5 APPPATH\Views\v_template_admin.php(288): view('ebook/v_index')
 6 SYSTEMPATH\View\View.php(234): include('C:\\xampp\\htdocs\\si_ekatalog_ci4\\app\\Views\\v_template_admin.php')
 7 SYSTEMPATH\View\View.php(237): CodeIgniter\View\View->CodeIgniter\View\{closure}()
 8 SYSTEMPATH\Common.php(1171): CodeIgniter\View\View->render('v_template_admin', [], true)
 9 APPPATH\Controllers\Ebook.php(44): view('v_template_admin', [...])
10 SYSTEMPATH\CodeIgniter.php(933): App\Controllers\Ebook->index()
11 SYSTEMPATH\CodeIgniter.php(509): CodeIgniter\CodeIgniter->runController(Object(App\Controllers\Ebook))
12 SYSTEMPATH\CodeIgniter.php(355): CodeIgniter\CodeIgniter->handleRequest(null, Object(Config\Cache), false)
13 SYSTEMPATH\Boot.php(325): CodeIgniter\CodeIgniter->run()
14 SYSTEMPATH\Boot.php(67): CodeIgniter\Boot::runCodeIgniter(Object(CodeIgniter\CodeIgniter))
15 FCPATH\index.php(56): CodeIgniter\Boot::bootWeb(Object(Config\Paths))
WARNING - 2026-05-13 04:51:10 --> [DEPRECATED] strtotime(): Passing null to parameter #1 ($datetime) of type string is deprecated in APPPATH\Views\Ebook\v_index.php on line 83.
 1 APPPATH\Views\Ebook\v_index.php(83): strtotime(null)
 2 SYSTEMPATH\View\View.php(234): include('C:\\xampp\\htdocs\\si_ekatalog_ci4\\app\\Views\\Ebook\\v_index.php')
 3 SYSTEMPATH\View\View.php(237): CodeIgniter\View\View->CodeIgniter\View\{closure}()
 4 SYSTEMPATH\Common.php(1171): CodeIgniter\View\View->render('ebook/v_index', [], true)
 5 APPPATH\Views\v_template_admin.php(288): view('ebook/v_index')
 6 SYSTEMPATH\View\View.php(234): include('C:\\xampp\\htdocs\\si_ekatalog_ci4\\app\\Views\\v_template_admin.php')
 7 SYSTEMPATH\View\View.php(237): CodeIgniter\View\View->CodeIgniter\View\{closure}()
 8 SYSTEMPATH\Common.php(1171): CodeIgniter\View\View->render('v_template_admin', [], true)
 9 APPPATH\Controllers\Ebook.php(44): view('v_template_admin', [...])
10 SYSTEMPATH\CodeIgniter.php(933): App\Controllers\Ebook->index()
11 SYSTEMPATH\CodeIgniter.php(509): CodeIgniter\CodeIgniter->runController(Object(App\Controllers\Ebook))
12 SYSTEMPATH\CodeIgniter.php(355): CodeIgniter\CodeIgniter->handleRequest(null, Object(Config\Cache), false)
13 SYSTEMPATH\Boot.php(325): CodeIgniter\CodeIgniter->run()
14 SYSTEMPATH\Boot.php(67): CodeIgniter\Boot::runCodeIgniter(Object(CodeIgniter\CodeIgniter))
15 FCPATH\index.php(56): CodeIgniter\Boot::bootWeb(Object(Config\Paths))
WARNING - 2026-05-13 04:51:10 --> [DEPRECATED] strtotime(): Passing null to parameter #1 ($datetime) of type string is deprecated in APPPATH\Views\Ebook\v_index.php on line 83.
 1 APPPATH\Views\Ebook\v_index.php(83): strtotime(null)
 2 SYSTEMPATH\View\View.php(234): include('C:\\xampp\\htdocs\\si_ekatalog_ci4\\app\\Views\\Ebook\\v_index.php')
 3 SYSTEMPATH\View\View.php(237): CodeIgniter\View\View->CodeIgniter\View\{closure}()
 4 SYSTEMPATH\Common.php(1171): CodeIgniter\View\View->render('ebook/v_index', [], true)
 5 APPPATH\Views\v_template_admin.php(288): view('ebook/v_index')
 6 SYSTEMPATH\View\View.php(234): include('C:\\xampp\\htdocs\\si_ekatalog_ci4\\app\\Views\\v_template_admin.php')
 7 SYSTEMPATH\View\View.php(237): CodeIgniter\View\View->CodeIgniter\View\{closure}()
 8 SYSTEMPATH\Common.php(1171): CodeIgniter\View\View->render('v_template_admin', [], true)
 9 APPPATH\Controllers\Ebook.php(44): view('v_template_admin', [...])
10 SYSTEMPATH\CodeIgniter.php(933): App\Controllers\Ebook->index()
11 SYSTEMPATH\CodeIgniter.php(509): CodeIgniter\CodeIgniter->runController(Object(App\Controllers\Ebook))
12 SYSTEMPATH\CodeIgniter.php(355): CodeIgniter\CodeIgniter->handleRequest(null, Object(Config\Cache), false)
13 SYSTEMPATH\Boot.php(325): CodeIgniter\CodeIgniter->run()
14 SYSTEMPATH\Boot.php(67): CodeIgniter\Boot::runCodeIgniter(Object(CodeIgniter\CodeIgniter))
15 FCPATH\index.php(56): CodeIgniter\Boot::bootWeb(Object(Config\Paths))
WARNING - 2026-05-13 04:51:10 --> [DEPRECATED] strtotime(): Passing null to parameter #1 ($datetime) of type string is deprecated in APPPATH\Views\Ebook\v_index.php on line 83.
 1 APPPATH\Views\Ebook\v_index.php(83): strtotime(null)
 2 SYSTEMPATH\View\View.php(234): include('C:\\xampp\\htdocs\\si_ekatalog_ci4\\app\\Views\\Ebook\\v_index.php')
 3 SYSTEMPATH\View\View.php(237): CodeIgniter\View\View->CodeIgniter\View\{closure}()
 4 SYSTEMPATH\Common.php(1171): CodeIgniter\View\View->render('ebook/v_index', [], true)
 5 APPPATH\Views\v_template_admin.php(288): view('ebook/v_index')
 6 SYSTEMPATH\View\View.php(234): include('C:\\xampp\\htdocs\\si_ekatalog_ci4\\app\\Views\\v_template_admin.php')
 7 SYSTEMPATH\View\View.php(237): CodeIgniter\View\View->CodeIgniter\View\{closure}()
 8 SYSTEMPATH\Common.php(1171): CodeIgniter\View\View->render('v_template_admin', [], true)
 9 APPPATH\Controllers\Ebook.php(44): view('v_template_admin', [...])
10 SYSTEMPATH\CodeIgniter.php(933): App\Controllers\Ebook->index()
11 SYSTEMPATH\CodeIgniter.php(509): CodeIgniter\CodeIgniter->runController(Object(App\Controllers\Ebook))
12 SYSTEMPATH\CodeIgniter.php(355): CodeIgniter\CodeIgniter->handleRequest(null, Object(Config\Cache), false)
13 SYSTEMPATH\Boot.php(325): CodeIgniter\CodeIgniter->run()
14 SYSTEMPATH\Boot.php(67): CodeIgniter\Boot::runCodeIgniter(Object(CodeIgniter\CodeIgniter))
15 FCPATH\index.php(56): CodeIgniter\Boot::bootWeb(Object(Config\Paths))
WARNING - 2026-05-13 04:51:10 --> [DEPRECATED] strtotime(): Passing null to parameter #1 ($datetime) of type string is deprecated in APPPATH\Views\Ebook\v_index.php on line 83.
 1 APPPATH\Views\Ebook\v_index.php(83): strtotime(null)
 2 SYSTEMPATH\View\View.php(234): include('C:\\xampp\\htdocs\\si_ekatalog_ci4\\app\\Views\\Ebook\\v_index.php')
 3 SYSTEMPATH\View\View.php(237): CodeIgniter\View\View->CodeIgniter\View\{closure}()
 4 SYSTEMPATH\Common.php(1171): CodeIgniter\View\View->render('ebook/v_index', [], true)
 5 APPPATH\Views\v_template_admin.php(288): view('ebook/v_index')
 6 SYSTEMPATH\View\View.php(234): include('C:\\xampp\\htdocs\\si_ekatalog_ci4\\app\\Views\\v_template_admin.php')
 7 SYSTEMPATH\View\View.php(237): CodeIgniter\View\View->CodeIgniter\View\{closure}()
 8 SYSTEMPATH\Common.php(1171): CodeIgniter\View\View->render('v_template_admin', [], true)
 9 APPPATH\Controllers\Ebook.php(44): view('v_template_admin', [...])
10 SYSTEMPATH\CodeIgniter.php(933): App\Controllers\Ebook->index()
11 SYSTEMPATH\CodeIgniter.php(509): CodeIgniter\CodeIgniter->runController(Object(App\Controllers\Ebook))
12 SYSTEMPATH\CodeIgniter.php(355): CodeIgniter\CodeIgniter->handleRequest(null, Object(Config\Cache), false)
13 SYSTEMPATH\Boot.php(325): CodeIgniter\CodeIgniter->run()
14 SYSTEMPATH\Boot.php(67): CodeIgniter\Boot::runCodeIgniter(Object(CodeIgniter\CodeIgniter))
15 FCPATH\index.php(56): CodeIgniter\Boot::bootWeb(Object(Config\Paths))
WARNING - 2026-05-13 04:51:10 --> [DEPRECATED] strtotime(): Passing null to parameter #1 ($datetime) of type string is deprecated in APPPATH\Views\Ebook\v_index.php on line 83.
 1 APPPATH\Views\Ebook\v_index.php(83): strtotime(null)
 2 SYSTEMPATH\View\View.php(234): include('C:\\xampp\\htdocs\\si_ekatalog_ci4\\app\\Views\\Ebook\\v_index.php')
 3 SYSTEMPATH\View\View.php(237): CodeIgniter\View\View->CodeIgniter\View\{closure}()
 4 SYSTEMPATH\Common.php(1171): CodeIgniter\View\View->render('ebook/v_index', [], true)
 5 APPPATH\Views\v_template_admin.php(288): view('ebook/v_index')
 6 SYSTEMPATH\View\View.php(234): include('C:\\xampp\\htdocs\\si_ekatalog_ci4\\app\\Views\\v_template_admin.php')
 7 SYSTEMPATH\View\View.php(237): CodeIgniter\View\View->CodeIgniter\View\{closure}()
 8 SYSTEMPATH\Common.php(1171): CodeIgniter\View\View->render('v_template_admin', [], true)
 9 APPPATH\Controllers\Ebook.php(44): view('v_template_admin', [...])
10 SYSTEMPATH\CodeIgniter.php(933): App\Controllers\Ebook->index()
11 SYSTEMPATH\CodeIgniter.php(509): CodeIgniter\CodeIgniter->runController(Object(App\Controllers\Ebook))
12 SYSTEMPATH\CodeIgniter.php(355): CodeIgniter\CodeIgniter->handleRequest(null, Object(Config\Cache), false)
13 SYSTEMPATH\Boot.php(325): CodeIgniter\CodeIgniter->run()
14 SYSTEMPATH\Boot.php(67): CodeIgniter\Boot::runCodeIgniter(Object(CodeIgniter\CodeIgniter))
15 FCPATH\index.php(56): CodeIgniter\Boot::bootWeb(Object(Config\Paths))
WARNING - 2026-05-13 04:51:10 --> [DEPRECATED] strtotime(): Passing null to parameter #1 ($datetime) of type string is deprecated in APPPATH\Views\Ebook\v_index.php on line 83.
 1 APPPATH\Views\Ebook\v_index.php(83): strtotime(null)
 2 SYSTEMPATH\View\View.php(234): include('C:\\xampp\\htdocs\\si_ekatalog_ci4\\app\\Views\\Ebook\\v_index.php')
 3 SYSTEMPATH\View\View.php(237): CodeIgniter\View\View->CodeIgniter\View\{closure}()
 4 SYSTEMPATH\Common.php(1171): CodeIgniter\View\View->render('ebook/v_index', [], true)
 5 APPPATH\Views\v_template_admin.php(288): view('ebook/v_index')
 6 SYSTEMPATH\View\View.php(234): include('C:\\xampp\\htdocs\\si_ekatalog_ci4\\app\\Views\\v_template_admin.php')
 7 SYSTEMPATH\View\View.php(237): CodeIgniter\View\View->CodeIgniter\View\{closure}()
 8 SYSTEMPATH\Common.php(1171): CodeIgniter\View\View->render('v_template_admin', [], true)
 9 APPPATH\Controllers\Ebook.php(44): view('v_template_admin', [...])
10 SYSTEMPATH\CodeIgniter.php(933): App\Controllers\Ebook->index()
11 SYSTEMPATH\CodeIgniter.php(509): CodeIgniter\CodeIgniter->runController(Object(App\Controllers\Ebook))
12 SYSTEMPATH\CodeIgniter.php(355): CodeIgniter\CodeIgniter->handleRequest(null, Object(Config\Cache), false)
13 SYSTEMPATH\Boot.php(325): CodeIgniter\CodeIgniter->run()
14 SYSTEMPATH\Boot.php(67): CodeIgniter\Boot::runCodeIgniter(Object(CodeIgniter\CodeIgniter))
15 FCPATH\index.php(56): CodeIgniter\Boot::bootWeb(Object(Config\Paths))
WARNING - 2026-05-13 04:51:10 --> [DEPRECATED] strtotime(): Passing null to parameter #1 ($datetime) of type string is deprecated in APPPATH\Views\Ebook\v_index.php on line 83.
 1 APPPATH\Views\Ebook\v_index.php(83): strtotime(null)
 2 SYSTEMPATH\View\View.php(234): include('C:\\xampp\\htdocs\\si_ekatalog_ci4\\app\\Views\\Ebook\\v_index.php')
 3 SYSTEMPATH\View\View.php(237): CodeIgniter\View\View->CodeIgniter\View\{closure}()
 4 SYSTEMPATH\Common.php(1171): CodeIgniter\View\View->render('ebook/v_index', [], true)
 5 APPPATH\Views\v_template_admin.php(288): view('ebook/v_index')
 6 SYSTEMPATH\View\View.php(234): include('C:\\xampp\\htdocs\\si_ekatalog_ci4\\app\\Views\\v_template_admin.php')
 7 SYSTEMPATH\View\View.php(237): CodeIgniter\View\View->CodeIgniter\View\{closure}()
 8 SYSTEMPATH\Common.php(1171): CodeIgniter\View\View->render('v_template_admin', [], true)
 9 APPPATH\Controllers\Ebook.php(44): view('v_template_admin', [...])
10 SYSTEMPATH\CodeIgniter.php(933): App\Controllers\Ebook->index()
11 SYSTEMPATH\CodeIgniter.php(509): CodeIgniter\CodeIgniter->runController(Object(App\Controllers\Ebook))
12 SYSTEMPATH\CodeIgniter.php(355): CodeIgniter\CodeIgniter->handleRequest(null, Object(Config\Cache), false)
13 SYSTEMPATH\Boot.php(325): CodeIgniter\CodeIgniter->run()
14 SYSTEMPATH\Boot.php(67): CodeIgniter\Boot::runCodeIgniter(Object(CodeIgniter\CodeIgniter))
15 FCPATH\index.php(56): CodeIgniter\Boot::bootWeb(Object(Config\Paths))
WARNING - 2026-05-13 04:51:10 --> [DEPRECATED] strtotime(): Passing null to parameter #1 ($datetime) of type string is deprecated in APPPATH\Views\Ebook\v_index.php on line 83.
 1 APPPATH\Views\Ebook\v_index.php(83): strtotime(null)
 2 SYSTEMPATH\View\View.php(234): include('C:\\xampp\\htdocs\\si_ekatalog_ci4\\app\\Views\\Ebook\\v_index.php')
 3 SYSTEMPATH\View\View.php(237): CodeIgniter\View\View->CodeIgniter\View\{closure}()
 4 SYSTEMPATH\Common.php(1171): CodeIgniter\View\View->render('ebook/v_index', [], true)
 5 APPPATH\Views\v_template_admin.php(288): view('ebook/v_index')
 6 SYSTEMPATH\View\View.php(234): include('C:\\xampp\\htdocs\\si_ekatalog_ci4\\app\\Views\\v_template_admin.php')
 7 SYSTEMPATH\View\View.php(237): CodeIgniter\View\View->CodeIgniter\View\{closure}()
 8 SYSTEMPATH\Common.php(1171): CodeIgniter\View\View->render('v_template_admin', [], true)
 9 APPPATH\Controllers\Ebook.php(44): view('v_template_admin', [...])
10 SYSTEMPATH\CodeIgniter.php(933): App\Controllers\Ebook->index()
11 SYSTEMPATH\CodeIgniter.php(509): CodeIgniter\CodeIgniter->runController(Object(App\Controllers\Ebook))
12 SYSTEMPATH\CodeIgniter.php(355): CodeIgniter\CodeIgniter->handleRequest(null, Object(Config\Cache), false)
13 SYSTEMPATH\Boot.php(325): CodeIgniter\CodeIgniter->run()
14 SYSTEMPATH\Boot.php(67): CodeIgniter\Boot::runCodeIgniter(Object(CodeIgniter\CodeIgniter))
15 FCPATH\index.php(56): CodeIgniter\Boot::bootWeb(Object(Config\Paths))
WARNING - 2026-05-13 04:51:10 --> [DEPRECATED] strtotime(): Passing null to parameter #1 ($datetime) of type string is deprecated in APPPATH\Views\Ebook\v_index.php on line 83.
 1 APPPATH\Views\Ebook\v_index.php(83): strtotime(null)
 2 SYSTEMPATH\View\View.php(234): include('C:\\xampp\\htdocs\\si_ekatalog_ci4\\app\\Views\\Ebook\\v_index.php')
 3 SYSTEMPATH\View\View.php(237): CodeIgniter\View\View->CodeIgniter\View\{closure}()
 4 SYSTEMPATH\Common.php(1171): CodeIgniter\View\View->render('ebook/v_index', [], true)
 5 APPPATH\Views\v_template_admin.php(288): view('ebook/v_index')
 6 SYSTEMPATH\View\View.php(234): include('C:\\xampp\\htdocs\\si_ekatalog_ci4\\app\\Views\\v_template_admin.php')
 7 SYSTEMPATH\View\View.php(237): CodeIgniter\View\View->CodeIgniter\View\{closure}()
 8 SYSTEMPATH\Common.php(1171): CodeIgniter\View\View->render('v_template_admin', [], true)
 9 APPPATH\Controllers\Ebook.php(44): view('v_template_admin', [...])
10 SYSTEMPATH\CodeIgniter.php(933): App\Controllers\Ebook->index()
11 SYSTEMPATH\CodeIgniter.php(509): CodeIgniter\CodeIgniter->runController(Object(App\Controllers\Ebook))
12 SYSTEMPATH\CodeIgniter.php(355): CodeIgniter\CodeIgniter->handleRequest(null, Object(Config\Cache), false)
13 SYSTEMPATH\Boot.php(325): CodeIgniter\CodeIgniter->run()
14 SYSTEMPATH\Boot.php(67): CodeIgniter\Boot::runCodeIgniter(Object(CodeIgniter\CodeIgniter))
15 FCPATH\index.php(56): CodeIgniter\Boot::bootWeb(Object(Config\Paths))
WARNING - 2026-05-13 04:51:10 --> [DEPRECATED] strtotime(): Passing null to parameter #1 ($datetime) of type string is deprecated in APPPATH\Views\Ebook\v_index.php on line 83.
 1 APPPATH\Views\Ebook\v_index.php(83): strtotime(null)
 2 SYSTEMPATH\View\View.php(234): include('C:\\xampp\\htdocs\\si_ekatalog_ci4\\app\\Views\\Ebook\\v_index.php')
 3 SYSTEMPATH\View\View.php(237): CodeIgniter\View\View->CodeIgniter\View\{closure}()
 4 SYSTEMPATH\Common.php(1171): CodeIgniter\View\View->render('ebook/v_index', [], true)
 5 APPPATH\Views\v_template_admin.php(288): view('ebook/v_index')
 6 SYSTEMPATH\View\View.php(234): include('C:\\xampp\\htdocs\\si_ekatalog_ci4\\app\\Views\\v_template_admin.php')
 7 SYSTEMPATH\View\View.php(237): CodeIgniter\View\View->CodeIgniter\View\{closure}()
 8 SYSTEMPATH\Common.php(1171): CodeIgniter\View\View->render('v_template_admin', [], true)
 9 APPPATH\Controllers\Ebook.php(44): view('v_template_admin', [...])
10 SYSTEMPATH\CodeIgniter.php(933): App\Controllers\Ebook->index()
11 SYSTEMPATH\CodeIgniter.php(509): CodeIgniter\CodeIgniter->runController(Object(App\Controllers\Ebook))
12 SYSTEMPATH\CodeIgniter.php(355): CodeIgniter\CodeIgniter->handleRequest(null, Object(Config\Cache), false)
13 SYSTEMPATH\Boot.php(325): CodeIgniter\CodeIgniter->run()
14 SYSTEMPATH\Boot.php(67): CodeIgniter\Boot::runCodeIgniter(Object(CodeIgniter\CodeIgniter))
15 FCPATH\index.php(56): CodeIgniter\Boot::bootWeb(Object(Config\Paths))
WARNING - 2026-05-13 04:51:10 --> [DEPRECATED] strtotime(): Passing null to parameter #1 ($datetime) of type string is deprecated in APPPATH\Views\Ebook\v_index.php on line 83.
 1 APPPATH\Views\Ebook\v_index.php(83): strtotime(null)
 2 SYSTEMPATH\View\View.php(234): include('C:\\xampp\\htdocs\\si_ekatalog_ci4\\app\\Views\\Ebook\\v_index.php')
 3 SYSTEMPATH\View\View.php(237): CodeIgniter\View\View->CodeIgniter\View\{closure}()
 4 SYSTEMPATH\Common.php(1171): CodeIgniter\View\View->render('ebook/v_index', [], true)
 5 APPPATH\Views\v_template_admin.php(288): view('ebook/v_index')
 6 SYSTEMPATH\View\View.php(234): include('C:\\xampp\\htdocs\\si_ekatalog_ci4\\app\\Views\\v_template_admin.php')
 7 SYSTEMPATH\View\View.php(237): CodeIgniter\View\View->CodeIgniter\View\{closure}()
 8 SYSTEMPATH\Common.php(1171): CodeIgniter\View\View->render('v_template_admin', [], true)
 9 APPPATH\Controllers\Ebook.php(44): view('v_template_admin', [...])
10 SYSTEMPATH\CodeIgniter.php(933): App\Controllers\Ebook->index()
11 SYSTEMPATH\CodeIgniter.php(509): CodeIgniter\CodeIgniter->runController(Object(App\Controllers\Ebook))
12 SYSTEMPATH\CodeIgniter.php(355): CodeIgniter\CodeIgniter->handleRequest(null, Object(Config\Cache), false)
13 SYSTEMPATH\Boot.php(325): CodeIgniter\CodeIgniter->run()
14 SYSTEMPATH\Boot.php(67): CodeIgniter\Boot::runCodeIgniter(Object(CodeIgniter\CodeIgniter))
15 FCPATH\index.php(56): CodeIgniter\Boot::bootWeb(Object(Config\Paths))
WARNING - 2026-05-13 04:51:10 --> [DEPRECATED] strtotime(): Passing null to parameter #1 ($datetime) of type string is deprecated in APPPATH\Views\Ebook\v_index.php on line 83.
 1 APPPATH\Views\Ebook\v_index.php(83): strtotime(null)
 2 SYSTEMPATH\View\View.php(234): include('C:\\xampp\\htdocs\\si_ekatalog_ci4\\app\\Views\\Ebook\\v_index.php')
 3 SYSTEMPATH\View\View.php(237): CodeIgniter\View\View->CodeIgniter\View\{closure}()
 4 SYSTEMPATH\Common.php(1171): CodeIgniter\View\View->render('ebook/v_index', [], true)
 5 APPPATH\Views\v_template_admin.php(288): view('ebook/v_index')
 6 SYSTEMPATH\View\View.php(234): include('C:\\xampp\\htdocs\\si_ekatalog_ci4\\app\\Views\\v_template_admin.php')
 7 SYSTEMPATH\View\View.php(237): CodeIgniter\View\View->CodeIgniter\View\{closure}()
 8 SYSTEMPATH\Common.php(1171): CodeIgniter\View\View->render('v_template_admin', [], true)
 9 APPPATH\Controllers\Ebook.php(44): view('v_template_admin', [...])
10 SYSTEMPATH\CodeIgniter.php(933): App\Controllers\Ebook->index()
11 SYSTEMPATH\CodeIgniter.php(509): CodeIgniter\CodeIgniter->runController(Object(App\Controllers\Ebook))
12 SYSTEMPATH\CodeIgniter.php(355): CodeIgniter\CodeIgniter->handleRequest(null, Object(Config\Cache), false)
13 SYSTEMPATH\Boot.php(325): CodeIgniter\CodeIgniter->run()
14 SYSTEMPATH\Boot.php(67): CodeIgniter\Boot::runCodeIgniter(Object(CodeIgniter\CodeIgniter))
15 FCPATH\index.php(56): CodeIgniter\Boot::bootWeb(Object(Config\Paths))
WARNING - 2026-05-13 04:51:10 --> [DEPRECATED] strtotime(): Passing null to parameter #1 ($datetime) of type string is deprecated in APPPATH\Views\Ebook\v_index.php on line 83.
 1 APPPATH\Views\Ebook\v_index.php(83): strtotime(null)
 2 SYSTEMPATH\View\View.php(234): include('C:\\xampp\\htdocs\\si_ekatalog_ci4\\app\\Views\\Ebook\\v_index.php')
 3 SYSTEMPATH\View\View.php(237): CodeIgniter\View\View->CodeIgniter\View\{closure}()
 4 SYSTEMPATH\Common.php(1171): CodeIgniter\View\View->render('ebook/v_index', [], true)
 5 APPPATH\Views\v_template_admin.php(288): view('ebook/v_index')
 6 SYSTEMPATH\View\View.php(234): include('C:\\xampp\\htdocs\\si_ekatalog_ci4\\app\\Views\\v_template_admin.php')
 7 SYSTEMPATH\View\View.php(237): CodeIgniter\View\View->CodeIgniter\View\{closure}()
 8 SYSTEMPATH\Common.php(1171): CodeIgniter\View\View->render('v_template_admin', [], true)
 9 APPPATH\Controllers\Ebook.php(44): view('v_template_admin', [...])
10 SYSTEMPATH\CodeIgniter.php(933): App\Controllers\Ebook->index()
11 SYSTEMPATH\CodeIgniter.php(509): CodeIgniter\CodeIgniter->runController(Object(App\Controllers\Ebook))
12 SYSTEMPATH\CodeIgniter.php(355): CodeIgniter\CodeIgniter->handleRequest(null, Object(Config\Cache), false)
13 SYSTEMPATH\Boot.php(325): CodeIgniter\CodeIgniter->run()
14 SYSTEMPATH\Boot.php(67): CodeIgniter\Boot::runCodeIgniter(Object(CodeIgniter\CodeIgniter))
15 FCPATH\index.php(56): CodeIgniter\Boot::bootWeb(Object(Config\Paths))
WARNING - 2026-05-13 04:51:10 --> [DEPRECATED] strtotime(): Passing null to parameter #1 ($datetime) of type string is deprecated in APPPATH\Views\Ebook\v_index.php on line 83.
 1 APPPATH\Views\Ebook\v_index.php(83): strtotime(null)
 2 SYSTEMPATH\View\View.php(234): include('C:\\xampp\\htdocs\\si_ekatalog_ci4\\app\\Views\\Ebook\\v_index.php')
 3 SYSTEMPATH\View\View.php(237): CodeIgniter\View\View->CodeIgniter\View\{closure}()
 4 SYSTEMPATH\Common.php(1171): CodeIgniter\View\View->render('ebook/v_index', [], true)
 5 APPPATH\Views\v_template_admin.php(288): view('ebook/v_index')
 6 SYSTEMPATH\View\View.php(234): include('C:\\xampp\\htdocs\\si_ekatalog_ci4\\app\\Views\\v_template_admin.php')
 7 SYSTEMPATH\View\View.php(237): CodeIgniter\View\View->CodeIgniter\View\{closure}()
 8 SYSTEMPATH\Common.php(1171): CodeIgniter\View\View->render('v_template_admin', [], true)
 9 APPPATH\Controllers\Ebook.php(44): view('v_template_admin', [...])
10 SYSTEMPATH\CodeIgniter.php(933): App\Controllers\Ebook->index()
11 SYSTEMPATH\CodeIgniter.php(509): CodeIgniter\CodeIgniter->runController(Object(App\Controllers\Ebook))
12 SYSTEMPATH\CodeIgniter.php(355): CodeIgniter\CodeIgniter->handleRequest(null, Object(Config\Cache), false)
13 SYSTEMPATH\Boot.php(325): CodeIgniter\CodeIgniter->run()
14 SYSTEMPATH\Boot.php(67): CodeIgniter\Boot::runCodeIgniter(Object(CodeIgniter\CodeIgniter))
15 FCPATH\index.php(56): CodeIgniter\Boot::bootWeb(Object(Config\Paths))
WARNING - 2026-05-13 04:51:10 --> [DEPRECATED] strtotime(): Passing null to parameter #1 ($datetime) of type string is deprecated in APPPATH\Views\Ebook\v_index.php on line 83.
 1 APPPATH\Views\Ebook\v_index.php(83): strtotime(null)
 2 SYSTEMPATH\View\View.php(234): include('C:\\xampp\\htdocs\\si_ekatalog_ci4\\app\\Views\\Ebook\\v_index.php')
 3 SYSTEMPATH\View\View.php(237): CodeIgniter\View\View->CodeIgniter\View\{closure}()
 4 SYSTEMPATH\Common.php(1171): CodeIgniter\View\View->render('ebook/v_index', [], true)
 5 APPPATH\Views\v_template_admin.php(288): view('ebook/v_index')
 6 SYSTEMPATH\View\View.php(234): include('C:\\xampp\\htdocs\\si_ekatalog_ci4\\app\\Views\\v_template_admin.php')
 7 SYSTEMPATH\View\View.php(237): CodeIgniter\View\View->CodeIgniter\View\{closure}()
 8 SYSTEMPATH\Common.php(1171): CodeIgniter\View\View->render('v_template_admin', [], true)
 9 APPPATH\Controllers\Ebook.php(44): view('v_template_admin', [...])
10 SYSTEMPATH\CodeIgniter.php(933): App\Controllers\Ebook->index()
11 SYSTEMPATH\CodeIgniter.php(509): CodeIgniter\CodeIgniter->runController(Object(App\Controllers\Ebook))
12 SYSTEMPATH\CodeIgniter.php(355): CodeIgniter\CodeIgniter->handleRequest(null, Object(Config\Cache), false)
13 SYSTEMPATH\Boot.php(325): CodeIgniter\CodeIgniter->run()
14 SYSTEMPATH\Boot.php(67): CodeIgniter\Boot::runCodeIgniter(Object(CodeIgniter\CodeIgniter))
15 FCPATH\index.php(56): CodeIgniter\Boot::bootWeb(Object(Config\Paths))
WARNING - 2026-05-13 04:51:10 --> [DEPRECATED] strtotime(): Passing null to parameter #1 ($datetime) of type string is deprecated in APPPATH\Views\Ebook\v_index.php on line 83.
 1 APPPATH\Views\Ebook\v_index.php(83): strtotime(null)
 2 SYSTEMPATH\View\View.php(234): include('C:\\xampp\\htdocs\\si_ekatalog_ci4\\app\\Views\\Ebook\\v_index.php')
 3 SYSTEMPATH\View\View.php(237): CodeIgniter\View\View->CodeIgniter\View\{closure}()
 4 SYSTEMPATH\Common.php(1171): CodeIgniter\View\View->render('ebook/v_index', [], true)
 5 APPPATH\Views\v_template_admin.php(288): view('ebook/v_index')
 6 SYSTEMPATH\View\View.php(234): include('C:\\xampp\\htdocs\\si_ekatalog_ci4\\app\\Views\\v_template_admin.php')
 7 SYSTEMPATH\View\View.php(237): CodeIgniter\View\View->CodeIgniter\View\{closure}()
 8 SYSTEMPATH\Common.php(1171): CodeIgniter\View\View->render('v_template_admin', [], true)
 9 APPPATH\Controllers\Ebook.php(44): view('v_template_admin', [...])
10 SYSTEMPATH\CodeIgniter.php(933): App\Controllers\Ebook->index()
11 SYSTEMPATH\CodeIgniter.php(509): CodeIgniter\CodeIgniter->runController(Object(App\Controllers\Ebook))
12 SYSTEMPATH\CodeIgniter.php(355): CodeIgniter\CodeIgniter->handleRequest(null, Object(Config\Cache), false)
13 SYSTEMPATH\Boot.php(325): CodeIgniter\CodeIgniter->run()
14 SYSTEMPATH\Boot.php(67): CodeIgniter\Boot::runCodeIgniter(Object(CodeIgniter\CodeIgniter))
15 FCPATH\index.php(56): CodeIgniter\Boot::bootWeb(Object(Config\Paths))
WARNING - 2026-05-13 04:51:10 --> [DEPRECATED] strtotime(): Passing null to parameter #1 ($datetime) of type string is deprecated in APPPATH\Views\Ebook\v_index.php on line 83.
 1 APPPATH\Views\Ebook\v_index.php(83): strtotime(null)
 2 SYSTEMPATH\View\View.php(234): include('C:\\xampp\\htdocs\\si_ekatalog_ci4\\app\\Views\\Ebook\\v_index.php')
 3 SYSTEMPATH\View\View.php(237): CodeIgniter\View\View->CodeIgniter\View\{closure}()
 4 SYSTEMPATH\Common.php(1171): CodeIgniter\View\View->render('ebook/v_index', [], true)
 5 APPPATH\Views\v_template_admin.php(288): view('ebook/v_index')
 6 SYSTEMPATH\View\View.php(234): include('C:\\xampp\\htdocs\\si_ekatalog_ci4\\app\\Views\\v_template_admin.php')
 7 SYSTEMPATH\View\View.php(237): CodeIgniter\View\View->CodeIgniter\View\{closure}()
 8 SYSTEMPATH\Common.php(1171): CodeIgniter\View\View->render('v_template_admin', [], true)
 9 APPPATH\Controllers\Ebook.php(44): view('v_template_admin', [...])
10 SYSTEMPATH\CodeIgniter.php(933): App\Controllers\Ebook->index()
11 SYSTEMPATH\CodeIgniter.php(509): CodeIgniter\CodeIgniter->runController(Object(App\Controllers\Ebook))
12 SYSTEMPATH\CodeIgniter.php(355): CodeIgniter\CodeIgniter->handleRequest(null, Object(Config\Cache), false)
13 SYSTEMPATH\Boot.php(325): CodeIgniter\CodeIgniter->run()
14 SYSTEMPATH\Boot.php(67): CodeIgniter\Boot::runCodeIgniter(Object(CodeIgniter\CodeIgniter))
15 FCPATH\index.php(56): CodeIgniter\Boot::bootWeb(Object(Config\Paths))
WARNING - 2026-05-13 04:51:10 --> [DEPRECATED] strtotime(): Passing null to parameter #1 ($datetime) of type string is deprecated in APPPATH\Views\Ebook\v_index.php on line 83.
 1 APPPATH\Views\Ebook\v_index.php(83): strtotime(null)
 2 SYSTEMPATH\View\View.php(234): include('C:\\xampp\\htdocs\\si_ekatalog_ci4\\app\\Views\\Ebook\\v_index.php')
 3 SYSTEMPATH\View\View.php(237): CodeIgniter\View\View->CodeIgniter\View\{closure}()
 4 SYSTEMPATH\Common.php(1171): CodeIgniter\View\View->render('ebook/v_index', [], true)
 5 APPPATH\Views\v_template_admin.php(288): view('ebook/v_index')
 6 SYSTEMPATH\View\View.php(234): include('C:\\xampp\\htdocs\\si_ekatalog_ci4\\app\\Views\\v_template_admin.php')
 7 SYSTEMPATH\View\View.php(237): CodeIgniter\View\View->CodeIgniter\View\{closure}()
 8 SYSTEMPATH\Common.php(1171): CodeIgniter\View\View->render('v_template_admin', [], true)
 9 APPPATH\Controllers\Ebook.php(44): view('v_template_admin', [...])
10 SYSTEMPATH\CodeIgniter.php(933): App\Controllers\Ebook->index()
11 SYSTEMPATH\CodeIgniter.php(509): CodeIgniter\CodeIgniter->runController(Object(App\Controllers\Ebook))
12 SYSTEMPATH\CodeIgniter.php(355): CodeIgniter\CodeIgniter->handleRequest(null, Object(Config\Cache), false)
13 SYSTEMPATH\Boot.php(325): CodeIgniter\CodeIgniter->run()
14 SYSTEMPATH\Boot.php(67): CodeIgniter\Boot::runCodeIgniter(Object(CodeIgniter\CodeIgniter))
15 FCPATH\index.php(56): CodeIgniter\Boot::bootWeb(Object(Config\Paths))
WARNING - 2026-05-13 04:51:10 --> [DEPRECATED] strtotime(): Passing null to parameter #1 ($datetime) of type string is deprecated in APPPATH\Views\Ebook\v_index.php on line 83.
 1 APPPATH\Views\Ebook\v_index.php(83): strtotime(null)
 2 SYSTEMPATH\View\View.php(234): include('C:\\xampp\\htdocs\\si_ekatalog_ci4\\app\\Views\\Ebook\\v_index.php')
 3 SYSTEMPATH\View\View.php(237): CodeIgniter\View\View->CodeIgniter\View\{closure}()
 4 SYSTEMPATH\Common.php(1171): CodeIgniter\View\View->render('ebook/v_index', [], true)
 5 APPPATH\Views\v_template_admin.php(288): view('ebook/v_index')
 6 SYSTEMPATH\View\View.php(234): include('C:\\xampp\\htdocs\\si_ekatalog_ci4\\app\\Views\\v_template_admin.php')
 7 SYSTEMPATH\View\View.php(237): CodeIgniter\View\View->CodeIgniter\View\{closure}()
 8 SYSTEMPATH\Common.php(1171): CodeIgniter\View\View->render('v_template_admin', [], true)
 9 APPPATH\Controllers\Ebook.php(44): view('v_template_admin', [...])
10 SYSTEMPATH\CodeIgniter.php(933): App\Controllers\Ebook->index()
11 SYSTEMPATH\CodeIgniter.php(509): CodeIgniter\CodeIgniter->runController(Object(App\Controllers\Ebook))
12 SYSTEMPATH\CodeIgniter.php(355): CodeIgniter\CodeIgniter->handleRequest(null, Object(Config\Cache), false)
13 SYSTEMPATH\Boot.php(325): CodeIgniter\CodeIgniter->run()
14 SYSTEMPATH\Boot.php(67): CodeIgniter\Boot::runCodeIgniter(Object(CodeIgniter\CodeIgniter))
15 FCPATH\index.php(56): CodeIgniter\Boot::bootWeb(Object(Config\Paths))
WARNING - 2026-05-13 04:51:10 --> [DEPRECATED] strtotime(): Passing null to parameter #1 ($datetime) of type string is deprecated in APPPATH\Views\Ebook\v_index.php on line 83.
 1 APPPATH\Views\Ebook\v_index.php(83): strtotime(null)
 2 SYSTEMPATH\View\View.php(234): include('C:\\xampp\\htdocs\\si_ekatalog_ci4\\app\\Views\\Ebook\\v_index.php')
 3 SYSTEMPATH\View\View.php(237): CodeIgniter\View\View->CodeIgniter\View\{closure}()
 4 SYSTEMPATH\Common.php(1171): CodeIgniter\View\View->render('ebook/v_index', [], true)
 5 APPPATH\Views\v_template_admin.php(288): view('ebook/v_index')
 6 SYSTEMPATH\View\View.php(234): include('C:\\xampp\\htdocs\\si_ekatalog_ci4\\app\\Views\\v_template_admin.php')
 7 SYSTEMPATH\View\View.php(237): CodeIgniter\View\View->CodeIgniter\View\{closure}()
 8 SYSTEMPATH\Common.php(1171): CodeIgniter\View\View->render('v_template_admin', [], true)
 9 APPPATH\Controllers\Ebook.php(44): view('v_template_admin', [...])
10 SYSTEMPATH\CodeIgniter.php(933): App\Controllers\Ebook->index()
11 SYSTEMPATH\CodeIgniter.php(509): CodeIgniter\CodeIgniter->runController(Object(App\Controllers\Ebook))
12 SYSTEMPATH\CodeIgniter.php(355): CodeIgniter\CodeIgniter->handleRequest(null, Object(Config\Cache), false)
13 SYSTEMPATH\Boot.php(325): CodeIgniter\CodeIgniter->run()
14 SYSTEMPATH\Boot.php(67): CodeIgniter\Boot::runCodeIgniter(Object(CodeIgniter\CodeIgniter))
15 FCPATH\index.php(56): CodeIgniter\Boot::bootWeb(Object(Config\Paths))
WARNING - 2026-05-13 04:51:10 --> [DEPRECATED] strtotime(): Passing null to parameter #1 ($datetime) of type string is deprecated in APPPATH\Views\Ebook\v_index.php on line 83.
 1 APPPATH\Views\Ebook\v_index.php(83): strtotime(null)
 2 SYSTEMPATH\View\View.php(234): include('C:\\xampp\\htdocs\\si_ekatalog_ci4\\app\\Views\\Ebook\\v_index.php')
 3 SYSTEMPATH\View\View.php(237): CodeIgniter\View\View->CodeIgniter\View\{closure}()
 4 SYSTEMPATH\Common.php(1171): CodeIgniter\View\View->render('ebook/v_index', [], true)
 5 APPPATH\Views\v_template_admin.php(288): view('ebook/v_index')
 6 SYSTEMPATH\View\View.php(234): include('C:\\xampp\\htdocs\\si_ekatalog_ci4\\app\\Views\\v_template_admin.php')
 7 SYSTEMPATH\View\View.php(237): CodeIgniter\View\View->CodeIgniter\View\{closure}()
 8 SYSTEMPATH\Common.php(1171): CodeIgniter\View\View->render('v_template_admin', [], true)
 9 APPPATH\Controllers\Ebook.php(44): view('v_template_admin', [...])
10 SYSTEMPATH\CodeIgniter.php(933): App\Controllers\Ebook->index()
11 SYSTEMPATH\CodeIgniter.php(509): CodeIgniter\CodeIgniter->runController(Object(App\Controllers\Ebook))
12 SYSTEMPATH\CodeIgniter.php(355): CodeIgniter\CodeIgniter->handleRequest(null, Object(Config\Cache), false)
13 SYSTEMPATH\Boot.php(325): CodeIgniter\CodeIgniter->run()
14 SYSTEMPATH\Boot.php(67): CodeIgniter\Boot::runCodeIgniter(Object(CodeIgniter\CodeIgniter))
15 FCPATH\index.php(56): CodeIgniter\Boot::bootWeb(Object(Config\Paths))
WARNING - 2026-05-13 04:51:10 --> [DEPRECATED] strtotime(): Passing null to parameter #1 ($datetime) of type string is deprecated in APPPATH\Views\Ebook\v_index.php on line 83.
 1 APPPATH\Views\Ebook\v_index.php(83): strtotime(null)
 2 SYSTEMPATH\View\View.php(234): include('C:\\xampp\\htdocs\\si_ekatalog_ci4\\app\\Views\\Ebook\\v_index.php')
 3 SYSTEMPATH\View\View.php(237): CodeIgniter\View\View->CodeIgniter\View\{closure}()
 4 SYSTEMPATH\Common.php(1171): CodeIgniter\View\View->render('ebook/v_index', [], true)
 5 APPPATH\Views\v_template_admin.php(288): view('ebook/v_index')
 6 SYSTEMPATH\View\View.php(234): include('C:\\xampp\\htdocs\\si_ekatalog_ci4\\app\\Views\\v_template_admin.php')
 7 SYSTEMPATH\View\View.php(237): CodeIgniter\View\View->CodeIgniter\View\{closure}()
 8 SYSTEMPATH\Common.php(1171): CodeIgniter\View\View->render('v_template_admin', [], true)
 9 APPPATH\Controllers\Ebook.php(44): view('v_template_admin', [...])
10 SYSTEMPATH\CodeIgniter.php(933): App\Controllers\Ebook->index()
11 SYSTEMPATH\CodeIgniter.php(509): CodeIgniter\CodeIgniter->runController(Object(App\Controllers\Ebook))
12 SYSTEMPATH\CodeIgniter.php(355): CodeIgniter\CodeIgniter->handleRequest(null, Object(Config\Cache), false)
13 SYSTEMPATH\Boot.php(325): CodeIgniter\CodeIgniter->run()
14 SYSTEMPATH\Boot.php(67): CodeIgniter\Boot::runCodeIgniter(Object(CodeIgniter\CodeIgniter))
15 FCPATH\index.php(56): CodeIgniter\Boot::bootWeb(Object(Config\Paths))
INFO - 2026-05-13 04:51:13 --> Session: Class initialized using 'CodeIgniter\Session\Handlers\FileHandler' driver.
INFO - 2026-05-13 04:51:19 --> Session: Class initialized using 'CodeIgniter\Session\Handlers\FileHandler' driver.
INFO - 2026-05-13 04:51:31 --> Session: Class initialized using 'CodeIgniter\Session\Handlers\FileHandler' driver.
INFO - 2026-05-13 04:51:32 --> Session: Class initialized using 'CodeIgniter\Session\Handlers\FileHandler' driver.
WARNING - 2026-05-13 04:51:32 --> [DEPRECATED] strtotime(): Passing null to parameter #1 ($datetime) of type string is deprecated in APPPATH\Views\Ebook\v_index.php on line 83.
 1 APPPATH\Views\Ebook\v_index.php(83): strtotime(null)
 2 SYSTEMPATH\View\View.php(234): include('C:\\xampp\\htdocs\\si_ekatalog_ci4\\app\\Views\\Ebook\\v_index.php')
 3 SYSTEMPATH\View\View.php(237): CodeIgniter\View\View->CodeIgniter\View\{closure}()
 4 SYSTEMPATH\Common.php(1171): CodeIgniter\View\View->render('ebook/v_index', [], true)
 5 APPPATH\Views\v_template_admin.php(288): view('ebook/v_index')
 6 SYSTEMPATH\View\View.php(234): include('C:\\xampp\\htdocs\\si_ekatalog_ci4\\app\\Views\\v_template_admin.php')
 7 SYSTEMPATH\View\View.php(237): CodeIgniter\View\View->CodeIgniter\View\{closure}()
 8 SYSTEMPATH\Common.php(1171): CodeIgniter\View\View->render('v_template_admin', [], true)
 9 APPPATH\Controllers\Ebook.php(44): view('v_template_admin', [...])
10 SYSTEMPATH\CodeIgniter.php(933): App\Controllers\Ebook->index()
11 SYSTEMPATH\CodeIgniter.php(509): CodeIgniter\CodeIgniter->runController(Object(App\Controllers\Ebook))
12 SYSTEMPATH\CodeIgniter.php(355): CodeIgniter\CodeIgniter->handleRequest(null, Object(Config\Cache), false)
13 SYSTEMPATH\Boot.php(325): CodeIgniter\CodeIgniter->run()
14 SYSTEMPATH\Boot.php(67): CodeIgniter\Boot::runCodeIgniter(Object(CodeIgniter\CodeIgniter))
15 FCPATH\index.php(56): CodeIgniter\Boot::bootWeb(Object(Config\Paths))
WARNING - 2026-05-13 04:51:32 --> [DEPRECATED] strtotime(): Passing null to parameter #1 ($datetime) of type string is deprecated in APPPATH\Views\Ebook\v_index.php on line 83.
 1 APPPATH\Views\Ebook\v_index.php(83): strtotime(null)
 2 SYSTEMPATH\View\View.php(234): include('C:\\xampp\\htdocs\\si_ekatalog_ci4\\app\\Views\\Ebook\\v_index.php')
 3 SYSTEMPATH\View\View.php(237): CodeIgniter\View\View->CodeIgniter\View\{closure}()
 4 SYSTEMPATH\Common.php(1171): CodeIgniter\View\View->render('ebook/v_index', [], true)
 5 APPPATH\Views\v_template_admin.php(288): view('ebook/v_index')
 6 SYSTEMPATH\View\View.php(234): include('C:\\xampp\\htdocs\\si_ekatalog_ci4\\app\\Views\\v_template_admin.php')
 7 SYSTEMPATH\View\View.php(237): CodeIgniter\View\View->CodeIgniter\View\{closure}()
 8 SYSTEMPATH\Common.php(1171): CodeIgniter\View\View->render('v_template_admin', [], true)
 9 APPPATH\Controllers\Ebook.php(44): view('v_template_admin', [...])
10 SYSTEMPATH\CodeIgniter.php(933): App\Controllers\Ebook->index()
11 SYSTEMPATH\CodeIgniter.php(509): CodeIgniter\CodeIgniter->runController(Object(App\Controllers\Ebook))
12 SYSTEMPATH\CodeIgniter.php(355): CodeIgniter\CodeIgniter->handleRequest(null, Object(Config\Cache), false)
13 SYSTEMPATH\Boot.php(325): CodeIgniter\CodeIgniter->run()
14 SYSTEMPATH\Boot.php(67): CodeIgniter\Boot::runCodeIgniter(Object(CodeIgniter\CodeIgniter))
15 FCPATH\index.php(56): CodeIgniter\Boot::bootWeb(Object(Config\Paths))
WARNING - 2026-05-13 04:51:32 --> [DEPRECATED] strtotime(): Passing null to parameter #1 ($datetime) of type string is deprecated in APPPATH\Views\Ebook\v_index.php on line 83.
 1 APPPATH\Views\Ebook\v_index.php(83): strtotime(null)
 2 SYSTEMPATH\View\View.php(234): include('C:\\xampp\\htdocs\\si_ekatalog_ci4\\app\\Views\\Ebook\\v_index.php')
 3 SYSTEMPATH\View\View.php(237): CodeIgniter\View\View->CodeIgniter\View\{closure}()
 4 SYSTEMPATH\Common.php(1171): CodeIgniter\View\View->render('ebook/v_index', [], true)
 5 APPPATH\Views\v_template_admin.php(288): view('ebook/v_index')
 6 SYSTEMPATH\View\View.php(234): include('C:\\xampp\\htdocs\\si_ekatalog_ci4\\app\\Views\\v_template_admin.php')
 7 SYSTEMPATH\View\View.php(237): CodeIgniter\View\View->CodeIgniter\View\{closure}()
 8 SYSTEMPATH\Common.php(1171): CodeIgniter\View\View->render('v_template_admin', [], true)
 9 APPPATH\Controllers\Ebook.php(44): view('v_template_admin', [...])
10 SYSTEMPATH\CodeIgniter.php(933): App\Controllers\Ebook->index()
11 SYSTEMPATH\CodeIgniter.php(509): CodeIgniter\CodeIgniter->runController(Object(App\Controllers\Ebook))
12 SYSTEMPATH\CodeIgniter.php(355): CodeIgniter\CodeIgniter->handleRequest(null, Object(Config\Cache), false)
13 SYSTEMPATH\Boot.php(325): CodeIgniter\CodeIgniter->run()
14 SYSTEMPATH\Boot.php(67): CodeIgniter\Boot::runCodeIgniter(Object(CodeIgniter\CodeIgniter))
15 FCPATH\index.php(56): CodeIgniter\Boot::bootWeb(Object(Config\Paths))
WARNING - 2026-05-13 04:51:32 --> [DEPRECATED] strtotime(): Passing null to parameter #1 ($datetime) of type string is deprecated in APPPATH\Views\Ebook\v_index.php on line 83.
 1 APPPATH\Views\Ebook\v_index.php(83): strtotime(null)
 2 SYSTEMPATH\View\View.php(234): include('C:\\xampp\\htdocs\\si_ekatalog_ci4\\app\\Views\\Ebook\\v_index.php')
 3 SYSTEMPATH\View\View.php(237): CodeIgniter\View\View->CodeIgniter\View\{closure}()
 4 SYSTEMPATH\Common.php(1171): CodeIgniter\View\View->render('ebook/v_index', [], true)
 5 APPPATH\Views\v_template_admin.php(288): view('ebook/v_index')
 6 SYSTEMPATH\View\View.php(234): include('C:\\xampp\\htdocs\\si_ekatalog_ci4\\app\\Views\\v_template_admin.php')
 7 SYSTEMPATH\View\View.php(237): CodeIgniter\View\View->CodeIgniter\View\{closure}()
 8 SYSTEMPATH\Common.php(1171): CodeIgniter\View\View->render('v_template_admin', [], true)
 9 APPPATH\Controllers\Ebook.php(44): view('v_template_admin', [...])
10 SYSTEMPATH\CodeIgniter.php(933): App\Controllers\Ebook->index()
11 SYSTEMPATH\CodeIgniter.php(509): CodeIgniter\CodeIgniter->runController(Object(App\Controllers\Ebook))
12 SYSTEMPATH\CodeIgniter.php(355): CodeIgniter\CodeIgniter->handleRequest(null, Object(Config\Cache), false)
13 SYSTEMPATH\Boot.php(325): CodeIgniter\CodeIgniter->run()
14 SYSTEMPATH\Boot.php(67): CodeIgniter\Boot::runCodeIgniter(Object(CodeIgniter\CodeIgniter))
15 FCPATH\index.php(56): CodeIgniter\Boot::bootWeb(Object(Config\Paths))
WARNING - 2026-05-13 04:51:32 --> [DEPRECATED] strtotime(): Passing null to parameter #1 ($datetime) of type string is deprecated in APPPATH\Views\Ebook\v_index.php on line 83.
 1 APPPATH\Views\Ebook\v_index.php(83): strtotime(null)
 2 SYSTEMPATH\View\View.php(234): include('C:\\xampp\\htdocs\\si_ekatalog_ci4\\app\\Views\\Ebook\\v_index.php')
 3 SYSTEMPATH\View\View.php(237): CodeIgniter\View\View->CodeIgniter\View\{closure}()
 4 SYSTEMPATH\Common.php(1171): CodeIgniter\View\View->render('ebook/v_index', [], true)
 5 APPPATH\Views\v_template_admin.php(288): view('ebook/v_index')
 6 SYSTEMPATH\View\View.php(234): include('C:\\xampp\\htdocs\\si_ekatalog_ci4\\app\\Views\\v_template_admin.php')
 7 SYSTEMPATH\View\View.php(237): CodeIgniter\View\View->CodeIgniter\View\{closure}()
 8 SYSTEMPATH\Common.php(1171): CodeIgniter\View\View->render('v_template_admin', [], true)
 9 APPPATH\Controllers\Ebook.php(44): view('v_template_admin', [...])
10 SYSTEMPATH\CodeIgniter.php(933): App\Controllers\Ebook->index()
11 SYSTEMPATH\CodeIgniter.php(509): CodeIgniter\CodeIgniter->runController(Object(App\Controllers\Ebook))
12 SYSTEMPATH\CodeIgniter.php(355): CodeIgniter\CodeIgniter->handleRequest(null, Object(Config\Cache), false)
13 SYSTEMPATH\Boot.php(325): CodeIgniter\CodeIgniter->run()
14 SYSTEMPATH\Boot.php(67): CodeIgniter\Boot::runCodeIgniter(Object(CodeIgniter\CodeIgniter))
15 FCPATH\index.php(56): CodeIgniter\Boot::bootWeb(Object(Config\Paths))
WARNING - 2026-05-13 04:51:32 --> [DEPRECATED] strtotime(): Passing null to parameter #1 ($datetime) of type string is deprecated in APPPATH\Views\Ebook\v_index.php on line 83.
 1 APPPATH\Views\Ebook\v_index.php(83): strtotime(null)
 2 SYSTEMPATH\View\View.php(234): include('C:\\xampp\\htdocs\\si_ekatalog_ci4\\app\\Views\\Ebook\\v_index.php')
 3 SYSTEMPATH\View\View.php(237): CodeIgniter\View\View->CodeIgniter\View\{closure}()
 4 SYSTEMPATH\Common.php(1171): CodeIgniter\View\View->render('ebook/v_index', [], true)
 5 APPPATH\Views\v_template_admin.php(288): view('ebook/v_index')
 6 SYSTEMPATH\View\View.php(234): include('C:\\xampp\\htdocs\\si_ekatalog_ci4\\app\\Views\\v_template_admin.php')
 7 SYSTEMPATH\View\View.php(237): CodeIgniter\View\View->CodeIgniter\View\{closure}()
 8 SYSTEMPATH\Common.php(1171): CodeIgniter\View\View->render('v_template_admin', [], true)
 9 APPPATH\Controllers\Ebook.php(44): view('v_template_admin', [...])
10 SYSTEMPATH\CodeIgniter.php(933): App\Controllers\Ebook->index()
11 SYSTEMPATH\CodeIgniter.php(509): CodeIgniter\CodeIgniter->runController(Object(App\Controllers\Ebook))
12 SYSTEMPATH\CodeIgniter.php(355): CodeIgniter\CodeIgniter->handleRequest(null, Object(Config\Cache), false)
13 SYSTEMPATH\Boot.php(325): CodeIgniter\CodeIgniter->run()
14 SYSTEMPATH\Boot.php(67): CodeIgniter\Boot::runCodeIgniter(Object(CodeIgniter\CodeIgniter))
15 FCPATH\index.php(56): CodeIgniter\Boot::bootWeb(Object(Config\Paths))
WARNING - 2026-05-13 04:51:32 --> [DEPRECATED] strtotime(): Passing null to parameter #1 ($datetime) of type string is deprecated in APPPATH\Views\Ebook\v_index.php on line 83.
 1 APPPATH\Views\Ebook\v_index.php(83): strtotime(null)
 2 SYSTEMPATH\View\View.php(234): include('C:\\xampp\\htdocs\\si_ekatalog_ci4\\app\\Views\\Ebook\\v_index.php')
 3 SYSTEMPATH\View\View.php(237): CodeIgniter\View\View->CodeIgniter\View\{closure}()
 4 SYSTEMPATH\Common.php(1171): CodeIgniter\View\View->render('ebook/v_index', [], true)
 5 APPPATH\Views\v_template_admin.php(288): view('ebook/v_index')
 6 SYSTEMPATH\View\View.php(234): include('C:\\xampp\\htdocs\\si_ekatalog_ci4\\app\\Views\\v_template_admin.php')
 7 SYSTEMPATH\View\View.php(237): CodeIgniter\View\View->CodeIgniter\View\{closure}()
 8 SYSTEMPATH\Common.php(1171): CodeIgniter\View\View->render('v_template_admin', [], true)
 9 APPPATH\Controllers\Ebook.php(44): view('v_template_admin', [...])
10 SYSTEMPATH\CodeIgniter.php(933): App\Controllers\Ebook->index()
11 SYSTEMPATH\CodeIgniter.php(509): CodeIgniter\CodeIgniter->runController(Object(App\Controllers\Ebook))
12 SYSTEMPATH\CodeIgniter.php(355): CodeIgniter\CodeIgniter->handleRequest(null, Object(Config\Cache), false)
13 SYSTEMPATH\Boot.php(325): CodeIgniter\CodeIgniter->run()
14 SYSTEMPATH\Boot.php(67): CodeIgniter\Boot::runCodeIgniter(Object(CodeIgniter\CodeIgniter))
15 FCPATH\index.php(56): CodeIgniter\Boot::bootWeb(Object(Config\Paths))
WARNING - 2026-05-13 04:51:32 --> [DEPRECATED] strtotime(): Passing null to parameter #1 ($datetime) of type string is deprecated in APPPATH\Views\Ebook\v_index.php on line 83.
 1 APPPATH\Views\Ebook\v_index.php(83): strtotime(null)
 2 SYSTEMPATH\View\View.php(234): include('C:\\xampp\\htdocs\\si_ekatalog_ci4\\app\\Views\\Ebook\\v_index.php')
 3 SYSTEMPATH\View\View.php(237): CodeIgniter\View\View->CodeIgniter\View\{closure}()
 4 SYSTEMPATH\Common.php(1171): CodeIgniter\View\View->render('ebook/v_index', [], true)
 5 APPPATH\Views\v_template_admin.php(288): view('ebook/v_index')
 6 SYSTEMPATH\View\View.php(234): include('C:\\xampp\\htdocs\\si_ekatalog_ci4\\app\\Views\\v_template_admin.php')
 7 SYSTEMPATH\View\View.php(237): CodeIgniter\View\View->CodeIgniter\View\{closure}()
 8 SYSTEMPATH\Common.php(1171): CodeIgniter\View\View->render('v_template_admin', [], true)
 9 APPPATH\Controllers\Ebook.php(44): view('v_template_admin', [...])
10 SYSTEMPATH\CodeIgniter.php(933): App\Controllers\Ebook->index()
11 SYSTEMPATH\CodeIgniter.php(509): CodeIgniter\CodeIgniter->runController(Object(App\Controllers\Ebook))
12 SYSTEMPATH\CodeIgniter.php(355): CodeIgniter\CodeIgniter->handleRequest(null, Object(Config\Cache), false)
13 SYSTEMPATH\Boot.php(325): CodeIgniter\CodeIgniter->run()
14 SYSTEMPATH\Boot.php(67): CodeIgniter\Boot::runCodeIgniter(Object(CodeIgniter\CodeIgniter))
15 FCPATH\index.php(56): CodeIgniter\Boot::bootWeb(Object(Config\Paths))
WARNING - 2026-05-13 04:51:32 --> [DEPRECATED] strtotime(): Passing null to parameter #1 ($datetime) of type string is deprecated in APPPATH\Views\Ebook\v_index.php on line 83.
 1 APPPATH\Views\Ebook\v_index.php(83): strtotime(null)
 2 SYSTEMPATH\View\View.php(234): include('C:\\xampp\\htdocs\\si_ekatalog_ci4\\app\\Views\\Ebook\\v_index.php')
 3 SYSTEMPATH\View\View.php(237): CodeIgniter\View\View->CodeIgniter\View\{closure}()
 4 SYSTEMPATH\Common.php(1171): CodeIgniter\View\View->render('ebook/v_index', [], true)
 5 APPPATH\Views\v_template_admin.php(288): view('ebook/v_index')
 6 SYSTEMPATH\View\View.php(234): include('C:\\xampp\\htdocs\\si_ekatalog_ci4\\app\\Views\\v_template_admin.php')
 7 SYSTEMPATH\View\View.php(237): CodeIgniter\View\View->CodeIgniter\View\{closure}()
 8 SYSTEMPATH\Common.php(1171): CodeIgniter\View\View->render('v_template_admin', [], true)
 9 APPPATH\Controllers\Ebook.php(44): view('v_template_admin', [...])
10 SYSTEMPATH\CodeIgniter.php(933): App\Controllers\Ebook->index()
11 SYSTEMPATH\CodeIgniter.php(509): CodeIgniter\CodeIgniter->runController(Object(App\Controllers\Ebook))
12 SYSTEMPATH\CodeIgniter.php(355): CodeIgniter\CodeIgniter->handleRequest(null, Object(Config\Cache), false)
13 SYSTEMPATH\Boot.php(325): CodeIgniter\CodeIgniter->run()
14 SYSTEMPATH\Boot.php(67): CodeIgniter\Boot::runCodeIgniter(Object(CodeIgniter\CodeIgniter))
15 FCPATH\index.php(56): CodeIgniter\Boot::bootWeb(Object(Config\Paths))
WARNING - 2026-05-13 04:51:32 --> [DEPRECATED] strtotime(): Passing null to parameter #1 ($datetime) of type string is deprecated in APPPATH\Views\Ebook\v_index.php on line 83.
 1 APPPATH\Views\Ebook\v_index.php(83): strtotime(null)
 2 SYSTEMPATH\View\View.php(234): include('C:\\xampp\\htdocs\\si_ekatalog_ci4\\app\\Views\\Ebook\\v_index.php')
 3 SYSTEMPATH\View\View.php(237): CodeIgniter\View\View->CodeIgniter\View\{closure}()
 4 SYSTEMPATH\Common.php(1171): CodeIgniter\View\View->render('ebook/v_index', [], true)
 5 APPPATH\Views\v_template_admin.php(288): view('ebook/v_index')
 6 SYSTEMPATH\View\View.php(234): include('C:\\xampp\\htdocs\\si_ekatalog_ci4\\app\\Views\\v_template_admin.php')
 7 SYSTEMPATH\View\View.php(237): CodeIgniter\View\View->CodeIgniter\View\{closure}()
 8 SYSTEMPATH\Common.php(1171): CodeIgniter\View\View->render('v_template_admin', [], true)
 9 APPPATH\Controllers\Ebook.php(44): view('v_template_admin', [...])
10 SYSTEMPATH\CodeIgniter.php(933): App\Controllers\Ebook->index()
11 SYSTEMPATH\CodeIgniter.php(509): CodeIgniter\CodeIgniter->runController(Object(App\Controllers\Ebook))
12 SYSTEMPATH\CodeIgniter.php(355): CodeIgniter\CodeIgniter->handleRequest(null, Object(Config\Cache), false)
13 SYSTEMPATH\Boot.php(325): CodeIgniter\CodeIgniter->run()
14 SYSTEMPATH\Boot.php(67): CodeIgniter\Boot::runCodeIgniter(Object(CodeIgniter\CodeIgniter))
15 FCPATH\index.php(56): CodeIgniter\Boot::bootWeb(Object(Config\Paths))
WARNING - 2026-05-13 04:51:32 --> [DEPRECATED] strtotime(): Passing null to parameter #1 ($datetime) of type string is deprecated in APPPATH\Views\Ebook\v_index.php on line 83.
 1 APPPATH\Views\Ebook\v_index.php(83): strtotime(null)
 2 SYSTEMPATH\View\View.php(234): include('C:\\xampp\\htdocs\\si_ekatalog_ci4\\app\\Views\\Ebook\\v_index.php')
 3 SYSTEMPATH\View\View.php(237): CodeIgniter\View\View->CodeIgniter\View\{closure}()
 4 SYSTEMPATH\Common.php(1171): CodeIgniter\View\View->render('ebook/v_index', [], true)
 5 APPPATH\Views\v_template_admin.php(288): view('ebook/v_index')
 6 SYSTEMPATH\View\View.php(234): include('C:\\xampp\\htdocs\\si_ekatalog_ci4\\app\\Views\\v_template_admin.php')
 7 SYSTEMPATH\View\View.php(237): CodeIgniter\View\View->CodeIgniter\View\{closure}()
 8 SYSTEMPATH\Common.php(1171): CodeIgniter\View\View->render('v_template_admin', [], true)
 9 APPPATH\Controllers\Ebook.php(44): view('v_template_admin', [...])
10 SYSTEMPATH\CodeIgniter.php(933): App\Controllers\Ebook->index()
11 SYSTEMPATH\CodeIgniter.php(509): CodeIgniter\CodeIgniter->runController(Object(App\Controllers\Ebook))
12 SYSTEMPATH\CodeIgniter.php(355): CodeIgniter\CodeIgniter->handleRequest(null, Object(Config\Cache), false)
13 SYSTEMPATH\Boot.php(325): CodeIgniter\CodeIgniter->run()
14 SYSTEMPATH\Boot.php(67): CodeIgniter\Boot::runCodeIgniter(Object(CodeIgniter\CodeIgniter))
15 FCPATH\index.php(56): CodeIgniter\Boot::bootWeb(Object(Config\Paths))
WARNING - 2026-05-13 04:51:32 --> [DEPRECATED] strtotime(): Passing null to parameter #1 ($datetime) of type string is deprecated in APPPATH\Views\Ebook\v_index.php on line 83.
 1 APPPATH\Views\Ebook\v_index.php(83): strtotime(null)
 2 SYSTEMPATH\View\View.php(234): include('C:\\xampp\\htdocs\\si_ekatalog_ci4\\app\\Views\\Ebook\\v_index.php')
 3 SYSTEMPATH\View\View.php(237): CodeIgniter\View\View->CodeIgniter\View\{closure}()
 4 SYSTEMPATH\Common.php(1171): CodeIgniter\View\View->render('ebook/v_index', [], true)
 5 APPPATH\Views\v_template_admin.php(288): view('ebook/v_index')
 6 SYSTEMPATH\View\View.php(234): include('C:\\xampp\\htdocs\\si_ekatalog_ci4\\app\\Views\\v_template_admin.php')
 7 SYSTEMPATH\View\View.php(237): CodeIgniter\View\View->CodeIgniter\View\{closure}()
 8 SYSTEMPATH\Common.php(1171): CodeIgniter\View\View->render('v_template_admin', [], true)
 9 APPPATH\Controllers\Ebook.php(44): view('v_template_admin', [...])
10 SYSTEMPATH\CodeIgniter.php(933): App\Controllers\Ebook->index()
11 SYSTEMPATH\CodeIgniter.php(509): CodeIgniter\CodeIgniter->runController(Object(App\Controllers\Ebook))
12 SYSTEMPATH\CodeIgniter.php(355): CodeIgniter\CodeIgniter->handleRequest(null, Object(Config\Cache), false)
13 SYSTEMPATH\Boot.php(325): CodeIgniter\CodeIgniter->run()
14 SYSTEMPATH\Boot.php(67): CodeIgniter\Boot::runCodeIgniter(Object(CodeIgniter\CodeIgniter))
15 FCPATH\index.php(56): CodeIgniter\Boot::bootWeb(Object(Config\Paths))
WARNING - 2026-05-13 04:51:32 --> [DEPRECATED] strtotime(): Passing null to parameter #1 ($datetime) of type string is deprecated in APPPATH\Views\Ebook\v_index.php on line 83.
 1 APPPATH\Views\Ebook\v_index.php(83): strtotime(null)
 2 SYSTEMPATH\View\View.php(234): include('C:\\xampp\\htdocs\\si_ekatalog_ci4\\app\\Views\\Ebook\\v_index.php')
 3 SYSTEMPATH\View\View.php(237): CodeIgniter\View\View->CodeIgniter\View\{closure}()
 4 SYSTEMPATH\Common.php(1171): CodeIgniter\View\View->render('ebook/v_index', [], true)
 5 APPPATH\Views\v_template_admin.php(288): view('ebook/v_index')
 6 SYSTEMPATH\View\View.php(234): include('C:\\xampp\\htdocs\\si_ekatalog_ci4\\app\\Views\\v_template_admin.php')
 7 SYSTEMPATH\View\View.php(237): CodeIgniter\View\View->CodeIgniter\View\{closure}()
 8 SYSTEMPATH\Common.php(1171): CodeIgniter\View\View->render('v_template_admin', [], true)
 9 APPPATH\Controllers\Ebook.php(44): view('v_template_admin', [...])
10 SYSTEMPATH\CodeIgniter.php(933): App\Controllers\Ebook->index()
11 SYSTEMPATH\CodeIgniter.php(509): CodeIgniter\CodeIgniter->runController(Object(App\Controllers\Ebook))
12 SYSTEMPATH\CodeIgniter.php(355): CodeIgniter\CodeIgniter->handleRequest(null, Object(Config\Cache), false)
13 SYSTEMPATH\Boot.php(325): CodeIgniter\CodeIgniter->run()
14 SYSTEMPATH\Boot.php(67): CodeIgniter\Boot::runCodeIgniter(Object(CodeIgniter\CodeIgniter))
15 FCPATH\index.php(56): CodeIgniter\Boot::bootWeb(Object(Config\Paths))
WARNING - 2026-05-13 04:51:32 --> [DEPRECATED] strtotime(): Passing null to parameter #1 ($datetime) of type string is deprecated in APPPATH\Views\Ebook\v_index.php on line 83.
 1 APPPATH\Views\Ebook\v_index.php(83): strtotime(null)
 2 SYSTEMPATH\View\View.php(234): include('C:\\xampp\\htdocs\\si_ekatalog_ci4\\app\\Views\\Ebook\\v_index.php')
 3 SYSTEMPATH\View\View.php(237): CodeIgniter\View\View->CodeIgniter\View\{closure}()
 4 SYSTEMPATH\Common.php(1171): CodeIgniter\View\View->render('ebook/v_index', [], true)
 5 APPPATH\Views\v_template_admin.php(288): view('ebook/v_index')
 6 SYSTEMPATH\View\View.php(234): include('C:\\xampp\\htdocs\\si_ekatalog_ci4\\app\\Views\\v_template_admin.php')
 7 SYSTEMPATH\View\View.php(237): CodeIgniter\View\View->CodeIgniter\View\{closure}()
 8 SYSTEMPATH\Common.php(1171): CodeIgniter\View\View->render('v_template_admin', [], true)
 9 APPPATH\Controllers\Ebook.php(44): view('v_template_admin', [...])
10 SYSTEMPATH\CodeIgniter.php(933): App\Controllers\Ebook->index()
11 SYSTEMPATH\CodeIgniter.php(509): CodeIgniter\CodeIgniter->runController(Object(App\Controllers\Ebook))
12 SYSTEMPATH\CodeIgniter.php(355): CodeIgniter\CodeIgniter->handleRequest(null, Object(Config\Cache), false)
13 SYSTEMPATH\Boot.php(325): CodeIgniter\CodeIgniter->run()
14 SYSTEMPATH\Boot.php(67): CodeIgniter\Boot::runCodeIgniter(Object(CodeIgniter\CodeIgniter))
15 FCPATH\index.php(56): CodeIgniter\Boot::bootWeb(Object(Config\Paths))
WARNING - 2026-05-13 04:51:32 --> [DEPRECATED] strtotime(): Passing null to parameter #1 ($datetime) of type string is deprecated in APPPATH\Views\Ebook\v_index.php on line 83.
 1 APPPATH\Views\Ebook\v_index.php(83): strtotime(null)
 2 SYSTEMPATH\View\View.php(234): include('C:\\xampp\\htdocs\\si_ekatalog_ci4\\app\\Views\\Ebook\\v_index.php')
 3 SYSTEMPATH\View\View.php(237): CodeIgniter\View\View->CodeIgniter\View\{closure}()
 4 SYSTEMPATH\Common.php(1171): CodeIgniter\View\View->render('ebook/v_index', [], true)
 5 APPPATH\Views\v_template_admin.php(288): view('ebook/v_index')
 6 SYSTEMPATH\View\View.php(234): include('C:\\xampp\\htdocs\\si_ekatalog_ci4\\app\\Views\\v_template_admin.php')
 7 SYSTEMPATH\View\View.php(237): CodeIgniter\View\View->CodeIgniter\View\{closure}()
 8 SYSTEMPATH\Common.php(1171): CodeIgniter\View\View->render('v_template_admin', [], true)
 9 APPPATH\Controllers\Ebook.php(44): view('v_template_admin', [...])
10 SYSTEMPATH\CodeIgniter.php(933): App\Controllers\Ebook->index()
11 SYSTEMPATH\CodeIgniter.php(509): CodeIgniter\CodeIgniter->runController(Object(App\Controllers\Ebook))
12 SYSTEMPATH\CodeIgniter.php(355): CodeIgniter\CodeIgniter->handleRequest(null, Object(Config\Cache), false)
13 SYSTEMPATH\Boot.php(325): CodeIgniter\CodeIgniter->run()
14 SYSTEMPATH\Boot.php(67): CodeIgniter\Boot::runCodeIgniter(Object(CodeIgniter\CodeIgniter))
15 FCPATH\index.php(56): CodeIgniter\Boot::bootWeb(Object(Config\Paths))
WARNING - 2026-05-13 04:51:32 --> [DEPRECATED] strtotime(): Passing null to parameter #1 ($datetime) of type string is deprecated in APPPATH\Views\Ebook\v_index.php on line 83.
 1 APPPATH\Views\Ebook\v_index.php(83): strtotime(null)
 2 SYSTEMPATH\View\View.php(234): include('C:\\xampp\\htdocs\\si_ekatalog_ci4\\app\\Views\\Ebook\\v_index.php')
 3 SYSTEMPATH\View\View.php(237): CodeIgniter\View\View->CodeIgniter\View\{closure}()
 4 SYSTEMPATH\Common.php(1171): CodeIgniter\View\View->render('ebook/v_index', [], true)
 5 APPPATH\Views\v_template_admin.php(288): view('ebook/v_index')
 6 SYSTEMPATH\View\View.php(234): include('C:\\xampp\\htdocs\\si_ekatalog_ci4\\app\\Views\\v_template_admin.php')
 7 SYSTEMPATH\View\View.php(237): CodeIgniter\View\View->CodeIgniter\View\{closure}()
 8 SYSTEMPATH\Common.php(1171): CodeIgniter\View\View->render('v_template_admin', [], true)
 9 APPPATH\Controllers\Ebook.php(44): view('v_template_admin', [...])
10 SYSTEMPATH\CodeIgniter.php(933): App\Controllers\Ebook->index()
11 SYSTEMPATH\CodeIgniter.php(509): CodeIgniter\CodeIgniter->runController(Object(App\Controllers\Ebook))
12 SYSTEMPATH\CodeIgniter.php(355): CodeIgniter\CodeIgniter->handleRequest(null, Object(Config\Cache), false)
13 SYSTEMPATH\Boot.php(325): CodeIgniter\CodeIgniter->run()
14 SYSTEMPATH\Boot.php(67): CodeIgniter\Boot::runCodeIgniter(Object(CodeIgniter\CodeIgniter))
15 FCPATH\index.php(56): CodeIgniter\Boot::bootWeb(Object(Config\Paths))
WARNING - 2026-05-13 04:51:32 --> [DEPRECATED] strtotime(): Passing null to parameter #1 ($datetime) of type string is deprecated in APPPATH\Views\Ebook\v_index.php on line 83.
 1 APPPATH\Views\Ebook\v_index.php(83): strtotime(null)
 2 SYSTEMPATH\View\View.php(234): include('C:\\xampp\\htdocs\\si_ekatalog_ci4\\app\\Views\\Ebook\\v_index.php')
 3 SYSTEMPATH\View\View.php(237): CodeIgniter\View\View->CodeIgniter\View\{closure}()
 4 SYSTEMPATH\Common.php(1171): CodeIgniter\View\View->render('ebook/v_index', [], true)
 5 APPPATH\Views\v_template_admin.php(288): view('ebook/v_index')
 6 SYSTEMPATH\View\View.php(234): include('C:\\xampp\\htdocs\\si_ekatalog_ci4\\app\\Views\\v_template_admin.php')
 7 SYSTEMPATH\View\View.php(237): CodeIgniter\View\View->CodeIgniter\View\{closure}()
 8 SYSTEMPATH\Common.php(1171): CodeIgniter\View\View->render('v_template_admin', [], true)
 9 APPPATH\Controllers\Ebook.php(44): view('v_template_admin', [...])
10 SYSTEMPATH\CodeIgniter.php(933): App\Controllers\Ebook->index()
11 SYSTEMPATH\CodeIgniter.php(509): CodeIgniter\CodeIgniter->runController(Object(App\Controllers\Ebook))
12 SYSTEMPATH\CodeIgniter.php(355): CodeIgniter\CodeIgniter->handleRequest(null, Object(Config\Cache), false)
13 SYSTEMPATH\Boot.php(325): CodeIgniter\CodeIgniter->run()
14 SYSTEMPATH\Boot.php(67): CodeIgniter\Boot::runCodeIgniter(Object(CodeIgniter\CodeIgniter))
15 FCPATH\index.php(56): CodeIgniter\Boot::bootWeb(Object(Config\Paths))
WARNING - 2026-05-13 04:51:32 --> [DEPRECATED] strtotime(): Passing null to parameter #1 ($datetime) of type string is deprecated in APPPATH\Views\Ebook\v_index.php on line 83.
 1 APPPATH\Views\Ebook\v_index.php(83): strtotime(null)
 2 SYSTEMPATH\View\View.php(234): include('C:\\xampp\\htdocs\\si_ekatalog_ci4\\app\\Views\\Ebook\\v_index.php')
 3 SYSTEMPATH\View\View.php(237): CodeIgniter\View\View->CodeIgniter\View\{closure}()
 4 SYSTEMPATH\Common.php(1171): CodeIgniter\View\View->render('ebook/v_index', [], true)
 5 APPPATH\Views\v_template_admin.php(288): view('ebook/v_index')
 6 SYSTEMPATH\View\View.php(234): include('C:\\xampp\\htdocs\\si_ekatalog_ci4\\app\\Views\\v_template_admin.php')
 7 SYSTEMPATH\View\View.php(237): CodeIgniter\View\View->CodeIgniter\View\{closure}()
 8 SYSTEMPATH\Common.php(1171): CodeIgniter\View\View->render('v_template_admin', [], true)
 9 APPPATH\Controllers\Ebook.php(44): view('v_template_admin', [...])
10 SYSTEMPATH\CodeIgniter.php(933): App\Controllers\Ebook->index()
11 SYSTEMPATH\CodeIgniter.php(509): CodeIgniter\CodeIgniter->runController(Object(App\Controllers\Ebook))
12 SYSTEMPATH\CodeIgniter.php(355): CodeIgniter\CodeIgniter->handleRequest(null, Object(Config\Cache), false)
13 SYSTEMPATH\Boot.php(325): CodeIgniter\CodeIgniter->run()
14 SYSTEMPATH\Boot.php(67): CodeIgniter\Boot::runCodeIgniter(Object(CodeIgniter\CodeIgniter))
15 FCPATH\index.php(56): CodeIgniter\Boot::bootWeb(Object(Config\Paths))
WARNING - 2026-05-13 04:51:32 --> [DEPRECATED] strtotime(): Passing null to parameter #1 ($datetime) of type string is deprecated in APPPATH\Views\Ebook\v_index.php on line 83.
 1 APPPATH\Views\Ebook\v_index.php(83): strtotime(null)
 2 SYSTEMPATH\View\View.php(234): include('C:\\xampp\\htdocs\\si_ekatalog_ci4\\app\\Views\\Ebook\\v_index.php')
 3 SYSTEMPATH\View\View.php(237): CodeIgniter\View\View->CodeIgniter\View\{closure}()
 4 SYSTEMPATH\Common.php(1171): CodeIgniter\View\View->render('ebook/v_index', [], true)
 5 APPPATH\Views\v_template_admin.php(288): view('ebook/v_index')
 6 SYSTEMPATH\View\View.php(234): include('C:\\xampp\\htdocs\\si_ekatalog_ci4\\app\\Views\\v_template_admin.php')
 7 SYSTEMPATH\View\View.php(237): CodeIgniter\View\View->CodeIgniter\View\{closure}()
 8 SYSTEMPATH\Common.php(1171): CodeIgniter\View\View->render('v_template_admin', [], true)
 9 APPPATH\Controllers\Ebook.php(44): view('v_template_admin', [...])
10 SYSTEMPATH\CodeIgniter.php(933): App\Controllers\Ebook->index()
11 SYSTEMPATH\CodeIgniter.php(509): CodeIgniter\CodeIgniter->runController(Object(App\Controllers\Ebook))
12 SYSTEMPATH\CodeIgniter.php(355): CodeIgniter\CodeIgniter->handleRequest(null, Object(Config\Cache), false)
13 SYSTEMPATH\Boot.php(325): CodeIgniter\CodeIgniter->run()
14 SYSTEMPATH\Boot.php(67): CodeIgniter\Boot::runCodeIgniter(Object(CodeIgniter\CodeIgniter))
15 FCPATH\index.php(56): CodeIgniter\Boot::bootWeb(Object(Config\Paths))
WARNING - 2026-05-13 04:51:32 --> [DEPRECATED] strtotime(): Passing null to parameter #1 ($datetime) of type string is deprecated in APPPATH\Views\Ebook\v_index.php on line 83.
 1 APPPATH\Views\Ebook\v_index.php(83): strtotime(null)
 2 SYSTEMPATH\View\View.php(234): include('C:\\xampp\\htdocs\\si_ekatalog_ci4\\app\\Views\\Ebook\\v_index.php')
 3 SYSTEMPATH\View\View.php(237): CodeIgniter\View\View->CodeIgniter\View\{closure}()
 4 SYSTEMPATH\Common.php(1171): CodeIgniter\View\View->render('ebook/v_index', [], true)
 5 APPPATH\Views\v_template_admin.php(288): view('ebook/v_index')
 6 SYSTEMPATH\View\View.php(234): include('C:\\xampp\\htdocs\\si_ekatalog_ci4\\app\\Views\\v_template_admin.php')
 7 SYSTEMPATH\View\View.php(237): CodeIgniter\View\View->CodeIgniter\View\{closure}()
 8 SYSTEMPATH\Common.php(1171): CodeIgniter\View\View->render('v_template_admin', [], true)
 9 APPPATH\Controllers\Ebook.php(44): view('v_template_admin', [...])
10 SYSTEMPATH\CodeIgniter.php(933): App\Controllers\Ebook->index()
11 SYSTEMPATH\CodeIgniter.php(509): CodeIgniter\CodeIgniter->runController(Object(App\Controllers\Ebook))
12 SYSTEMPATH\CodeIgniter.php(355): CodeIgniter\CodeIgniter->handleRequest(null, Object(Config\Cache), false)
13 SYSTEMPATH\Boot.php(325): CodeIgniter\CodeIgniter->run()
14 SYSTEMPATH\Boot.php(67): CodeIgniter\Boot::runCodeIgniter(Object(CodeIgniter\CodeIgniter))
15 FCPATH\index.php(56): CodeIgniter\Boot::bootWeb(Object(Config\Paths))
WARNING - 2026-05-13 04:51:32 --> [DEPRECATED] strtotime(): Passing null to parameter #1 ($datetime) of type string is deprecated in APPPATH\Views\Ebook\v_index.php on line 83.
 1 APPPATH\Views\Ebook\v_index.php(83): strtotime(null)
 2 SYSTEMPATH\View\View.php(234): include('C:\\xampp\\htdocs\\si_ekatalog_ci4\\app\\Views\\Ebook\\v_index.php')
 3 SYSTEMPATH\View\View.php(237): CodeIgniter\View\View->CodeIgniter\View\{closure}()
 4 SYSTEMPATH\Common.php(1171): CodeIgniter\View\View->render('ebook/v_index', [], true)
 5 APPPATH\Views\v_template_admin.php(288): view('ebook/v_index')
 6 SYSTEMPATH\View\View.php(234): include('C:\\xampp\\htdocs\\si_ekatalog_ci4\\app\\Views\\v_template_admin.php')
 7 SYSTEMPATH\View\View.php(237): CodeIgniter\View\View->CodeIgniter\View\{closure}()
 8 SYSTEMPATH\Common.php(1171): CodeIgniter\View\View->render('v_template_admin', [], true)
 9 APPPATH\Controllers\Ebook.php(44): view('v_template_admin', [...])
10 SYSTEMPATH\CodeIgniter.php(933): App\Controllers\Ebook->index()
11 SYSTEMPATH\CodeIgniter.php(509): CodeIgniter\CodeIgniter->runController(Object(App\Controllers\Ebook))
12 SYSTEMPATH\CodeIgniter.php(355): CodeIgniter\CodeIgniter->handleRequest(null, Object(Config\Cache), false)
13 SYSTEMPATH\Boot.php(325): CodeIgniter\CodeIgniter->run()
14 SYSTEMPATH\Boot.php(67): CodeIgniter\Boot::runCodeIgniter(Object(CodeIgniter\CodeIgniter))
15 FCPATH\index.php(56): CodeIgniter\Boot::bootWeb(Object(Config\Paths))
WARNING - 2026-05-13 04:51:32 --> [DEPRECATED] strtotime(): Passing null to parameter #1 ($datetime) of type string is deprecated in APPPATH\Views\Ebook\v_index.php on line 83.
 1 APPPATH\Views\Ebook\v_index.php(83): strtotime(null)
 2 SYSTEMPATH\View\View.php(234): include('C:\\xampp\\htdocs\\si_ekatalog_ci4\\app\\Views\\Ebook\\v_index.php')
 3 SYSTEMPATH\View\View.php(237): CodeIgniter\View\View->CodeIgniter\View\{closure}()
 4 SYSTEMPATH\Common.php(1171): CodeIgniter\View\View->render('ebook/v_index', [], true)
 5 APPPATH\Views\v_template_admin.php(288): view('ebook/v_index')
 6 SYSTEMPATH\View\View.php(234): include('C:\\xampp\\htdocs\\si_ekatalog_ci4\\app\\Views\\v_template_admin.php')
 7 SYSTEMPATH\View\View.php(237): CodeIgniter\View\View->CodeIgniter\View\{closure}()
 8 SYSTEMPATH\Common.php(1171): CodeIgniter\View\View->render('v_template_admin', [], true)
 9 APPPATH\Controllers\Ebook.php(44): view('v_template_admin', [...])
10 SYSTEMPATH\CodeIgniter.php(933): App\Controllers\Ebook->index()
11 SYSTEMPATH\CodeIgniter.php(509): CodeIgniter\CodeIgniter->runController(Object(App\Controllers\Ebook))
12 SYSTEMPATH\CodeIgniter.php(355): CodeIgniter\CodeIgniter->handleRequest(null, Object(Config\Cache), false)
13 SYSTEMPATH\Boot.php(325): CodeIgniter\CodeIgniter->run()
14 SYSTEMPATH\Boot.php(67): CodeIgniter\Boot::runCodeIgniter(Object(CodeIgniter\CodeIgniter))
15 FCPATH\index.php(56): CodeIgniter\Boot::bootWeb(Object(Config\Paths))
WARNING - 2026-05-13 04:51:32 --> [DEPRECATED] strtotime(): Passing null to parameter #1 ($datetime) of type string is deprecated in APPPATH\Views\Ebook\v_index.php on line 83.
 1 APPPATH\Views\Ebook\v_index.php(83): strtotime(null)
 2 SYSTEMPATH\View\View.php(234): include('C:\\xampp\\htdocs\\si_ekatalog_ci4\\app\\Views\\Ebook\\v_index.php')
 3 SYSTEMPATH\View\View.php(237): CodeIgniter\View\View->CodeIgniter\View\{closure}()
 4 SYSTEMPATH\Common.php(1171): CodeIgniter\View\View->render('ebook/v_index', [], true)
 5 APPPATH\Views\v_template_admin.php(288): view('ebook/v_index')
 6 SYSTEMPATH\View\View.php(234): include('C:\\xampp\\htdocs\\si_ekatalog_ci4\\app\\Views\\v_template_admin.php')
 7 SYSTEMPATH\View\View.php(237): CodeIgniter\View\View->CodeIgniter\View\{closure}()
 8 SYSTEMPATH\Common.php(1171): CodeIgniter\View\View->render('v_template_admin', [], true)
 9 APPPATH\Controllers\Ebook.php(44): view('v_template_admin', [...])
10 SYSTEMPATH\CodeIgniter.php(933): App\Controllers\Ebook->index()
11 SYSTEMPATH\CodeIgniter.php(509): CodeIgniter\CodeIgniter->runController(Object(App\Controllers\Ebook))
12 SYSTEMPATH\CodeIgniter.php(355): CodeIgniter\CodeIgniter->handleRequest(null, Object(Config\Cache), false)
13 SYSTEMPATH\Boot.php(325): CodeIgniter\CodeIgniter->run()
14 SYSTEMPATH\Boot.php(67): CodeIgniter\Boot::runCodeIgniter(Object(CodeIgniter\CodeIgniter))
15 FCPATH\index.php(56): CodeIgniter\Boot::bootWeb(Object(Config\Paths))
WARNING - 2026-05-13 04:51:32 --> [DEPRECATED] strtotime(): Passing null to parameter #1 ($datetime) of type string is deprecated in APPPATH\Views\Ebook\v_index.php on line 83.
 1 APPPATH\Views\Ebook\v_index.php(83): strtotime(null)
 2 SYSTEMPATH\View\View.php(234): include('C:\\xampp\\htdocs\\si_ekatalog_ci4\\app\\Views\\Ebook\\v_index.php')
 3 SYSTEMPATH\View\View.php(237): CodeIgniter\View\View->CodeIgniter\View\{closure}()
 4 SYSTEMPATH\Common.php(1171): CodeIgniter\View\View->render('ebook/v_index', [], true)
 5 APPPATH\Views\v_template_admin.php(288): view('ebook/v_index')
 6 SYSTEMPATH\View\View.php(234): include('C:\\xampp\\htdocs\\si_ekatalog_ci4\\app\\Views\\v_template_admin.php')
 7 SYSTEMPATH\View\View.php(237): CodeIgniter\View\View->CodeIgniter\View\{closure}()
 8 SYSTEMPATH\Common.php(1171): CodeIgniter\View\View->render('v_template_admin', [], true)
 9 APPPATH\Controllers\Ebook.php(44): view('v_template_admin', [...])
10 SYSTEMPATH\CodeIgniter.php(933): App\Controllers\Ebook->index()
11 SYSTEMPATH\CodeIgniter.php(509): CodeIgniter\CodeIgniter->runController(Object(App\Controllers\Ebook))
12 SYSTEMPATH\CodeIgniter.php(355): CodeIgniter\CodeIgniter->handleRequest(null, Object(Config\Cache), false)
13 SYSTEMPATH\Boot.php(325): CodeIgniter\CodeIgniter->run()
14 SYSTEMPATH\Boot.php(67): CodeIgniter\Boot::runCodeIgniter(Object(CodeIgniter\CodeIgniter))
15 FCPATH\index.php(56): CodeIgniter\Boot::bootWeb(Object(Config\Paths))
WARNING - 2026-05-13 04:51:32 --> [DEPRECATED] strtotime(): Passing null to parameter #1 ($datetime) of type string is deprecated in APPPATH\Views\Ebook\v_index.php on line 83.
 1 APPPATH\Views\Ebook\v_index.php(83): strtotime(null)
 2 SYSTEMPATH\View\View.php(234): include('C:\\xampp\\htdocs\\si_ekatalog_ci4\\app\\Views\\Ebook\\v_index.php')
 3 SYSTEMPATH\View\View.php(237): CodeIgniter\View\View->CodeIgniter\View\{closure}()
 4 SYSTEMPATH\Common.php(1171): CodeIgniter\View\View->render('ebook/v_index', [], true)
 5 APPPATH\Views\v_template_admin.php(288): view('ebook/v_index')
 6 SYSTEMPATH\View\View.php(234): include('C:\\xampp\\htdocs\\si_ekatalog_ci4\\app\\Views\\v_template_admin.php')
 7 SYSTEMPATH\View\View.php(237): CodeIgniter\View\View->CodeIgniter\View\{closure}()
 8 SYSTEMPATH\Common.php(1171): CodeIgniter\View\View->render('v_template_admin', [], true)
 9 APPPATH\Controllers\Ebook.php(44): view('v_template_admin', [...])
10 SYSTEMPATH\CodeIgniter.php(933): App\Controllers\Ebook->index()
11 SYSTEMPATH\CodeIgniter.php(509): CodeIgniter\CodeIgniter->runController(Object(App\Controllers\Ebook))
12 SYSTEMPATH\CodeIgniter.php(355): CodeIgniter\CodeIgniter->handleRequest(null, Object(Config\Cache), false)
13 SYSTEMPATH\Boot.php(325): CodeIgniter\CodeIgniter->run()
14 SYSTEMPATH\Boot.php(67): CodeIgniter\Boot::runCodeIgniter(Object(CodeIgniter\CodeIgniter))
15 FCPATH\index.php(56): CodeIgniter\Boot::bootWeb(Object(Config\Paths))
WARNING - 2026-05-13 04:51:32 --> [DEPRECATED] strtotime(): Passing null to parameter #1 ($datetime) of type string is deprecated in APPPATH\Views\Ebook\v_index.php on line 83.
 1 APPPATH\Views\Ebook\v_index.php(83): strtotime(null)
 2 SYSTEMPATH\View\View.php(234): include('C:\\xampp\\htdocs\\si_ekatalog_ci4\\app\\Views\\Ebook\\v_index.php')
 3 SYSTEMPATH\View\View.php(237): CodeIgniter\View\View->CodeIgniter\View\{closure}()
 4 SYSTEMPATH\Common.php(1171): CodeIgniter\View\View->render('ebook/v_index', [], true)
 5 APPPATH\Views\v_template_admin.php(288): view('ebook/v_index')
 6 SYSTEMPATH\View\View.php(234): include('C:\\xampp\\htdocs\\si_ekatalog_ci4\\app\\Views\\v_template_admin.php')
 7 SYSTEMPATH\View\View.php(237): CodeIgniter\View\View->CodeIgniter\View\{closure}()
 8 SYSTEMPATH\Common.php(1171): CodeIgniter\View\View->render('v_template_admin', [], true)
 9 APPPATH\Controllers\Ebook.php(44): view('v_template_admin', [...])
10 SYSTEMPATH\CodeIgniter.php(933): App\Controllers\Ebook->index()
11 SYSTEMPATH\CodeIgniter.php(509): CodeIgniter\CodeIgniter->runController(Object(App\Controllers\Ebook))
12 SYSTEMPATH\CodeIgniter.php(355): CodeIgniter\CodeIgniter->handleRequest(null, Object(Config\Cache), false)
13 SYSTEMPATH\Boot.php(325): CodeIgniter\CodeIgniter->run()
14 SYSTEMPATH\Boot.php(67): CodeIgniter\Boot::runCodeIgniter(Object(CodeIgniter\CodeIgniter))
15 FCPATH\index.php(56): CodeIgniter\Boot::bootWeb(Object(Config\Paths))
WARNING - 2026-05-13 04:51:32 --> [DEPRECATED] strtotime(): Passing null to parameter #1 ($datetime) of type string is deprecated in APPPATH\Views\Ebook\v_index.php on line 83.
 1 APPPATH\Views\Ebook\v_index.php(83): strtotime(null)
 2 SYSTEMPATH\View\View.php(234): include('C:\\xampp\\htdocs\\si_ekatalog_ci4\\app\\Views\\Ebook\\v_index.php')
 3 SYSTEMPATH\View\View.php(237): CodeIgniter\View\View->CodeIgniter\View\{closure}()
 4 SYSTEMPATH\Common.php(1171): CodeIgniter\View\View->render('ebook/v_index', [], true)
 5 APPPATH\Views\v_template_admin.php(288): view('ebook/v_index')
 6 SYSTEMPATH\View\View.php(234): include('C:\\xampp\\htdocs\\si_ekatalog_ci4\\app\\Views\\v_template_admin.php')
 7 SYSTEMPATH\View\View.php(237): CodeIgniter\View\View->CodeIgniter\View\{closure}()
 8 SYSTEMPATH\Common.php(1171): CodeIgniter\View\View->render('v_template_admin', [], true)
 9 APPPATH\Controllers\Ebook.php(44): view('v_template_admin', [...])
10 SYSTEMPATH\CodeIgniter.php(933): App\Controllers\Ebook->index()
11 SYSTEMPATH\CodeIgniter.php(509): CodeIgniter\CodeIgniter->runController(Object(App\Controllers\Ebook))
12 SYSTEMPATH\CodeIgniter.php(355): CodeIgniter\CodeIgniter->handleRequest(null, Object(Config\Cache), false)
13 SYSTEMPATH\Boot.php(325): CodeIgniter\CodeIgniter->run()
14 SYSTEMPATH\Boot.php(67): CodeIgniter\Boot::runCodeIgniter(Object(CodeIgniter\CodeIgniter))
15 FCPATH\index.php(56): CodeIgniter\Boot::bootWeb(Object(Config\Paths))
WARNING - 2026-05-13 04:51:32 --> [DEPRECATED] strtotime(): Passing null to parameter #1 ($datetime) of type string is deprecated in APPPATH\Views\Ebook\v_index.php on line 83.
 1 APPPATH\Views\Ebook\v_index.php(83): strtotime(null)
 2 SYSTEMPATH\View\View.php(234): include('C:\\xampp\\htdocs\\si_ekatalog_ci4\\app\\Views\\Ebook\\v_index.php')
 3 SYSTEMPATH\View\View.php(237): CodeIgniter\View\View->CodeIgniter\View\{closure}()
 4 SYSTEMPATH\Common.php(1171): CodeIgniter\View\View->render('ebook/v_index', [], true)
 5 APPPATH\Views\v_template_admin.php(288): view('ebook/v_index')
 6 SYSTEMPATH\View\View.php(234): include('C:\\xampp\\htdocs\\si_ekatalog_ci4\\app\\Views\\v_template_admin.php')
 7 SYSTEMPATH\View\View.php(237): CodeIgniter\View\View->CodeIgniter\View\{closure}()
 8 SYSTEMPATH\Common.php(1171): CodeIgniter\View\View->render('v_template_admin', [], true)
 9 APPPATH\Controllers\Ebook.php(44): view('v_template_admin', [...])
10 SYSTEMPATH\CodeIgniter.php(933): App\Controllers\Ebook->index()
11 SYSTEMPATH\CodeIgniter.php(509): CodeIgniter\CodeIgniter->runController(Object(App\Controllers\Ebook))
12 SYSTEMPATH\CodeIgniter.php(355): CodeIgniter\CodeIgniter->handleRequest(null, Object(Config\Cache), false)
13 SYSTEMPATH\Boot.php(325): CodeIgniter\CodeIgniter->run()
14 SYSTEMPATH\Boot.php(67): CodeIgniter\Boot::runCodeIgniter(Object(CodeIgniter\CodeIgniter))
15 FCPATH\index.php(56): CodeIgniter\Boot::bootWeb(Object(Config\Paths))
WARNING - 2026-05-13 04:51:32 --> [DEPRECATED] strtotime(): Passing null to parameter #1 ($datetime) of type string is deprecated in APPPATH\Views\Ebook\v_index.php on line 83.
 1 APPPATH\Views\Ebook\v_index.php(83): strtotime(null)
 2 SYSTEMPATH\View\View.php(234): include('C:\\xampp\\htdocs\\si_ekatalog_ci4\\app\\Views\\Ebook\\v_index.php')
 3 SYSTEMPATH\View\View.php(237): CodeIgniter\View\View->CodeIgniter\View\{closure}()
 4 SYSTEMPATH\Common.php(1171): CodeIgniter\View\View->render('ebook/v_index', [], true)
 5 APPPATH\Views\v_template_admin.php(288): view('ebook/v_index')
 6 SYSTEMPATH\View\View.php(234): include('C:\\xampp\\htdocs\\si_ekatalog_ci4\\app\\Views\\v_template_admin.php')
 7 SYSTEMPATH\View\View.php(237): CodeIgniter\View\View->CodeIgniter\View\{closure}()
 8 SYSTEMPATH\Common.php(1171): CodeIgniter\View\View->render('v_template_admin', [], true)
 9 APPPATH\Controllers\Ebook.php(44): view('v_template_admin', [...])
10 SYSTEMPATH\CodeIgniter.php(933): App\Controllers\Ebook->index()
11 SYSTEMPATH\CodeIgniter.php(509): CodeIgniter\CodeIgniter->runController(Object(App\Controllers\Ebook))
12 SYSTEMPATH\CodeIgniter.php(355): CodeIgniter\CodeIgniter->handleRequest(null, Object(Config\Cache), false)
13 SYSTEMPATH\Boot.php(325): CodeIgniter\CodeIgniter->run()
14 SYSTEMPATH\Boot.php(67): CodeIgniter\Boot::runCodeIgniter(Object(CodeIgniter\CodeIgniter))
15 FCPATH\index.php(56): CodeIgniter\Boot::bootWeb(Object(Config\Paths))
WARNING - 2026-05-13 04:51:32 --> [DEPRECATED] strtotime(): Passing null to parameter #1 ($datetime) of type string is deprecated in APPPATH\Views\Ebook\v_index.php on line 83.
 1 APPPATH\Views\Ebook\v_index.php(83): strtotime(null)
 2 SYSTEMPATH\View\View.php(234): include('C:\\xampp\\htdocs\\si_ekatalog_ci4\\app\\Views\\Ebook\\v_index.php')
 3 SYSTEMPATH\View\View.php(237): CodeIgniter\View\View->CodeIgniter\View\{closure}()
 4 SYSTEMPATH\Common.php(1171): CodeIgniter\View\View->render('ebook/v_index', [], true)
 5 APPPATH\Views\v_template_admin.php(288): view('ebook/v_index')
 6 SYSTEMPATH\View\View.php(234): include('C:\\xampp\\htdocs\\si_ekatalog_ci4\\app\\Views\\v_template_admin.php')
 7 SYSTEMPATH\View\View.php(237): CodeIgniter\View\View->CodeIgniter\View\{closure}()
 8 SYSTEMPATH\Common.php(1171): CodeIgniter\View\View->render('v_template_admin', [], true)
 9 APPPATH\Controllers\Ebook.php(44): view('v_template_admin', [...])
10 SYSTEMPATH\CodeIgniter.php(933): App\Controllers\Ebook->index()
11 SYSTEMPATH\CodeIgniter.php(509): CodeIgniter\CodeIgniter->runController(Object(App\Controllers\Ebook))
12 SYSTEMPATH\CodeIgniter.php(355): CodeIgniter\CodeIgniter->handleRequest(null, Object(Config\Cache), false)
13 SYSTEMPATH\Boot.php(325): CodeIgniter\CodeIgniter->run()
14 SYSTEMPATH\Boot.php(67): CodeIgniter\Boot::runCodeIgniter(Object(CodeIgniter\CodeIgniter))
15 FCPATH\index.php(56): CodeIgniter\Boot::bootWeb(Object(Config\Paths))
WARNING - 2026-05-13 04:51:32 --> [DEPRECATED] strtotime(): Passing null to parameter #1 ($datetime) of type string is deprecated in APPPATH\Views\Ebook\v_index.php on line 83.
 1 APPPATH\Views\Ebook\v_index.php(83): strtotime(null)
 2 SYSTEMPATH\View\View.php(234): include('C:\\xampp\\htdocs\\si_ekatalog_ci4\\app\\Views\\Ebook\\v_index.php')
 3 SYSTEMPATH\View\View.php(237): CodeIgniter\View\View->CodeIgniter\View\{closure}()
 4 SYSTEMPATH\Common.php(1171): CodeIgniter\View\View->render('ebook/v_index', [], true)
 5 APPPATH\Views\v_template_admin.php(288): view('ebook/v_index')
 6 SYSTEMPATH\View\View.php(234): include('C:\\xampp\\htdocs\\si_ekatalog_ci4\\app\\Views\\v_template_admin.php')
 7 SYSTEMPATH\View\View.php(237): CodeIgniter\View\View->CodeIgniter\View\{closure}()
 8 SYSTEMPATH\Common.php(1171): CodeIgniter\View\View->render('v_template_admin', [], true)
 9 APPPATH\Controllers\Ebook.php(44): view('v_template_admin', [...])
10 SYSTEMPATH\CodeIgniter.php(933): App\Controllers\Ebook->index()
11 SYSTEMPATH\CodeIgniter.php(509): CodeIgniter\CodeIgniter->runController(Object(App\Controllers\Ebook))
12 SYSTEMPATH\CodeIgniter.php(355): CodeIgniter\CodeIgniter->handleRequest(null, Object(Config\Cache), false)
13 SYSTEMPATH\Boot.php(325): CodeIgniter\CodeIgniter->run()
14 SYSTEMPATH\Boot.php(67): CodeIgniter\Boot::runCodeIgniter(Object(CodeIgniter\CodeIgniter))
15 FCPATH\index.php(56): CodeIgniter\Boot::bootWeb(Object(Config\Paths))
INFO - 2026-05-13 04:51:33 --> Session: Class initialized using 'CodeIgniter\Session\Handlers\FileHandler' driver.
WARNING - 2026-05-13 04:51:33 --> [DEPRECATED] strtotime(): Passing null to parameter #1 ($datetime) of type string is deprecated in APPPATH\Views\Ebook\v_index.php on line 83.
 1 APPPATH\Views\Ebook\v_index.php(83): strtotime(null)
 2 SYSTEMPATH\View\View.php(234): include('C:\\xampp\\htdocs\\si_ekatalog_ci4\\app\\Views\\Ebook\\v_index.php')
 3 SYSTEMPATH\View\View.php(237): CodeIgniter\View\View->CodeIgniter\View\{closure}()
 4 SYSTEMPATH\Common.php(1171): CodeIgniter\View\View->render('ebook/v_index', [], true)
 5 APPPATH\Views\v_template_admin.php(288): view('ebook/v_index')
 6 SYSTEMPATH\View\View.php(234): include('C:\\xampp\\htdocs\\si_ekatalog_ci4\\app\\Views\\v_template_admin.php')
 7 SYSTEMPATH\View\View.php(237): CodeIgniter\View\View->CodeIgniter\View\{closure}()
 8 SYSTEMPATH\Common.php(1171): CodeIgniter\View\View->render('v_template_admin', [], true)
 9 APPPATH\Controllers\Ebook.php(44): view('v_template_admin', [...])
10 SYSTEMPATH\CodeIgniter.php(933): App\Controllers\Ebook->index()
11 SYSTEMPATH\CodeIgniter.php(509): CodeIgniter\CodeIgniter->runController(Object(App\Controllers\Ebook))
12 SYSTEMPATH\CodeIgniter.php(355): CodeIgniter\CodeIgniter->handleRequest(null, Object(Config\Cache), false)
13 SYSTEMPATH\Boot.php(325): CodeIgniter\CodeIgniter->run()
14 SYSTEMPATH\Boot.php(67): CodeIgniter\Boot::runCodeIgniter(Object(CodeIgniter\CodeIgniter))
15 FCPATH\index.php(56): CodeIgniter\Boot::bootWeb(Object(Config\Paths))
WARNING - 2026-05-13 04:51:33 --> [DEPRECATED] strtotime(): Passing null to parameter #1 ($datetime) of type string is deprecated in APPPATH\Views\Ebook\v_index.php on line 83.
 1 APPPATH\Views\Ebook\v_index.php(83): strtotime(null)
 2 SYSTEMPATH\View\View.php(234): include('C:\\xampp\\htdocs\\si_ekatalog_ci4\\app\\Views\\Ebook\\v_index.php')
 3 SYSTEMPATH\View\View.php(237): CodeIgniter\View\View->CodeIgniter\View\{closure}()
 4 SYSTEMPATH\Common.php(1171): CodeIgniter\View\View->render('ebook/v_index', [], true)
 5 APPPATH\Views\v_template_admin.php(288): view('ebook/v_index')
 6 SYSTEMPATH\View\View.php(234): include('C:\\xampp\\htdocs\\si_ekatalog_ci4\\app\\Views\\v_template_admin.php')
 7 SYSTEMPATH\View\View.php(237): CodeIgniter\View\View->CodeIgniter\View\{closure}()
 8 SYSTEMPATH\Common.php(1171): CodeIgniter\View\View->render('v_template_admin', [], true)
 9 APPPATH\Controllers\Ebook.php(44): view('v_template_admin', [...])
10 SYSTEMPATH\CodeIgniter.php(933): App\Controllers\Ebook->index()
11 SYSTEMPATH\CodeIgniter.php(509): CodeIgniter\CodeIgniter->runController(Object(App\Controllers\Ebook))
12 SYSTEMPATH\CodeIgniter.php(355): CodeIgniter\CodeIgniter->handleRequest(null, Object(Config\Cache), false)
13 SYSTEMPATH\Boot.php(325): CodeIgniter\CodeIgniter->run()
14 SYSTEMPATH\Boot.php(67): CodeIgniter\Boot::runCodeIgniter(Object(CodeIgniter\CodeIgniter))
15 FCPATH\index.php(56): CodeIgniter\Boot::bootWeb(Object(Config\Paths))
WARNING - 2026-05-13 04:51:33 --> [DEPRECATED] strtotime(): Passing null to parameter #1 ($datetime) of type string is deprecated in APPPATH\Views\Ebook\v_index.php on line 83.
 1 APPPATH\Views\Ebook\v_index.php(83): strtotime(null)
 2 SYSTEMPATH\View\View.php(234): include('C:\\xampp\\htdocs\\si_ekatalog_ci4\\app\\Views\\Ebook\\v_index.php')
 3 SYSTEMPATH\View\View.php(237): CodeIgniter\View\View->CodeIgniter\View\{closure}()
 4 SYSTEMPATH\Common.php(1171): CodeIgniter\View\View->render('ebook/v_index', [], true)
 5 APPPATH\Views\v_template_admin.php(288): view('ebook/v_index')
 6 SYSTEMPATH\View\View.php(234): include('C:\\xampp\\htdocs\\si_ekatalog_ci4\\app\\Views\\v_template_admin.php')
 7 SYSTEMPATH\View\View.php(237): CodeIgniter\View\View->CodeIgniter\View\{closure}()
 8 SYSTEMPATH\Common.php(1171): CodeIgniter\View\View->render('v_template_admin', [], true)
 9 APPPATH\Controllers\Ebook.php(44): view('v_template_admin', [...])
10 SYSTEMPATH\CodeIgniter.php(933): App\Controllers\Ebook->index()
11 SYSTEMPATH\CodeIgniter.php(509): CodeIgniter\CodeIgniter->runController(Object(App\Controllers\Ebook))
12 SYSTEMPATH\CodeIgniter.php(355): CodeIgniter\CodeIgniter->handleRequest(null, Object(Config\Cache), false)
13 SYSTEMPATH\Boot.php(325): CodeIgniter\CodeIgniter->run()
14 SYSTEMPATH\Boot.php(67): CodeIgniter\Boot::runCodeIgniter(Object(CodeIgniter\CodeIgniter))
15 FCPATH\index.php(56): CodeIgniter\Boot::bootWeb(Object(Config\Paths))
WARNING - 2026-05-13 04:51:33 --> [DEPRECATED] strtotime(): Passing null to parameter #1 ($datetime) of type string is deprecated in APPPATH\Views\Ebook\v_index.php on line 83.
 1 APPPATH\Views\Ebook\v_index.php(83): strtotime(null)
 2 SYSTEMPATH\View\View.php(234): include('C:\\xampp\\htdocs\\si_ekatalog_ci4\\app\\Views\\Ebook\\v_index.php')
 3 SYSTEMPATH\View\View.php(237): CodeIgniter\View\View->CodeIgniter\View\{closure}()
 4 SYSTEMPATH\Common.php(1171): CodeIgniter\View\View->render('ebook/v_index', [], true)
 5 APPPATH\Views\v_template_admin.php(288): view('ebook/v_index')
 6 SYSTEMPATH\View\View.php(234): include('C:\\xampp\\htdocs\\si_ekatalog_ci4\\app\\Views\\v_template_admin.php')
 7 SYSTEMPATH\View\View.php(237): CodeIgniter\View\View->CodeIgniter\View\{closure}()
 8 SYSTEMPATH\Common.php(1171): CodeIgniter\View\View->render('v_template_admin', [], true)
 9 APPPATH\Controllers\Ebook.php(44): view('v_template_admin', [...])
10 SYSTEMPATH\CodeIgniter.php(933): App\Controllers\Ebook->index()
11 SYSTEMPATH\CodeIgniter.php(509): CodeIgniter\CodeIgniter->runController(Object(App\Controllers\Ebook))
12 SYSTEMPATH\CodeIgniter.php(355): CodeIgniter\CodeIgniter->handleRequest(null, Object(Config\Cache), false)
13 SYSTEMPATH\Boot.php(325): CodeIgniter\CodeIgniter->run()
14 SYSTEMPATH\Boot.php(67): CodeIgniter\Boot::runCodeIgniter(Object(CodeIgniter\CodeIgniter))
15 FCPATH\index.php(56): CodeIgniter\Boot::bootWeb(Object(Config\Paths))
WARNING - 2026-05-13 04:51:33 --> [DEPRECATED] strtotime(): Passing null to parameter #1 ($datetime) of type string is deprecated in APPPATH\Views\Ebook\v_index.php on line 83.
 1 APPPATH\Views\Ebook\v_index.php(83): strtotime(null)
 2 SYSTEMPATH\View\View.php(234): include('C:\\xampp\\htdocs\\si_ekatalog_ci4\\app\\Views\\Ebook\\v_index.php')
 3 SYSTEMPATH\View\View.php(237): CodeIgniter\View\View->CodeIgniter\View\{closure}()
 4 SYSTEMPATH\Common.php(1171): CodeIgniter\View\View->render('ebook/v_index', [], true)
 5 APPPATH\Views\v_template_admin.php(288): view('ebook/v_index')
 6 SYSTEMPATH\View\View.php(234): include('C:\\xampp\\htdocs\\si_ekatalog_ci4\\app\\Views\\v_template_admin.php')
 7 SYSTEMPATH\View\View.php(237): CodeIgniter\View\View->CodeIgniter\View\{closure}()
 8 SYSTEMPATH\Common.php(1171): CodeIgniter\View\View->render('v_template_admin', [], true)
 9 APPPATH\Controllers\Ebook.php(44): view('v_template_admin', [...])
10 SYSTEMPATH\CodeIgniter.php(933): App\Controllers\Ebook->index()
11 SYSTEMPATH\CodeIgniter.php(509): CodeIgniter\CodeIgniter->runController(Object(App\Controllers\Ebook))
12 SYSTEMPATH\CodeIgniter.php(355): CodeIgniter\CodeIgniter->handleRequest(null, Object(Config\Cache), false)
13 SYSTEMPATH\Boot.php(325): CodeIgniter\CodeIgniter->run()
14 SYSTEMPATH\Boot.php(67): CodeIgniter\Boot::runCodeIgniter(Object(CodeIgniter\CodeIgniter))
15 FCPATH\index.php(56): CodeIgniter\Boot::bootWeb(Object(Config\Paths))
WARNING - 2026-05-13 04:51:33 --> [DEPRECATED] strtotime(): Passing null to parameter #1 ($datetime) of type string is deprecated in APPPATH\Views\Ebook\v_index.php on line 83.
 1 APPPATH\Views\Ebook\v_index.php(83): strtotime(null)
 2 SYSTEMPATH\View\View.php(234): include('C:\\xampp\\htdocs\\si_ekatalog_ci4\\app\\Views\\Ebook\\v_index.php')
 3 SYSTEMPATH\View\View.php(237): CodeIgniter\View\View->CodeIgniter\View\{closure}()
 4 SYSTEMPATH\Common.php(1171): CodeIgniter\View\View->render('ebook/v_index', [], true)
 5 APPPATH\Views\v_template_admin.php(288): view('ebook/v_index')
 6 SYSTEMPATH\View\View.php(234): include('C:\\xampp\\htdocs\\si_ekatalog_ci4\\app\\Views\\v_template_admin.php')
 7 SYSTEMPATH\View\View.php(237): CodeIgniter\View\View->CodeIgniter\View\{closure}()
 8 SYSTEMPATH\Common.php(1171): CodeIgniter\View\View->render('v_template_admin', [], true)
 9 APPPATH\Controllers\Ebook.php(44): view('v_template_admin', [...])
10 SYSTEMPATH\CodeIgniter.php(933): App\Controllers\Ebook->index()
11 SYSTEMPATH\CodeIgniter.php(509): CodeIgniter\CodeIgniter->runController(Object(App\Controllers\Ebook))
12 SYSTEMPATH\CodeIgniter.php(355): CodeIgniter\CodeIgniter->handleRequest(null, Object(Config\Cache), false)
13 SYSTEMPATH\Boot.php(325): CodeIgniter\CodeIgniter->run()
14 SYSTEMPATH\Boot.php(67): CodeIgniter\Boot::runCodeIgniter(Object(CodeIgniter\CodeIgniter))
15 FCPATH\index.php(56): CodeIgniter\Boot::bootWeb(Object(Config\Paths))
WARNING - 2026-05-13 04:51:33 --> [DEPRECATED] strtotime(): Passing null to parameter #1 ($datetime) of type string is deprecated in APPPATH\Views\Ebook\v_index.php on line 83.
 1 APPPATH\Views\Ebook\v_index.php(83): strtotime(null)
 2 SYSTEMPATH\View\View.php(234): include('C:\\xampp\\htdocs\\si_ekatalog_ci4\\app\\Views\\Ebook\\v_index.php')
 3 SYSTEMPATH\View\View.php(237): CodeIgniter\View\View->CodeIgniter\View\{closure}()
 4 SYSTEMPATH\Common.php(1171): CodeIgniter\View\View->render('ebook/v_index', [], true)
 5 APPPATH\Views\v_template_admin.php(288): view('ebook/v_index')
 6 SYSTEMPATH\View\View.php(234): include('C:\\xampp\\htdocs\\si_ekatalog_ci4\\app\\Views\\v_template_admin.php')
 7 SYSTEMPATH\View\View.php(237): CodeIgniter\View\View->CodeIgniter\View\{closure}()
 8 SYSTEMPATH\Common.php(1171): CodeIgniter\View\View->render('v_template_admin', [], true)
 9 APPPATH\Controllers\Ebook.php(44): view('v_template_admin', [...])
10 SYSTEMPATH\CodeIgniter.php(933): App\Controllers\Ebook->index()
11 SYSTEMPATH\CodeIgniter.php(509): CodeIgniter\CodeIgniter->runController(Object(App\Controllers\Ebook))
12 SYSTEMPATH\CodeIgniter.php(355): CodeIgniter\CodeIgniter->handleRequest(null, Object(Config\Cache), false)
13 SYSTEMPATH\Boot.php(325): CodeIgniter\CodeIgniter->run()
14 SYSTEMPATH\Boot.php(67): CodeIgniter\Boot::runCodeIgniter(Object(CodeIgniter\CodeIgniter))
15 FCPATH\index.php(56): CodeIgniter\Boot::bootWeb(Object(Config\Paths))
WARNING - 2026-05-13 04:51:33 --> [DEPRECATED] strtotime(): Passing null to parameter #1 ($datetime) of type string is deprecated in APPPATH\Views\Ebook\v_index.php on line 83.
 1 APPPATH\Views\Ebook\v_index.php(83): strtotime(null)
 2 SYSTEMPATH\View\View.php(234): include('C:\\xampp\\htdocs\\si_ekatalog_ci4\\app\\Views\\Ebook\\v_index.php')
 3 SYSTEMPATH\View\View.php(237): CodeIgniter\View\View->CodeIgniter\View\{closure}()
 4 SYSTEMPATH\Common.php(1171): CodeIgniter\View\View->render('ebook/v_index', [], true)
 5 APPPATH\Views\v_template_admin.php(288): view('ebook/v_index')
 6 SYSTEMPATH\View\View.php(234): include('C:\\xampp\\htdocs\\si_ekatalog_ci4\\app\\Views\\v_template_admin.php')
 7 SYSTEMPATH\View\View.php(237): CodeIgniter\View\View->CodeIgniter\View\{closure}()
 8 SYSTEMPATH\Common.php(1171): CodeIgniter\View\View->render('v_template_admin', [], true)
 9 APPPATH\Controllers\Ebook.php(44): view('v_template_admin', [...])
10 SYSTEMPATH\CodeIgniter.php(933): App\Controllers\Ebook->index()
11 SYSTEMPATH\CodeIgniter.php(509): CodeIgniter\CodeIgniter->runController(Object(App\Controllers\Ebook))
12 SYSTEMPATH\CodeIgniter.php(355): CodeIgniter\CodeIgniter->handleRequest(null, Object(Config\Cache), false)
13 SYSTEMPATH\Boot.php(325): CodeIgniter\CodeIgniter->run()
14 SYSTEMPATH\Boot.php(67): CodeIgniter\Boot::runCodeIgniter(Object(CodeIgniter\CodeIgniter))
15 FCPATH\index.php(56): CodeIgniter\Boot::bootWeb(Object(Config\Paths))
WARNING - 2026-05-13 04:51:33 --> [DEPRECATED] strtotime(): Passing null to parameter #1 ($datetime) of type string is deprecated in APPPATH\Views\Ebook\v_index.php on line 83.
 1 APPPATH\Views\Ebook\v_index.php(83): strtotime(null)
 2 SYSTEMPATH\View\View.php(234): include('C:\\xampp\\htdocs\\si_ekatalog_ci4\\app\\Views\\Ebook\\v_index.php')
 3 SYSTEMPATH\View\View.php(237): CodeIgniter\View\View->CodeIgniter\View\{closure}()
 4 SYSTEMPATH\Common.php(1171): CodeIgniter\View\View->render('ebook/v_index', [], true)
 5 APPPATH\Views\v_template_admin.php(288): view('ebook/v_index')
 6 SYSTEMPATH\View\View.php(234): include('C:\\xampp\\htdocs\\si_ekatalog_ci4\\app\\Views\\v_template_admin.php')
 7 SYSTEMPATH\View\View.php(237): CodeIgniter\View\View->CodeIgniter\View\{closure}()
 8 SYSTEMPATH\Common.php(1171): CodeIgniter\View\View->render('v_template_admin', [], true)
 9 APPPATH\Controllers\Ebook.php(44): view('v_template_admin', [...])
10 SYSTEMPATH\CodeIgniter.php(933): App\Controllers\Ebook->index()
11 SYSTEMPATH\CodeIgniter.php(509): CodeIgniter\CodeIgniter->runController(Object(App\Controllers\Ebook))
12 SYSTEMPATH\CodeIgniter.php(355): CodeIgniter\CodeIgniter->handleRequest(null, Object(Config\Cache), false)
13 SYSTEMPATH\Boot.php(325): CodeIgniter\CodeIgniter->run()
14 SYSTEMPATH\Boot.php(67): CodeIgniter\Boot::runCodeIgniter(Object(CodeIgniter\CodeIgniter))
15 FCPATH\index.php(56): CodeIgniter\Boot::bootWeb(Object(Config\Paths))
WARNING - 2026-05-13 04:51:33 --> [DEPRECATED] strtotime(): Passing null to parameter #1 ($datetime) of type string is deprecated in APPPATH\Views\Ebook\v_index.php on line 83.
 1 APPPATH\Views\Ebook\v_index.php(83): strtotime(null)
 2 SYSTEMPATH\View\View.php(234): include('C:\\xampp\\htdocs\\si_ekatalog_ci4\\app\\Views\\Ebook\\v_index.php')
 3 SYSTEMPATH\View\View.php(237): CodeIgniter\View\View->CodeIgniter\View\{closure}()
 4 SYSTEMPATH\Common.php(1171): CodeIgniter\View\View->render('ebook/v_index', [], true)
 5 APPPATH\Views\v_template_admin.php(288): view('ebook/v_index')
 6 SYSTEMPATH\View\View.php(234): include('C:\\xampp\\htdocs\\si_ekatalog_ci4\\app\\Views\\v_template_admin.php')
 7 SYSTEMPATH\View\View.php(237): CodeIgniter\View\View->CodeIgniter\View\{closure}()
 8 SYSTEMPATH\Common.php(1171): CodeIgniter\View\View->render('v_template_admin', [], true)
 9 APPPATH\Controllers\Ebook.php(44): view('v_template_admin', [...])
10 SYSTEMPATH\CodeIgniter.php(933): App\Controllers\Ebook->index()
11 SYSTEMPATH\CodeIgniter.php(509): CodeIgniter\CodeIgniter->runController(Object(App\Controllers\Ebook))
12 SYSTEMPATH\CodeIgniter.php(355): CodeIgniter\CodeIgniter->handleRequest(null, Object(Config\Cache), false)
13 SYSTEMPATH\Boot.php(325): CodeIgniter\CodeIgniter->run()
14 SYSTEMPATH\Boot.php(67): CodeIgniter\Boot::runCodeIgniter(Object(CodeIgniter\CodeIgniter))
15 FCPATH\index.php(56): CodeIgniter\Boot::bootWeb(Object(Config\Paths))
WARNING - 2026-05-13 04:51:33 --> [DEPRECATED] strtotime(): Passing null to parameter #1 ($datetime) of type string is deprecated in APPPATH\Views\Ebook\v_index.php on line 83.
 1 APPPATH\Views\Ebook\v_index.php(83): strtotime(null)
 2 SYSTEMPATH\View\View.php(234): include('C:\\xampp\\htdocs\\si_ekatalog_ci4\\app\\Views\\Ebook\\v_index.php')
 3 SYSTEMPATH\View\View.php(237): CodeIgniter\View\View->CodeIgniter\View\{closure}()
 4 SYSTEMPATH\Common.php(1171): CodeIgniter\View\View->render('ebook/v_index', [], true)
 5 APPPATH\Views\v_template_admin.php(288): view('ebook/v_index')
 6 SYSTEMPATH\View\View.php(234): include('C:\\xampp\\htdocs\\si_ekatalog_ci4\\app\\Views\\v_template_admin.php')
 7 SYSTEMPATH\View\View.php(237): CodeIgniter\View\View->CodeIgniter\View\{closure}()
 8 SYSTEMPATH\Common.php(1171): CodeIgniter\View\View->render('v_template_admin', [], true)
 9 APPPATH\Controllers\Ebook.php(44): view('v_template_admin', [...])
10 SYSTEMPATH\CodeIgniter.php(933): App\Controllers\Ebook->index()
11 SYSTEMPATH\CodeIgniter.php(509): CodeIgniter\CodeIgniter->runController(Object(App\Controllers\Ebook))
12 SYSTEMPATH\CodeIgniter.php(355): CodeIgniter\CodeIgniter->handleRequest(null, Object(Config\Cache), false)
13 SYSTEMPATH\Boot.php(325): CodeIgniter\CodeIgniter->run()
14 SYSTEMPATH\Boot.php(67): CodeIgniter\Boot::runCodeIgniter(Object(CodeIgniter\CodeIgniter))
15 FCPATH\index.php(56): CodeIgniter\Boot::bootWeb(Object(Config\Paths))
WARNING - 2026-05-13 04:51:33 --> [DEPRECATED] strtotime(): Passing null to parameter #1 ($datetime) of type string is deprecated in APPPATH\Views\Ebook\v_index.php on line 83.
 1 APPPATH\Views\Ebook\v_index.php(83): strtotime(null)
 2 SYSTEMPATH\View\View.php(234): include('C:\\xampp\\htdocs\\si_ekatalog_ci4\\app\\Views\\Ebook\\v_index.php')
 3 SYSTEMPATH\View\View.php(237): CodeIgniter\View\View->CodeIgniter\View\{closure}()
 4 SYSTEMPATH\Common.php(1171): CodeIgniter\View\View->render('ebook/v_index', [], true)
 5 APPPATH\Views\v_template_admin.php(288): view('ebook/v_index')
 6 SYSTEMPATH\View\View.php(234): include('C:\\xampp\\htdocs\\si_ekatalog_ci4\\app\\Views\\v_template_admin.php')
 7 SYSTEMPATH\View\View.php(237): CodeIgniter\View\View->CodeIgniter\View\{closure}()
 8 SYSTEMPATH\Common.php(1171): CodeIgniter\View\View->render('v_template_admin', [], true)
 9 APPPATH\Controllers\Ebook.php(44): view('v_template_admin', [...])
10 SYSTEMPATH\CodeIgniter.php(933): App\Controllers\Ebook->index()
11 SYSTEMPATH\CodeIgniter.php(509): CodeIgniter\CodeIgniter->runController(Object(App\Controllers\Ebook))
12 SYSTEMPATH\CodeIgniter.php(355): CodeIgniter\CodeIgniter->handleRequest(null, Object(Config\Cache), false)
13 SYSTEMPATH\Boot.php(325): CodeIgniter\CodeIgniter->run()
14 SYSTEMPATH\Boot.php(67): CodeIgniter\Boot::runCodeIgniter(Object(CodeIgniter\CodeIgniter))
15 FCPATH\index.php(56): CodeIgniter\Boot::bootWeb(Object(Config\Paths))
WARNING - 2026-05-13 04:51:33 --> [DEPRECATED] strtotime(): Passing null to parameter #1 ($datetime) of type string is deprecated in APPPATH\Views\Ebook\v_index.php on line 83.
 1 APPPATH\Views\Ebook\v_index.php(83): strtotime(null)
 2 SYSTEMPATH\View\View.php(234): include('C:\\xampp\\htdocs\\si_ekatalog_ci4\\app\\Views\\Ebook\\v_index.php')
 3 SYSTEMPATH\View\View.php(237): CodeIgniter\View\View->CodeIgniter\View\{closure}()
 4 SYSTEMPATH\Common.php(1171): CodeIgniter\View\View->render('ebook/v_index', [], true)
 5 APPPATH\Views\v_template_admin.php(288): view('ebook/v_index')
 6 SYSTEMPATH\View\View.php(234): include('C:\\xampp\\htdocs\\si_ekatalog_ci4\\app\\Views\\v_template_admin.php')
 7 SYSTEMPATH\View\View.php(237): CodeIgniter\View\View->CodeIgniter\View\{closure}()
 8 SYSTEMPATH\Common.php(1171): CodeIgniter\View\View->render('v_template_admin', [], true)
 9 APPPATH\Controllers\Ebook.php(44): view('v_template_admin', [...])
10 SYSTEMPATH\CodeIgniter.php(933): App\Controllers\Ebook->index()
11 SYSTEMPATH\CodeIgniter.php(509): CodeIgniter\CodeIgniter->runController(Object(App\Controllers\Ebook))
12 SYSTEMPATH\CodeIgniter.php(355): CodeIgniter\CodeIgniter->handleRequest(null, Object(Config\Cache), false)
13 SYSTEMPATH\Boot.php(325): CodeIgniter\CodeIgniter->run()
14 SYSTEMPATH\Boot.php(67): CodeIgniter\Boot::runCodeIgniter(Object(CodeIgniter\CodeIgniter))
15 FCPATH\index.php(56): CodeIgniter\Boot::bootWeb(Object(Config\Paths))
WARNING - 2026-05-13 04:51:33 --> [DEPRECATED] strtotime(): Passing null to parameter #1 ($datetime) of type string is deprecated in APPPATH\Views\Ebook\v_index.php on line 83.
 1 APPPATH\Views\Ebook\v_index.php(83): strtotime(null)
 2 SYSTEMPATH\View\View.php(234): include('C:\\xampp\\htdocs\\si_ekatalog_ci4\\app\\Views\\Ebook\\v_index.php')
 3 SYSTEMPATH\View\View.php(237): CodeIgniter\View\View->CodeIgniter\View\{closure}()
 4 SYSTEMPATH\Common.php(1171): CodeIgniter\View\View->render('ebook/v_index', [], true)
 5 APPPATH\Views\v_template_admin.php(288): view('ebook/v_index')
 6 SYSTEMPATH\View\View.php(234): include('C:\\xampp\\htdocs\\si_ekatalog_ci4\\app\\Views\\v_template_admin.php')
 7 SYSTEMPATH\View\View.php(237): CodeIgniter\View\View->CodeIgniter\View\{closure}()
 8 SYSTEMPATH\Common.php(1171): CodeIgniter\View\View->render('v_template_admin', [], true)
 9 APPPATH\Controllers\Ebook.php(44): view('v_template_admin', [...])
10 SYSTEMPATH\CodeIgniter.php(933): App\Controllers\Ebook->index()
11 SYSTEMPATH\CodeIgniter.php(509): CodeIgniter\CodeIgniter->runController(Object(App\Controllers\Ebook))
12 SYSTEMPATH\CodeIgniter.php(355): CodeIgniter\CodeIgniter->handleRequest(null, Object(Config\Cache), false)
13 SYSTEMPATH\Boot.php(325): CodeIgniter\CodeIgniter->run()
14 SYSTEMPATH\Boot.php(67): CodeIgniter\Boot::runCodeIgniter(Object(CodeIgniter\CodeIgniter))
15 FCPATH\index.php(56): CodeIgniter\Boot::bootWeb(Object(Config\Paths))
WARNING - 2026-05-13 04:51:33 --> [DEPRECATED] strtotime(): Passing null to parameter #1 ($datetime) of type string is deprecated in APPPATH\Views\Ebook\v_index.php on line 83.
 1 APPPATH\Views\Ebook\v_index.php(83): strtotime(null)
 2 SYSTEMPATH\View\View.php(234): include('C:\\xampp\\htdocs\\si_ekatalog_ci4\\app\\Views\\Ebook\\v_index.php')
 3 SYSTEMPATH\View\View.php(237): CodeIgniter\View\View->CodeIgniter\View\{closure}()
 4 SYSTEMPATH\Common.php(1171): CodeIgniter\View\View->render('ebook/v_index', [], true)
 5 APPPATH\Views\v_template_admin.php(288): view('ebook/v_index')
 6 SYSTEMPATH\View\View.php(234): include('C:\\xampp\\htdocs\\si_ekatalog_ci4\\app\\Views\\v_template_admin.php')
 7 SYSTEMPATH\View\View.php(237): CodeIgniter\View\View->CodeIgniter\View\{closure}()
 8 SYSTEMPATH\Common.php(1171): CodeIgniter\View\View->render('v_template_admin', [], true)
 9 APPPATH\Controllers\Ebook.php(44): view('v_template_admin', [...])
10 SYSTEMPATH\CodeIgniter.php(933): App\Controllers\Ebook->index()
11 SYSTEMPATH\CodeIgniter.php(509): CodeIgniter\CodeIgniter->runController(Object(App\Controllers\Ebook))
12 SYSTEMPATH\CodeIgniter.php(355): CodeIgniter\CodeIgniter->handleRequest(null, Object(Config\Cache), false)
13 SYSTEMPATH\Boot.php(325): CodeIgniter\CodeIgniter->run()
14 SYSTEMPATH\Boot.php(67): CodeIgniter\Boot::runCodeIgniter(Object(CodeIgniter\CodeIgniter))
15 FCPATH\index.php(56): CodeIgniter\Boot::bootWeb(Object(Config\Paths))
WARNING - 2026-05-13 04:51:33 --> [DEPRECATED] strtotime(): Passing null to parameter #1 ($datetime) of type string is deprecated in APPPATH\Views\Ebook\v_index.php on line 83.
 1 APPPATH\Views\Ebook\v_index.php(83): strtotime(null)
 2 SYSTEMPATH\View\View.php(234): include('C:\\xampp\\htdocs\\si_ekatalog_ci4\\app\\Views\\Ebook\\v_index.php')
 3 SYSTEMPATH\View\View.php(237): CodeIgniter\View\View->CodeIgniter\View\{closure}()
 4 SYSTEMPATH\Common.php(1171): CodeIgniter\View\View->render('ebook/v_index', [], true)
 5 APPPATH\Views\v_template_admin.php(288): view('ebook/v_index')
 6 SYSTEMPATH\View\View.php(234): include('C:\\xampp\\htdocs\\si_ekatalog_ci4\\app\\Views\\v_template_admin.php')
 7 SYSTEMPATH\View\View.php(237): CodeIgniter\View\View->CodeIgniter\View\{closure}()
 8 SYSTEMPATH\Common.php(1171): CodeIgniter\View\View->render('v_template_admin', [], true)
 9 APPPATH\Controllers\Ebook.php(44): view('v_template_admin', [...])
10 SYSTEMPATH\CodeIgniter.php(933): App\Controllers\Ebook->index()
11 SYSTEMPATH\CodeIgniter.php(509): CodeIgniter\CodeIgniter->runController(Object(App\Controllers\Ebook))
12 SYSTEMPATH\CodeIgniter.php(355): CodeIgniter\CodeIgniter->handleRequest(null, Object(Config\Cache), false)
13 SYSTEMPATH\Boot.php(325): CodeIgniter\CodeIgniter->run()
14 SYSTEMPATH\Boot.php(67): CodeIgniter\Boot::runCodeIgniter(Object(CodeIgniter\CodeIgniter))
15 FCPATH\index.php(56): CodeIgniter\Boot::bootWeb(Object(Config\Paths))
WARNING - 2026-05-13 04:51:33 --> [DEPRECATED] strtotime(): Passing null to parameter #1 ($datetime) of type string is deprecated in APPPATH\Views\Ebook\v_index.php on line 83.
 1 APPPATH\Views\Ebook\v_index.php(83): strtotime(null)
 2 SYSTEMPATH\View\View.php(234): include('C:\\xampp\\htdocs\\si_ekatalog_ci4\\app\\Views\\Ebook\\v_index.php')
 3 SYSTEMPATH\View\View.php(237): CodeIgniter\View\View->CodeIgniter\View\{closure}()
 4 SYSTEMPATH\Common.php(1171): CodeIgniter\View\View->render('ebook/v_index', [], true)
 5 APPPATH\Views\v_template_admin.php(288): view('ebook/v_index')
 6 SYSTEMPATH\View\View.php(234): include('C:\\xampp\\htdocs\\si_ekatalog_ci4\\app\\Views\\v_template_admin.php')
 7 SYSTEMPATH\View\View.php(237): CodeIgniter\View\View->CodeIgniter\View\{closure}()
 8 SYSTEMPATH\Common.php(1171): CodeIgniter\View\View->render('v_template_admin', [], true)
 9 APPPATH\Controllers\Ebook.php(44): view('v_template_admin', [...])
10 SYSTEMPATH\CodeIgniter.php(933): App\Controllers\Ebook->index()
11 SYSTEMPATH\CodeIgniter.php(509): CodeIgniter\CodeIgniter->runController(Object(App\Controllers\Ebook))
12 SYSTEMPATH\CodeIgniter.php(355): CodeIgniter\CodeIgniter->handleRequest(null, Object(Config\Cache), false)
13 SYSTEMPATH\Boot.php(325): CodeIgniter\CodeIgniter->run()
14 SYSTEMPATH\Boot.php(67): CodeIgniter\Boot::runCodeIgniter(Object(CodeIgniter\CodeIgniter))
15 FCPATH\index.php(56): CodeIgniter\Boot::bootWeb(Object(Config\Paths))
WARNING - 2026-05-13 04:51:33 --> [DEPRECATED] strtotime(): Passing null to parameter #1 ($datetime) of type string is deprecated in APPPATH\Views\Ebook\v_index.php on line 83.
 1 APPPATH\Views\Ebook\v_index.php(83): strtotime(null)
 2 SYSTEMPATH\View\View.php(234): include('C:\\xampp\\htdocs\\si_ekatalog_ci4\\app\\Views\\Ebook\\v_index.php')
 3 SYSTEMPATH\View\View.php(237): CodeIgniter\View\View->CodeIgniter\View\{closure}()
 4 SYSTEMPATH\Common.php(1171): CodeIgniter\View\View->render('ebook/v_index', [], true)
 5 APPPATH\Views\v_template_admin.php(288): view('ebook/v_index')
 6 SYSTEMPATH\View\View.php(234): include('C:\\xampp\\htdocs\\si_ekatalog_ci4\\app\\Views\\v_template_admin.php')
 7 SYSTEMPATH\View\View.php(237): CodeIgniter\View\View->CodeIgniter\View\{closure}()
 8 SYSTEMPATH\Common.php(1171): CodeIgniter\View\View->render('v_template_admin', [], true)
 9 APPPATH\Controllers\Ebook.php(44): view('v_template_admin', [...])
10 SYSTEMPATH\CodeIgniter.php(933): App\Controllers\Ebook->index()
11 SYSTEMPATH\CodeIgniter.php(509): CodeIgniter\CodeIgniter->runController(Object(App\Controllers\Ebook))
12 SYSTEMPATH\CodeIgniter.php(355): CodeIgniter\CodeIgniter->handleRequest(null, Object(Config\Cache), false)
13 SYSTEMPATH\Boot.php(325): CodeIgniter\CodeIgniter->run()
14 SYSTEMPATH\Boot.php(67): CodeIgniter\Boot::runCodeIgniter(Object(CodeIgniter\CodeIgniter))
15 FCPATH\index.php(56): CodeIgniter\Boot::bootWeb(Object(Config\Paths))
WARNING - 2026-05-13 04:51:33 --> [DEPRECATED] strtotime(): Passing null to parameter #1 ($datetime) of type string is deprecated in APPPATH\Views\Ebook\v_index.php on line 83.
 1 APPPATH\Views\Ebook\v_index.php(83): strtotime(null)
 2 SYSTEMPATH\View\View.php(234): include('C:\\xampp\\htdocs\\si_ekatalog_ci4\\app\\Views\\Ebook\\v_index.php')
 3 SYSTEMPATH\View\View.php(237): CodeIgniter\View\View->CodeIgniter\View\{closure}()
 4 SYSTEMPATH\Common.php(1171): CodeIgniter\View\View->render('ebook/v_index', [], true)
 5 APPPATH\Views\v_template_admin.php(288): view('ebook/v_index')
 6 SYSTEMPATH\View\View.php(234): include('C:\\xampp\\htdocs\\si_ekatalog_ci4\\app\\Views\\v_template_admin.php')
 7 SYSTEMPATH\View\View.php(237): CodeIgniter\View\View->CodeIgniter\View\{closure}()
 8 SYSTEMPATH\Common.php(1171): CodeIgniter\View\View->render('v_template_admin', [], true)
 9 APPPATH\Controllers\Ebook.php(44): view('v_template_admin', [...])
10 SYSTEMPATH\CodeIgniter.php(933): App\Controllers\Ebook->index()
11 SYSTEMPATH\CodeIgniter.php(509): CodeIgniter\CodeIgniter->runController(Object(App\Controllers\Ebook))
12 SYSTEMPATH\CodeIgniter.php(355): CodeIgniter\CodeIgniter->handleRequest(null, Object(Config\Cache), false)
13 SYSTEMPATH\Boot.php(325): CodeIgniter\CodeIgniter->run()
14 SYSTEMPATH\Boot.php(67): CodeIgniter\Boot::runCodeIgniter(Object(CodeIgniter\CodeIgniter))
15 FCPATH\index.php(56): CodeIgniter\Boot::bootWeb(Object(Config\Paths))
WARNING - 2026-05-13 04:51:33 --> [DEPRECATED] strtotime(): Passing null to parameter #1 ($datetime) of type string is deprecated in APPPATH\Views\Ebook\v_index.php on line 83.
 1 APPPATH\Views\Ebook\v_index.php(83): strtotime(null)
 2 SYSTEMPATH\View\View.php(234): include('C:\\xampp\\htdocs\\si_ekatalog_ci4\\app\\Views\\Ebook\\v_index.php')
 3 SYSTEMPATH\View\View.php(237): CodeIgniter\View\View->CodeIgniter\View\{closure}()
 4 SYSTEMPATH\Common.php(1171): CodeIgniter\View\View->render('ebook/v_index', [], true)
 5 APPPATH\Views\v_template_admin.php(288): view('ebook/v_index')
 6 SYSTEMPATH\View\View.php(234): include('C:\\xampp\\htdocs\\si_ekatalog_ci4\\app\\Views\\v_template_admin.php')
 7 SYSTEMPATH\View\View.php(237): CodeIgniter\View\View->CodeIgniter\View\{closure}()
 8 SYSTEMPATH\Common.php(1171): CodeIgniter\View\View->render('v_template_admin', [], true)
 9 APPPATH\Controllers\Ebook.php(44): view('v_template_admin', [...])
10 SYSTEMPATH\CodeIgniter.php(933): App\Controllers\Ebook->index()
11 SYSTEMPATH\CodeIgniter.php(509): CodeIgniter\CodeIgniter->runController(Object(App\Controllers\Ebook))
12 SYSTEMPATH\CodeIgniter.php(355): CodeIgniter\CodeIgniter->handleRequest(null, Object(Config\Cache), false)
13 SYSTEMPATH\Boot.php(325): CodeIgniter\CodeIgniter->run()
14 SYSTEMPATH\Boot.php(67): CodeIgniter\Boot::runCodeIgniter(Object(CodeIgniter\CodeIgniter))
15 FCPATH\index.php(56): CodeIgniter\Boot::bootWeb(Object(Config\Paths))
WARNING - 2026-05-13 04:51:33 --> [DEPRECATED] strtotime(): Passing null to parameter #1 ($datetime) of type string is deprecated in APPPATH\Views\Ebook\v_index.php on line 83.
 1 APPPATH\Views\Ebook\v_index.php(83): strtotime(null)
 2 SYSTEMPATH\View\View.php(234): include('C:\\xampp\\htdocs\\si_ekatalog_ci4\\app\\Views\\Ebook\\v_index.php')
 3 SYSTEMPATH\View\View.php(237): CodeIgniter\View\View->CodeIgniter\View\{closure}()
 4 SYSTEMPATH\Common.php(1171): CodeIgniter\View\View->render('ebook/v_index', [], true)
 5 APPPATH\Views\v_template_admin.php(288): view('ebook/v_index')
 6 SYSTEMPATH\View\View.php(234): include('C:\\xampp\\htdocs\\si_ekatalog_ci4\\app\\Views\\v_template_admin.php')
 7 SYSTEMPATH\View\View.php(237): CodeIgniter\View\View->CodeIgniter\View\{closure}()
 8 SYSTEMPATH\Common.php(1171): CodeIgniter\View\View->render('v_template_admin', [], true)
 9 APPPATH\Controllers\Ebook.php(44): view('v_template_admin', [...])
10 SYSTEMPATH\CodeIgniter.php(933): App\Controllers\Ebook->index()
11 SYSTEMPATH\CodeIgniter.php(509): CodeIgniter\CodeIgniter->runController(Object(App\Controllers\Ebook))
12 SYSTEMPATH\CodeIgniter.php(355): CodeIgniter\CodeIgniter->handleRequest(null, Object(Config\Cache), false)
13 SYSTEMPATH\Boot.php(325): CodeIgniter\CodeIgniter->run()
14 SYSTEMPATH\Boot.php(67): CodeIgniter\Boot::runCodeIgniter(Object(CodeIgniter\CodeIgniter))
15 FCPATH\index.php(56): CodeIgniter\Boot::bootWeb(Object(Config\Paths))
WARNING - 2026-05-13 04:51:33 --> [DEPRECATED] strtotime(): Passing null to parameter #1 ($datetime) of type string is deprecated in APPPATH\Views\Ebook\v_index.php on line 83.
 1 APPPATH\Views\Ebook\v_index.php(83): strtotime(null)
 2 SYSTEMPATH\View\View.php(234): include('C:\\xampp\\htdocs\\si_ekatalog_ci4\\app\\Views\\Ebook\\v_index.php')
 3 SYSTEMPATH\View\View.php(237): CodeIgniter\View\View->CodeIgniter\View\{closure}()
 4 SYSTEMPATH\Common.php(1171): CodeIgniter\View\View->render('ebook/v_index', [], true)
 5 APPPATH\Views\v_template_admin.php(288): view('ebook/v_index')
 6 SYSTEMPATH\View\View.php(234): include('C:\\xampp\\htdocs\\si_ekatalog_ci4\\app\\Views\\v_template_admin.php')
 7 SYSTEMPATH\View\View.php(237): CodeIgniter\View\View->CodeIgniter\View\{closure}()
 8 SYSTEMPATH\Common.php(1171): CodeIgniter\View\View->render('v_template_admin', [], true)
 9 APPPATH\Controllers\Ebook.php(44): view('v_template_admin', [...])
10 SYSTEMPATH\CodeIgniter.php(933): App\Controllers\Ebook->index()
11 SYSTEMPATH\CodeIgniter.php(509): CodeIgniter\CodeIgniter->runController(Object(App\Controllers\Ebook))
12 SYSTEMPATH\CodeIgniter.php(355): CodeIgniter\CodeIgniter->handleRequest(null, Object(Config\Cache), false)
13 SYSTEMPATH\Boot.php(325): CodeIgniter\CodeIgniter->run()
14 SYSTEMPATH\Boot.php(67): CodeIgniter\Boot::runCodeIgniter(Object(CodeIgniter\CodeIgniter))
15 FCPATH\index.php(56): CodeIgniter\Boot::bootWeb(Object(Config\Paths))
WARNING - 2026-05-13 04:51:33 --> [DEPRECATED] strtotime(): Passing null to parameter #1 ($datetime) of type string is deprecated in APPPATH\Views\Ebook\v_index.php on line 83.
 1 APPPATH\Views\Ebook\v_index.php(83): strtotime(null)
 2 SYSTEMPATH\View\View.php(234): include('C:\\xampp\\htdocs\\si_ekatalog_ci4\\app\\Views\\Ebook\\v_index.php')
 3 SYSTEMPATH\View\View.php(237): CodeIgniter\View\View->CodeIgniter\View\{closure}()
 4 SYSTEMPATH\Common.php(1171): CodeIgniter\View\View->render('ebook/v_index', [], true)
 5 APPPATH\Views\v_template_admin.php(288): view('ebook/v_index')
 6 SYSTEMPATH\View\View.php(234): include('C:\\xampp\\htdocs\\si_ekatalog_ci4\\app\\Views\\v_template_admin.php')
 7 SYSTEMPATH\View\View.php(237): CodeIgniter\View\View->CodeIgniter\View\{closure}()
 8 SYSTEMPATH\Common.php(1171): CodeIgniter\View\View->render('v_template_admin', [], true)
 9 APPPATH\Controllers\Ebook.php(44): view('v_template_admin', [...])
10 SYSTEMPATH\CodeIgniter.php(933): App\Controllers\Ebook->index()
11 SYSTEMPATH\CodeIgniter.php(509): CodeIgniter\CodeIgniter->runController(Object(App\Controllers\Ebook))
12 SYSTEMPATH\CodeIgniter.php(355): CodeIgniter\CodeIgniter->handleRequest(null, Object(Config\Cache), false)
13 SYSTEMPATH\Boot.php(325): CodeIgniter\CodeIgniter->run()
14 SYSTEMPATH\Boot.php(67): CodeIgniter\Boot::runCodeIgniter(Object(CodeIgniter\CodeIgniter))
15 FCPATH\index.php(56): CodeIgniter\Boot::bootWeb(Object(Config\Paths))
WARNING - 2026-05-13 04:51:33 --> [DEPRECATED] strtotime(): Passing null to parameter #1 ($datetime) of type string is deprecated in APPPATH\Views\Ebook\v_index.php on line 83.
 1 APPPATH\Views\Ebook\v_index.php(83): strtotime(null)
 2 SYSTEMPATH\View\View.php(234): include('C:\\xampp\\htdocs\\si_ekatalog_ci4\\app\\Views\\Ebook\\v_index.php')
 3 SYSTEMPATH\View\View.php(237): CodeIgniter\View\View->CodeIgniter\View\{closure}()
 4 SYSTEMPATH\Common.php(1171): CodeIgniter\View\View->render('ebook/v_index', [], true)
 5 APPPATH\Views\v_template_admin.php(288): view('ebook/v_index')
 6 SYSTEMPATH\View\View.php(234): include('C:\\xampp\\htdocs\\si_ekatalog_ci4\\app\\Views\\v_template_admin.php')
 7 SYSTEMPATH\View\View.php(237): CodeIgniter\View\View->CodeIgniter\View\{closure}()
 8 SYSTEMPATH\Common.php(1171): CodeIgniter\View\View->render('v_template_admin', [], true)
 9 APPPATH\Controllers\Ebook.php(44): view('v_template_admin', [...])
10 SYSTEMPATH\CodeIgniter.php(933): App\Controllers\Ebook->index()
11 SYSTEMPATH\CodeIgniter.php(509): CodeIgniter\CodeIgniter->runController(Object(App\Controllers\Ebook))
12 SYSTEMPATH\CodeIgniter.php(355): CodeIgniter\CodeIgniter->handleRequest(null, Object(Config\Cache), false)
13 SYSTEMPATH\Boot.php(325): CodeIgniter\CodeIgniter->run()
14 SYSTEMPATH\Boot.php(67): CodeIgniter\Boot::runCodeIgniter(Object(CodeIgniter\CodeIgniter))
15 FCPATH\index.php(56): CodeIgniter\Boot::bootWeb(Object(Config\Paths))
WARNING - 2026-05-13 04:51:33 --> [DEPRECATED] strtotime(): Passing null to parameter #1 ($datetime) of type string is deprecated in APPPATH\Views\Ebook\v_index.php on line 83.
 1 APPPATH\Views\Ebook\v_index.php(83): strtotime(null)
 2 SYSTEMPATH\View\View.php(234): include('C:\\xampp\\htdocs\\si_ekatalog_ci4\\app\\Views\\Ebook\\v_index.php')
 3 SYSTEMPATH\View\View.php(237): CodeIgniter\View\View->CodeIgniter\View\{closure}()
 4 SYSTEMPATH\Common.php(1171): CodeIgniter\View\View->render('ebook/v_index', [], true)
 5 APPPATH\Views\v_template_admin.php(288): view('ebook/v_index')
 6 SYSTEMPATH\View\View.php(234): include('C:\\xampp\\htdocs\\si_ekatalog_ci4\\app\\Views\\v_template_admin.php')
 7 SYSTEMPATH\View\View.php(237): CodeIgniter\View\View->CodeIgniter\View\{closure}()
 8 SYSTEMPATH\Common.php(1171): CodeIgniter\View\View->render('v_template_admin', [], true)
 9 APPPATH\Controllers\Ebook.php(44): view('v_template_admin', [...])
10 SYSTEMPATH\CodeIgniter.php(933): App\Controllers\Ebook->index()
11 SYSTEMPATH\CodeIgniter.php(509): CodeIgniter\CodeIgniter->runController(Object(App\Controllers\Ebook))
12 SYSTEMPATH\CodeIgniter.php(355): CodeIgniter\CodeIgniter->handleRequest(null, Object(Config\Cache), false)
13 SYSTEMPATH\Boot.php(325): CodeIgniter\CodeIgniter->run()
14 SYSTEMPATH\Boot.php(67): CodeIgniter\Boot::runCodeIgniter(Object(CodeIgniter\CodeIgniter))
15 FCPATH\index.php(56): CodeIgniter\Boot::bootWeb(Object(Config\Paths))
WARNING - 2026-05-13 04:51:33 --> [DEPRECATED] strtotime(): Passing null to parameter #1 ($datetime) of type string is deprecated in APPPATH\Views\Ebook\v_index.php on line 83.
 1 APPPATH\Views\Ebook\v_index.php(83): strtotime(null)
 2 SYSTEMPATH\View\View.php(234): include('C:\\xampp\\htdocs\\si_ekatalog_ci4\\app\\Views\\Ebook\\v_index.php')
 3 SYSTEMPATH\View\View.php(237): CodeIgniter\View\View->CodeIgniter\View\{closure}()
 4 SYSTEMPATH\Common.php(1171): CodeIgniter\View\View->render('ebook/v_index', [], true)
 5 APPPATH\Views\v_template_admin.php(288): view('ebook/v_index')
 6 SYSTEMPATH\View\View.php(234): include('C:\\xampp\\htdocs\\si_ekatalog_ci4\\app\\Views\\v_template_admin.php')
 7 SYSTEMPATH\View\View.php(237): CodeIgniter\View\View->CodeIgniter\View\{closure}()
 8 SYSTEMPATH\Common.php(1171): CodeIgniter\View\View->render('v_template_admin', [], true)
 9 APPPATH\Controllers\Ebook.php(44): view('v_template_admin', [...])
10 SYSTEMPATH\CodeIgniter.php(933): App\Controllers\Ebook->index()
11 SYSTEMPATH\CodeIgniter.php(509): CodeIgniter\CodeIgniter->runController(Object(App\Controllers\Ebook))
12 SYSTEMPATH\CodeIgniter.php(355): CodeIgniter\CodeIgniter->handleRequest(null, Object(Config\Cache), false)
13 SYSTEMPATH\Boot.php(325): CodeIgniter\CodeIgniter->run()
14 SYSTEMPATH\Boot.php(67): CodeIgniter\Boot::runCodeIgniter(Object(CodeIgniter\CodeIgniter))
15 FCPATH\index.php(56): CodeIgniter\Boot::bootWeb(Object(Config\Paths))
WARNING - 2026-05-13 04:51:33 --> [DEPRECATED] strtotime(): Passing null to parameter #1 ($datetime) of type string is deprecated in APPPATH\Views\Ebook\v_index.php on line 83.
 1 APPPATH\Views\Ebook\v_index.php(83): strtotime(null)
 2 SYSTEMPATH\View\View.php(234): include('C:\\xampp\\htdocs\\si_ekatalog_ci4\\app\\Views\\Ebook\\v_index.php')
 3 SYSTEMPATH\View\View.php(237): CodeIgniter\View\View->CodeIgniter\View\{closure}()
 4 SYSTEMPATH\Common.php(1171): CodeIgniter\View\View->render('ebook/v_index', [], true)
 5 APPPATH\Views\v_template_admin.php(288): view('ebook/v_index')
 6 SYSTEMPATH\View\View.php(234): include('C:\\xampp\\htdocs\\si_ekatalog_ci4\\app\\Views\\v_template_admin.php')
 7 SYSTEMPATH\View\View.php(237): CodeIgniter\View\View->CodeIgniter\View\{closure}()
 8 SYSTEMPATH\Common.php(1171): CodeIgniter\View\View->render('v_template_admin', [], true)
 9 APPPATH\Controllers\Ebook.php(44): view('v_template_admin', [...])
10 SYSTEMPATH\CodeIgniter.php(933): App\Controllers\Ebook->index()
11 SYSTEMPATH\CodeIgniter.php(509): CodeIgniter\CodeIgniter->runController(Object(App\Controllers\Ebook))
12 SYSTEMPATH\CodeIgniter.php(355): CodeIgniter\CodeIgniter->handleRequest(null, Object(Config\Cache), false)
13 SYSTEMPATH\Boot.php(325): CodeIgniter\CodeIgniter->run()
14 SYSTEMPATH\Boot.php(67): CodeIgniter\Boot::runCodeIgniter(Object(CodeIgniter\CodeIgniter))
15 FCPATH\index.php(56): CodeIgniter\Boot::bootWeb(Object(Config\Paths))
WARNING - 2026-05-13 04:51:33 --> [DEPRECATED] strtotime(): Passing null to parameter #1 ($datetime) of type string is deprecated in APPPATH\Views\Ebook\v_index.php on line 83.
 1 APPPATH\Views\Ebook\v_index.php(83): strtotime(null)
 2 SYSTEMPATH\View\View.php(234): include('C:\\xampp\\htdocs\\si_ekatalog_ci4\\app\\Views\\Ebook\\v_index.php')
 3 SYSTEMPATH\View\View.php(237): CodeIgniter\View\View->CodeIgniter\View\{closure}()
 4 SYSTEMPATH\Common.php(1171): CodeIgniter\View\View->render('ebook/v_index', [], true)
 5 APPPATH\Views\v_template_admin.php(288): view('ebook/v_index')
 6 SYSTEMPATH\View\View.php(234): include('C:\\xampp\\htdocs\\si_ekatalog_ci4\\app\\Views\\v_template_admin.php')
 7 SYSTEMPATH\View\View.php(237): CodeIgniter\View\View->CodeIgniter\View\{closure}()
 8 SYSTEMPATH\Common.php(1171): CodeIgniter\View\View->render('v_template_admin', [], true)
 9 APPPATH\Controllers\Ebook.php(44): view('v_template_admin', [...])
10 SYSTEMPATH\CodeIgniter.php(933): App\Controllers\Ebook->index()
11 SYSTEMPATH\CodeIgniter.php(509): CodeIgniter\CodeIgniter->runController(Object(App\Controllers\Ebook))
12 SYSTEMPATH\CodeIgniter.php(355): CodeIgniter\CodeIgniter->handleRequest(null, Object(Config\Cache), false)
13 SYSTEMPATH\Boot.php(325): CodeIgniter\CodeIgniter->run()
14 SYSTEMPATH\Boot.php(67): CodeIgniter\Boot::runCodeIgniter(Object(CodeIgniter\CodeIgniter))
15 FCPATH\index.php(56): CodeIgniter\Boot::bootWeb(Object(Config\Paths))
WARNING - 2026-05-13 04:51:33 --> [DEPRECATED] strtotime(): Passing null to parameter #1 ($datetime) of type string is deprecated in APPPATH\Views\Ebook\v_index.php on line 83.
 1 APPPATH\Views\Ebook\v_index.php(83): strtotime(null)
 2 SYSTEMPATH\View\View.php(234): include('C:\\xampp\\htdocs\\si_ekatalog_ci4\\app\\Views\\Ebook\\v_index.php')
 3 SYSTEMPATH\View\View.php(237): CodeIgniter\View\View->CodeIgniter\View\{closure}()
 4 SYSTEMPATH\Common.php(1171): CodeIgniter\View\View->render('ebook/v_index', [], true)
 5 APPPATH\Views\v_template_admin.php(288): view('ebook/v_index')
 6 SYSTEMPATH\View\View.php(234): include('C:\\xampp\\htdocs\\si_ekatalog_ci4\\app\\Views\\v_template_admin.php')
 7 SYSTEMPATH\View\View.php(237): CodeIgniter\View\View->CodeIgniter\View\{closure}()
 8 SYSTEMPATH\Common.php(1171): CodeIgniter\View\View->render('v_template_admin', [], true)
 9 APPPATH\Controllers\Ebook.php(44): view('v_template_admin', [...])
10 SYSTEMPATH\CodeIgniter.php(933): App\Controllers\Ebook->index()
11 SYSTEMPATH\CodeIgniter.php(509): CodeIgniter\CodeIgniter->runController(Object(App\Controllers\Ebook))
12 SYSTEMPATH\CodeIgniter.php(355): CodeIgniter\CodeIgniter->handleRequest(null, Object(Config\Cache), false)
13 SYSTEMPATH\Boot.php(325): CodeIgniter\CodeIgniter->run()
14 SYSTEMPATH\Boot.php(67): CodeIgniter\Boot::runCodeIgniter(Object(CodeIgniter\CodeIgniter))
15 FCPATH\index.php(56): CodeIgniter\Boot::bootWeb(Object(Config\Paths))
WARNING - 2026-05-13 04:51:33 --> [DEPRECATED] strtotime(): Passing null to parameter #1 ($datetime) of type string is deprecated in APPPATH\Views\Ebook\v_index.php on line 83.
 1 APPPATH\Views\Ebook\v_index.php(83): strtotime(null)
 2 SYSTEMPATH\View\View.php(234): include('C:\\xampp\\htdocs\\si_ekatalog_ci4\\app\\Views\\Ebook\\v_index.php')
 3 SYSTEMPATH\View\View.php(237): CodeIgniter\View\View->CodeIgniter\View\{closure}()
 4 SYSTEMPATH\Common.php(1171): CodeIgniter\View\View->render('ebook/v_index', [], true)
 5 APPPATH\Views\v_template_admin.php(288): view('ebook/v_index')
 6 SYSTEMPATH\View\View.php(234): include('C:\\xampp\\htdocs\\si_ekatalog_ci4\\app\\Views\\v_template_admin.php')
 7 SYSTEMPATH\View\View.php(237): CodeIgniter\View\View->CodeIgniter\View\{closure}()
 8 SYSTEMPATH\Common.php(1171): CodeIgniter\View\View->render('v_template_admin', [], true)
 9 APPPATH\Controllers\Ebook.php(44): view('v_template_admin', [...])
10 SYSTEMPATH\CodeIgniter.php(933): App\Controllers\Ebook->index()
11 SYSTEMPATH\CodeIgniter.php(509): CodeIgniter\CodeIgniter->runController(Object(App\Controllers\Ebook))
12 SYSTEMPATH\CodeIgniter.php(355): CodeIgniter\CodeIgniter->handleRequest(null, Object(Config\Cache), false)
13 SYSTEMPATH\Boot.php(325): CodeIgniter\CodeIgniter->run()
14 SYSTEMPATH\Boot.php(67): CodeIgniter\Boot::runCodeIgniter(Object(CodeIgniter\CodeIgniter))
15 FCPATH\index.php(56): CodeIgniter\Boot::bootWeb(Object(Config\Paths))
WARNING - 2026-05-13 04:51:33 --> [DEPRECATED] strtotime(): Passing null to parameter #1 ($datetime) of type string is deprecated in APPPATH\Views\Ebook\v_index.php on line 83.
 1 APPPATH\Views\Ebook\v_index.php(83): strtotime(null)
 2 SYSTEMPATH\View\View.php(234): include('C:\\xampp\\htdocs\\si_ekatalog_ci4\\app\\Views\\Ebook\\v_index.php')
 3 SYSTEMPATH\View\View.php(237): CodeIgniter\View\View->CodeIgniter\View\{closure}()
 4 SYSTEMPATH\Common.php(1171): CodeIgniter\View\View->render('ebook/v_index', [], true)
 5 APPPATH\Views\v_template_admin.php(288): view('ebook/v_index')
 6 SYSTEMPATH\View\View.php(234): include('C:\\xampp\\htdocs\\si_ekatalog_ci4\\app\\Views\\v_template_admin.php')
 7 SYSTEMPATH\View\View.php(237): CodeIgniter\View\View->CodeIgniter\View\{closure}()
 8 SYSTEMPATH\Common.php(1171): CodeIgniter\View\View->render('v_template_admin', [], true)
 9 APPPATH\Controllers\Ebook.php(44): view('v_template_admin', [...])
10 SYSTEMPATH\CodeIgniter.php(933): App\Controllers\Ebook->index()
11 SYSTEMPATH\CodeIgniter.php(509): CodeIgniter\CodeIgniter->runController(Object(App\Controllers\Ebook))
12 SYSTEMPATH\CodeIgniter.php(355): CodeIgniter\CodeIgniter->handleRequest(null, Object(Config\Cache), false)
13 SYSTEMPATH\Boot.php(325): CodeIgniter\CodeIgniter->run()
14 SYSTEMPATH\Boot.php(67): CodeIgniter\Boot::runCodeIgniter(Object(CodeIgniter\CodeIgniter))
15 FCPATH\index.php(56): CodeIgniter\Boot::bootWeb(Object(Config\Paths))
INFO - 2026-05-13 04:51:36 --> Session: Class initialized using 'CodeIgniter\Session\Handlers\FileHandler' driver.
INFO - 2026-05-13 04:51:37 --> Session: Class initialized using 'CodeIgniter\Session\Handlers\FileHandler' driver.
INFO - 2026-05-13 04:53:30 --> Session: Class initialized using 'CodeIgniter\Session\Handlers\FileHandler' driver.
INFO - 2026-05-13 05:05:08 --> Session: Class initialized using 'CodeIgniter\Session\Handlers\FileHandler' driver.
CRITICAL - 2026-05-13 05:05:08 --> ErrorException: Undefined variable $pengunjung
[Method: GET, Route: Pengunjung/filter]
in APPPATH\Views\pengunjung\v_index.php on line 72.
 1 APPPATH\Views\pengunjung\v_index.php(72): CodeIgniter\Debug\Exceptions->errorHandler(2, 'Undefined variable $pengunjung', 'C:\\xampp\\htdocs\\si_ekatalog_ci4\\app\\Views\\pengunjung\\v_index.php', 72)
 2 SYSTEMPATH\View\View.php(234): include('C:\\xampp\\htdocs\\si_ekatalog_ci4\\app\\Views\\pengunjung\\v_index.php')
 3 SYSTEMPATH\View\View.php(237): CodeIgniter\View\View->CodeIgniter\View\{closure}()
 4 SYSTEMPATH\Common.php(1171): CodeIgniter\View\View->render('pengunjung/v_index', [], true)
 5 APPPATH\Views\v_template_admin.php(288): view('pengunjung/v_index')
 6 SYSTEMPATH\View\View.php(234): include('C:\\xampp\\htdocs\\si_ekatalog_ci4\\app\\Views\\v_template_admin.php')
 7 SYSTEMPATH\View\View.php(237): CodeIgniter\View\View->CodeIgniter\View\{closure}()
 8 SYSTEMPATH\Common.php(1171): CodeIgniter\View\View->render('v_template_admin', [], true)
 9 APPPATH\Controllers\Pengunjung.php(318): view('v_template_admin', [...])
10 SYSTEMPATH\CodeIgniter.php(933): App\Controllers\Pengunjung->Filter()
11 SYSTEMPATH\CodeIgniter.php(509): CodeIgniter\CodeIgniter->runController(Object(App\Controllers\Pengunjung))
12 SYSTEMPATH\CodeIgniter.php(355): CodeIgniter\CodeIgniter->handleRequest(null, Object(Config\Cache), false)
13 SYSTEMPATH\Boot.php(325): CodeIgniter\CodeIgniter->run()
14 SYSTEMPATH\Boot.php(67): CodeIgniter\Boot::runCodeIgniter(Object(CodeIgniter\CodeIgniter))
15 FCPATH\index.php(56): CodeIgniter\Boot::bootWeb(Object(Config\Paths))
INFO - 2026-05-13 05:06:19 --> Session: Class initialized using 'CodeIgniter\Session\Handlers\FileHandler' driver.
CRITICAL - 2026-05-13 05:06:19 --> ErrorException: Undefined variable $pengunjung
[Method: GET, Route: Pengunjung/filter]
in APPPATH\Views\pengunjung\v_index.php on line 72.
 1 APPPATH\Views\pengunjung\v_index.php(72): CodeIgniter\Debug\Exceptions->errorHandler(2, 'Undefined variable $pengunjung', 'C:\\xampp\\htdocs\\si_ekatalog_ci4\\app\\Views\\pengunjung\\v_index.php', 72)
 2 SYSTEMPATH\View\View.php(234): include('C:\\xampp\\htdocs\\si_ekatalog_ci4\\app\\Views\\pengunjung\\v_index.php')
 3 SYSTEMPATH\View\View.php(237): CodeIgniter\View\View->CodeIgniter\View\{closure}()
 4 SYSTEMPATH\Common.php(1171): CodeIgniter\View\View->render('pengunjung/v_index', [], true)
 5 APPPATH\Views\v_template_admin.php(288): view('pengunjung/v_index')
 6 SYSTEMPATH\View\View.php(234): include('C:\\xampp\\htdocs\\si_ekatalog_ci4\\app\\Views\\v_template_admin.php')
 7 SYSTEMPATH\View\View.php(237): CodeIgniter\View\View->CodeIgniter\View\{closure}()
 8 SYSTEMPATH\Common.php(1171): CodeIgniter\View\View->render('v_template_admin', [], true)
 9 APPPATH\Controllers\Pengunjung.php(318): view('v_template_admin', [...])
10 SYSTEMPATH\CodeIgniter.php(933): App\Controllers\Pengunjung->Filter()
11 SYSTEMPATH\CodeIgniter.php(509): CodeIgniter\CodeIgniter->runController(Object(App\Controllers\Pengunjung))
12 SYSTEMPATH\CodeIgniter.php(355): CodeIgniter\CodeIgniter->handleRequest(null, Object(Config\Cache), false)
13 SYSTEMPATH\Boot.php(325): CodeIgniter\CodeIgniter->run()
14 SYSTEMPATH\Boot.php(67): CodeIgniter\Boot::runCodeIgniter(Object(CodeIgniter\CodeIgniter))
15 FCPATH\index.php(56): CodeIgniter\Boot::bootWeb(Object(Config\Paths))
INFO - 2026-05-13 05:08:10 --> Session: Class initialized using 'CodeIgniter\Session\Handlers\FileHandler' driver.
INFO - 2026-05-13 05:08:21 --> Session: Class initialized using 'CodeIgniter\Session\Handlers\FileHandler' driver.
INFO - 2026-05-13 05:08:39 --> Session: Class initialized using 'CodeIgniter\Session\Handlers\FileHandler' driver.
WARNING - 2026-05-13 05:08:39 --> [DEPRECATED] strtotime(): Passing null to parameter #1 ($datetime) of type string is deprecated in APPPATH\Views\Ebook\v_index.php on line 83.
 1 APPPATH\Views\Ebook\v_index.php(83): strtotime(null)
 2 SYSTEMPATH\View\View.php(234): include('C:\\xampp\\htdocs\\si_ekatalog_ci4\\app\\Views\\Ebook\\v_index.php')
 3 SYSTEMPATH\View\View.php(237): CodeIgniter\View\View->CodeIgniter\View\{closure}()
 4 SYSTEMPATH\Common.php(1171): CodeIgniter\View\View->render('ebook/v_index', [], true)
 5 APPPATH\Views\v_template_admin.php(288): view('ebook/v_index')
 6 SYSTEMPATH\View\View.php(234): include('C:\\xampp\\htdocs\\si_ekatalog_ci4\\app\\Views\\v_template_admin.php')
 7 SYSTEMPATH\View\View.php(237): CodeIgniter\View\View->CodeIgniter\View\{closure}()
 8 SYSTEMPATH\Common.php(1171): CodeIgniter\View\View->render('v_template_admin', [], true)
 9 APPPATH\Controllers\Ebook.php(44): view('v_template_admin', [...])
10 SYSTEMPATH\CodeIgniter.php(933): App\Controllers\Ebook->index()
11 SYSTEMPATH\CodeIgniter.php(509): CodeIgniter\CodeIgniter->runController(Object(App\Controllers\Ebook))
12 SYSTEMPATH\CodeIgniter.php(355): CodeIgniter\CodeIgniter->handleRequest(null, Object(Config\Cache), false)
13 SYSTEMPATH\Boot.php(325): CodeIgniter\CodeIgniter->run()
14 SYSTEMPATH\Boot.php(67): CodeIgniter\Boot::runCodeIgniter(Object(CodeIgniter\CodeIgniter))
15 FCPATH\index.php(56): CodeIgniter\Boot::bootWeb(Object(Config\Paths))
WARNING - 2026-05-13 05:08:39 --> [DEPRECATED] strtotime(): Passing null to parameter #1 ($datetime) of type string is deprecated in APPPATH\Views\Ebook\v_index.php on line 83.
 1 APPPATH\Views\Ebook\v_index.php(83): strtotime(null)
 2 SYSTEMPATH\View\View.php(234): include('C:\\xampp\\htdocs\\si_ekatalog_ci4\\app\\Views\\Ebook\\v_index.php')
 3 SYSTEMPATH\View\View.php(237): CodeIgniter\View\View->CodeIgniter\View\{closure}()
 4 SYSTEMPATH\Common.php(1171): CodeIgniter\View\View->render('ebook/v_index', [], true)
 5 APPPATH\Views\v_template_admin.php(288): view('ebook/v_index')
 6 SYSTEMPATH\View\View.php(234): include('C:\\xampp\\htdocs\\si_ekatalog_ci4\\app\\Views\\v_template_admin.php')
 7 SYSTEMPATH\View\View.php(237): CodeIgniter\View\View->CodeIgniter\View\{closure}()
 8 SYSTEMPATH\Common.php(1171): CodeIgniter\View\View->render('v_template_admin', [], true)
 9 APPPATH\Controllers\Ebook.php(44): view('v_template_admin', [...])
10 SYSTEMPATH\CodeIgniter.php(933): App\Controllers\Ebook->index()
11 SYSTEMPATH\CodeIgniter.php(509): CodeIgniter\CodeIgniter->runController(Object(App\Controllers\Ebook))
12 SYSTEMPATH\CodeIgniter.php(355): CodeIgniter\CodeIgniter->handleRequest(null, Object(Config\Cache), false)
13 SYSTEMPATH\Boot.php(325): CodeIgniter\CodeIgniter->run()
14 SYSTEMPATH\Boot.php(67): CodeIgniter\Boot::runCodeIgniter(Object(CodeIgniter\CodeIgniter))
15 FCPATH\index.php(56): CodeIgniter\Boot::bootWeb(Object(Config\Paths))
WARNING - 2026-05-13 05:08:39 --> [DEPRECATED] strtotime(): Passing null to parameter #1 ($datetime) of type string is deprecated in APPPATH\Views\Ebook\v_index.php on line 83.
 1 APPPATH\Views\Ebook\v_index.php(83): strtotime(null)
 2 SYSTEMPATH\View\View.php(234): include('C:\\xampp\\htdocs\\si_ekatalog_ci4\\app\\Views\\Ebook\\v_index.php')
 3 SYSTEMPATH\View\View.php(237): CodeIgniter\View\View->CodeIgniter\View\{closure}()
 4 SYSTEMPATH\Common.php(1171): CodeIgniter\View\View->render('ebook/v_index', [], true)
 5 APPPATH\Views\v_template_admin.php(288): view('ebook/v_index')
 6 SYSTEMPATH\View\View.php(234): include('C:\\xampp\\htdocs\\si_ekatalog_ci4\\app\\Views\\v_template_admin.php')
 7 SYSTEMPATH\View\View.php(237): CodeIgniter\View\View->CodeIgniter\View\{closure}()
 8 SYSTEMPATH\Common.php(1171): CodeIgniter\View\View->render('v_template_admin', [], true)
 9 APPPATH\Controllers\Ebook.php(44): view('v_template_admin', [...])
10 SYSTEMPATH\CodeIgniter.php(933): App\Controllers\Ebook->index()
11 SYSTEMPATH\CodeIgniter.php(509): CodeIgniter\CodeIgniter->runController(Object(App\Controllers\Ebook))
12 SYSTEMPATH\CodeIgniter.php(355): CodeIgniter\CodeIgniter->handleRequest(null, Object(Config\Cache), false)
13 SYSTEMPATH\Boot.php(325): CodeIgniter\CodeIgniter->run()
14 SYSTEMPATH\Boot.php(67): CodeIgniter\Boot::runCodeIgniter(Object(CodeIgniter\CodeIgniter))
15 FCPATH\index.php(56): CodeIgniter\Boot::bootWeb(Object(Config\Paths))
WARNING - 2026-05-13 05:08:39 --> [DEPRECATED] strtotime(): Passing null to parameter #1 ($datetime) of type string is deprecated in APPPATH\Views\Ebook\v_index.php on line 83.
 1 APPPATH\Views\Ebook\v_index.php(83): strtotime(null)
 2 SYSTEMPATH\View\View.php(234): include('C:\\xampp\\htdocs\\si_ekatalog_ci4\\app\\Views\\Ebook\\v_index.php')
 3 SYSTEMPATH\View\View.php(237): CodeIgniter\View\View->CodeIgniter\View\{closure}()
 4 SYSTEMPATH\Common.php(1171): CodeIgniter\View\View->render('ebook/v_index', [], true)
 5 APPPATH\Views\v_template_admin.php(288): view('ebook/v_index')
 6 SYSTEMPATH\View\View.php(234): include('C:\\xampp\\htdocs\\si_ekatalog_ci4\\app\\Views\\v_template_admin.php')
 7 SYSTEMPATH\View\View.php(237): CodeIgniter\View\View->CodeIgniter\View\{closure}()
 8 SYSTEMPATH\Common.php(1171): CodeIgniter\View\View->render('v_template_admin', [], true)
 9 APPPATH\Controllers\Ebook.php(44): view('v_template_admin', [...])
10 SYSTEMPATH\CodeIgniter.php(933): App\Controllers\Ebook->index()
11 SYSTEMPATH\CodeIgniter.php(509): CodeIgniter\CodeIgniter->runController(Object(App\Controllers\Ebook))
12 SYSTEMPATH\CodeIgniter.php(355): CodeIgniter\CodeIgniter->handleRequest(null, Object(Config\Cache), false)
13 SYSTEMPATH\Boot.php(325): CodeIgniter\CodeIgniter->run()
14 SYSTEMPATH\Boot.php(67): CodeIgniter\Boot::runCodeIgniter(Object(CodeIgniter\CodeIgniter))
15 FCPATH\index.php(56): CodeIgniter\Boot::bootWeb(Object(Config\Paths))
WARNING - 2026-05-13 05:08:39 --> [DEPRECATED] strtotime(): Passing null to parameter #1 ($datetime) of type string is deprecated in APPPATH\Views\Ebook\v_index.php on line 83.
 1 APPPATH\Views\Ebook\v_index.php(83): strtotime(null)
 2 SYSTEMPATH\View\View.php(234): include('C:\\xampp\\htdocs\\si_ekatalog_ci4\\app\\Views\\Ebook\\v_index.php')
 3 SYSTEMPATH\View\View.php(237): CodeIgniter\View\View->CodeIgniter\View\{closure}()
 4 SYSTEMPATH\Common.php(1171): CodeIgniter\View\View->render('ebook/v_index', [], true)
 5 APPPATH\Views\v_template_admin.php(288): view('ebook/v_index')
 6 SYSTEMPATH\View\View.php(234): include('C:\\xampp\\htdocs\\si_ekatalog_ci4\\app\\Views\\v_template_admin.php')
 7 SYSTEMPATH\View\View.php(237): CodeIgniter\View\View->CodeIgniter\View\{closure}()
 8 SYSTEMPATH\Common.php(1171): CodeIgniter\View\View->render('v_template_admin', [], true)
 9 APPPATH\Controllers\Ebook.php(44): view('v_template_admin', [...])
10 SYSTEMPATH\CodeIgniter.php(933): App\Controllers\Ebook->index()
11 SYSTEMPATH\CodeIgniter.php(509): CodeIgniter\CodeIgniter->runController(Object(App\Controllers\Ebook))
12 SYSTEMPATH\CodeIgniter.php(355): CodeIgniter\CodeIgniter->handleRequest(null, Object(Config\Cache), false)
13 SYSTEMPATH\Boot.php(325): CodeIgniter\CodeIgniter->run()
14 SYSTEMPATH\Boot.php(67): CodeIgniter\Boot::runCodeIgniter(Object(CodeIgniter\CodeIgniter))
15 FCPATH\index.php(56): CodeIgniter\Boot::bootWeb(Object(Config\Paths))
WARNING - 2026-05-13 05:08:39 --> [DEPRECATED] strtotime(): Passing null to parameter #1 ($datetime) of type string is deprecated in APPPATH\Views\Ebook\v_index.php on line 83.
 1 APPPATH\Views\Ebook\v_index.php(83): strtotime(null)
 2 SYSTEMPATH\View\View.php(234): include('C:\\xampp\\htdocs\\si_ekatalog_ci4\\app\\Views\\Ebook\\v_index.php')
 3 SYSTEMPATH\View\View.php(237): CodeIgniter\View\View->CodeIgniter\View\{closure}()
 4 SYSTEMPATH\Common.php(1171): CodeIgniter\View\View->render('ebook/v_index', [], true)
 5 APPPATH\Views\v_template_admin.php(288): view('ebook/v_index')
 6 SYSTEMPATH\View\View.php(234): include('C:\\xampp\\htdocs\\si_ekatalog_ci4\\app\\Views\\v_template_admin.php')
 7 SYSTEMPATH\View\View.php(237): CodeIgniter\View\View->CodeIgniter\View\{closure}()
 8 SYSTEMPATH\Common.php(1171): CodeIgniter\View\View->render('v_template_admin', [], true)
 9 APPPATH\Controllers\Ebook.php(44): view('v_template_admin', [...])
10 SYSTEMPATH\CodeIgniter.php(933): App\Controllers\Ebook->index()
11 SYSTEMPATH\CodeIgniter.php(509): CodeIgniter\CodeIgniter->runController(Object(App\Controllers\Ebook))
12 SYSTEMPATH\CodeIgniter.php(355): CodeIgniter\CodeIgniter->handleRequest(null, Object(Config\Cache), false)
13 SYSTEMPATH\Boot.php(325): CodeIgniter\CodeIgniter->run()
14 SYSTEMPATH\Boot.php(67): CodeIgniter\Boot::runCodeIgniter(Object(CodeIgniter\CodeIgniter))
15 FCPATH\index.php(56): CodeIgniter\Boot::bootWeb(Object(Config\Paths))
WARNING - 2026-05-13 05:08:39 --> [DEPRECATED] strtotime(): Passing null to parameter #1 ($datetime) of type string is deprecated in APPPATH\Views\Ebook\v_index.php on line 83.
 1 APPPATH\Views\Ebook\v_index.php(83): strtotime(null)
 2 SYSTEMPATH\View\View.php(234): include('C:\\xampp\\htdocs\\si_ekatalog_ci4\\app\\Views\\Ebook\\v_index.php')
 3 SYSTEMPATH\View\View.php(237): CodeIgniter\View\View->CodeIgniter\View\{closure}()
 4 SYSTEMPATH\Common.php(1171): CodeIgniter\View\View->render('ebook/v_index', [], true)
 5 APPPATH\Views\v_template_admin.php(288): view('ebook/v_index')
 6 SYSTEMPATH\View\View.php(234): include('C:\\xampp\\htdocs\\si_ekatalog_ci4\\app\\Views\\v_template_admin.php')
 7 SYSTEMPATH\View\View.php(237): CodeIgniter\View\View->CodeIgniter\View\{closure}()
 8 SYSTEMPATH\Common.php(1171): CodeIgniter\View\View->render('v_template_admin', [], true)
 9 APPPATH\Controllers\Ebook.php(44): view('v_template_admin', [...])
10 SYSTEMPATH\CodeIgniter.php(933): App\Controllers\Ebook->index()
11 SYSTEMPATH\CodeIgniter.php(509): CodeIgniter\CodeIgniter->runController(Object(App\Controllers\Ebook))
12 SYSTEMPATH\CodeIgniter.php(355): CodeIgniter\CodeIgniter->handleRequest(null, Object(Config\Cache), false)
13 SYSTEMPATH\Boot.php(325): CodeIgniter\CodeIgniter->run()
14 SYSTEMPATH\Boot.php(67): CodeIgniter\Boot::runCodeIgniter(Object(CodeIgniter\CodeIgniter))
15 FCPATH\index.php(56): CodeIgniter\Boot::bootWeb(Object(Config\Paths))
WARNING - 2026-05-13 05:08:39 --> [DEPRECATED] strtotime(): Passing null to parameter #1 ($datetime) of type string is deprecated in APPPATH\Views\Ebook\v_index.php on line 83.
 1 APPPATH\Views\Ebook\v_index.php(83): strtotime(null)
 2 SYSTEMPATH\View\View.php(234): include('C:\\xampp\\htdocs\\si_ekatalog_ci4\\app\\Views\\Ebook\\v_index.php')
 3 SYSTEMPATH\View\View.php(237): CodeIgniter\View\View->CodeIgniter\View\{closure}()
 4 SYSTEMPATH\Common.php(1171): CodeIgniter\View\View->render('ebook/v_index', [], true)
 5 APPPATH\Views\v_template_admin.php(288): view('ebook/v_index')
 6 SYSTEMPATH\View\View.php(234): include('C:\\xampp\\htdocs\\si_ekatalog_ci4\\app\\Views\\v_template_admin.php')
 7 SYSTEMPATH\View\View.php(237): CodeIgniter\View\View->CodeIgniter\View\{closure}()
 8 SYSTEMPATH\Common.php(1171): CodeIgniter\View\View->render('v_template_admin', [], true)
 9 APPPATH\Controllers\Ebook.php(44): view('v_template_admin', [...])
10 SYSTEMPATH\CodeIgniter.php(933): App\Controllers\Ebook->index()
11 SYSTEMPATH\CodeIgniter.php(509): CodeIgniter\CodeIgniter->runController(Object(App\Controllers\Ebook))
12 SYSTEMPATH\CodeIgniter.php(355): CodeIgniter\CodeIgniter->handleRequest(null, Object(Config\Cache), false)
13 SYSTEMPATH\Boot.php(325): CodeIgniter\CodeIgniter->run()
14 SYSTEMPATH\Boot.php(67): CodeIgniter\Boot::runCodeIgniter(Object(CodeIgniter\CodeIgniter))
15 FCPATH\index.php(56): CodeIgniter\Boot::bootWeb(Object(Config\Paths))
WARNING - 2026-05-13 05:08:39 --> [DEPRECATED] strtotime(): Passing null to parameter #1 ($datetime) of type string is deprecated in APPPATH\Views\Ebook\v_index.php on line 83.
 1 APPPATH\Views\Ebook\v_index.php(83): strtotime(null)
 2 SYSTEMPATH\View\View.php(234): include('C:\\xampp\\htdocs\\si_ekatalog_ci4\\app\\Views\\Ebook\\v_index.php')
 3 SYSTEMPATH\View\View.php(237): CodeIgniter\View\View->CodeIgniter\View\{closure}()
 4 SYSTEMPATH\Common.php(1171): CodeIgniter\View\View->render('ebook/v_index', [], true)
 5 APPPATH\Views\v_template_admin.php(288): view('ebook/v_index')
 6 SYSTEMPATH\View\View.php(234): include('C:\\xampp\\htdocs\\si_ekatalog_ci4\\app\\Views\\v_template_admin.php')
 7 SYSTEMPATH\View\View.php(237): CodeIgniter\View\View->CodeIgniter\View\{closure}()
 8 SYSTEMPATH\Common.php(1171): CodeIgniter\View\View->render('v_template_admin', [], true)
 9 APPPATH\Controllers\Ebook.php(44): view('v_template_admin', [...])
10 SYSTEMPATH\CodeIgniter.php(933): App\Controllers\Ebook->index()
11 SYSTEMPATH\CodeIgniter.php(509): CodeIgniter\CodeIgniter->runController(Object(App\Controllers\Ebook))
12 SYSTEMPATH\CodeIgniter.php(355): CodeIgniter\CodeIgniter->handleRequest(null, Object(Config\Cache), false)
13 SYSTEMPATH\Boot.php(325): CodeIgniter\CodeIgniter->run()
14 SYSTEMPATH\Boot.php(67): CodeIgniter\Boot::runCodeIgniter(Object(CodeIgniter\CodeIgniter))
15 FCPATH\index.php(56): CodeIgniter\Boot::bootWeb(Object(Config\Paths))
WARNING - 2026-05-13 05:08:39 --> [DEPRECATED] strtotime(): Passing null to parameter #1 ($datetime) of type string is deprecated in APPPATH\Views\Ebook\v_index.php on line 83.
 1 APPPATH\Views\Ebook\v_index.php(83): strtotime(null)
 2 SYSTEMPATH\View\View.php(234): include('C:\\xampp\\htdocs\\si_ekatalog_ci4\\app\\Views\\Ebook\\v_index.php')
 3 SYSTEMPATH\View\View.php(237): CodeIgniter\View\View->CodeIgniter\View\{closure}()
 4 SYSTEMPATH\Common.php(1171): CodeIgniter\View\View->render('ebook/v_index', [], true)
 5 APPPATH\Views\v_template_admin.php(288): view('ebook/v_index')
 6 SYSTEMPATH\View\View.php(234): include('C:\\xampp\\htdocs\\si_ekatalog_ci4\\app\\Views\\v_template_admin.php')
 7 SYSTEMPATH\View\View.php(237): CodeIgniter\View\View->CodeIgniter\View\{closure}()
 8 SYSTEMPATH\Common.php(1171): CodeIgniter\View\View->render('v_template_admin', [], true)
 9 APPPATH\Controllers\Ebook.php(44): view('v_template_admin', [...])
10 SYSTEMPATH\CodeIgniter.php(933): App\Controllers\Ebook->index()
11 SYSTEMPATH\CodeIgniter.php(509): CodeIgniter\CodeIgniter->runController(Object(App\Controllers\Ebook))
12 SYSTEMPATH\CodeIgniter.php(355): CodeIgniter\CodeIgniter->handleRequest(null, Object(Config\Cache), false)
13 SYSTEMPATH\Boot.php(325): CodeIgniter\CodeIgniter->run()
14 SYSTEMPATH\Boot.php(67): CodeIgniter\Boot::runCodeIgniter(Object(CodeIgniter\CodeIgniter))
15 FCPATH\index.php(56): CodeIgniter\Boot::bootWeb(Object(Config\Paths))
WARNING - 2026-05-13 05:08:39 --> [DEPRECATED] strtotime(): Passing null to parameter #1 ($datetime) of type string is deprecated in APPPATH\Views\Ebook\v_index.php on line 83.
 1 APPPATH\Views\Ebook\v_index.php(83): strtotime(null)
 2 SYSTEMPATH\View\View.php(234): include('C:\\xampp\\htdocs\\si_ekatalog_ci4\\app\\Views\\Ebook\\v_index.php')
 3 SYSTEMPATH\View\View.php(237): CodeIgniter\View\View->CodeIgniter\View\{closure}()
 4 SYSTEMPATH\Common.php(1171): CodeIgniter\View\View->render('ebook/v_index', [], true)
 5 APPPATH\Views\v_template_admin.php(288): view('ebook/v_index')
 6 SYSTEMPATH\View\View.php(234): include('C:\\xampp\\htdocs\\si_ekatalog_ci4\\app\\Views\\v_template_admin.php')
 7 SYSTEMPATH\View\View.php(237): CodeIgniter\View\View->CodeIgniter\View\{closure}()
 8 SYSTEMPATH\Common.php(1171): CodeIgniter\View\View->render('v_template_admin', [], true)
 9 APPPATH\Controllers\Ebook.php(44): view('v_template_admin', [...])
10 SYSTEMPATH\CodeIgniter.php(933): App\Controllers\Ebook->index()
11 SYSTEMPATH\CodeIgniter.php(509): CodeIgniter\CodeIgniter->runController(Object(App\Controllers\Ebook))
12 SYSTEMPATH\CodeIgniter.php(355): CodeIgniter\CodeIgniter->handleRequest(null, Object(Config\Cache), false)
13 SYSTEMPATH\Boot.php(325): CodeIgniter\CodeIgniter->run()
14 SYSTEMPATH\Boot.php(67): CodeIgniter\Boot::runCodeIgniter(Object(CodeIgniter\CodeIgniter))
15 FCPATH\index.php(56): CodeIgniter\Boot::bootWeb(Object(Config\Paths))
WARNING - 2026-05-13 05:08:39 --> [DEPRECATED] strtotime(): Passing null to parameter #1 ($datetime) of type string is deprecated in APPPATH\Views\Ebook\v_index.php on line 83.
 1 APPPATH\Views\Ebook\v_index.php(83): strtotime(null)
 2 SYSTEMPATH\View\View.php(234): include('C:\\xampp\\htdocs\\si_ekatalog_ci4\\app\\Views\\Ebook\\v_index.php')
 3 SYSTEMPATH\View\View.php(237): CodeIgniter\View\View->CodeIgniter\View\{closure}()
 4 SYSTEMPATH\Common.php(1171): CodeIgniter\View\View->render('ebook/v_index', [], true)
 5 APPPATH\Views\v_template_admin.php(288): view('ebook/v_index')
 6 SYSTEMPATH\View\View.php(234): include('C:\\xampp\\htdocs\\si_ekatalog_ci4\\app\\Views\\v_template_admin.php')
 7 SYSTEMPATH\View\View.php(237): CodeIgniter\View\View->CodeIgniter\View\{closure}()
 8 SYSTEMPATH\Common.php(1171): CodeIgniter\View\View->render('v_template_admin', [], true)
 9 APPPATH\Controllers\Ebook.php(44): view('v_template_admin', [...])
10 SYSTEMPATH\CodeIgniter.php(933): App\Controllers\Ebook->index()
11 SYSTEMPATH\CodeIgniter.php(509): CodeIgniter\CodeIgniter->runController(Object(App\Controllers\Ebook))
12 SYSTEMPATH\CodeIgniter.php(355): CodeIgniter\CodeIgniter->handleRequest(null, Object(Config\Cache), false)
13 SYSTEMPATH\Boot.php(325): CodeIgniter\CodeIgniter->run()
14 SYSTEMPATH\Boot.php(67): CodeIgniter\Boot::runCodeIgniter(Object(CodeIgniter\CodeIgniter))
15 FCPATH\index.php(56): CodeIgniter\Boot::bootWeb(Object(Config\Paths))
WARNING - 2026-05-13 05:08:39 --> [DEPRECATED] strtotime(): Passing null to parameter #1 ($datetime) of type string is deprecated in APPPATH\Views\Ebook\v_index.php on line 83.
 1 APPPATH\Views\Ebook\v_index.php(83): strtotime(null)
 2 SYSTEMPATH\View\View.php(234): include('C:\\xampp\\htdocs\\si_ekatalog_ci4\\app\\Views\\Ebook\\v_index.php')
 3 SYSTEMPATH\View\View.php(237): CodeIgniter\View\View->CodeIgniter\View\{closure}()
 4 SYSTEMPATH\Common.php(1171): CodeIgniter\View\View->render('ebook/v_index', [], true)
 5 APPPATH\Views\v_template_admin.php(288): view('ebook/v_index')
 6 SYSTEMPATH\View\View.php(234): include('C:\\xampp\\htdocs\\si_ekatalog_ci4\\app\\Views\\v_template_admin.php')
 7 SYSTEMPATH\View\View.php(237): CodeIgniter\View\View->CodeIgniter\View\{closure}()
 8 SYSTEMPATH\Common.php(1171): CodeIgniter\View\View->render('v_template_admin', [], true)
 9 APPPATH\Controllers\Ebook.php(44): view('v_template_admin', [...])
10 SYSTEMPATH\CodeIgniter.php(933): App\Controllers\Ebook->index()
11 SYSTEMPATH\CodeIgniter.php(509): CodeIgniter\CodeIgniter->runController(Object(App\Controllers\Ebook))
12 SYSTEMPATH\CodeIgniter.php(355): CodeIgniter\CodeIgniter->handleRequest(null, Object(Config\Cache), false)
13 SYSTEMPATH\Boot.php(325): CodeIgniter\CodeIgniter->run()
14 SYSTEMPATH\Boot.php(67): CodeIgniter\Boot::runCodeIgniter(Object(CodeIgniter\CodeIgniter))
15 FCPATH\index.php(56): CodeIgniter\Boot::bootWeb(Object(Config\Paths))
WARNING - 2026-05-13 05:08:39 --> [DEPRECATED] strtotime(): Passing null to parameter #1 ($datetime) of type string is deprecated in APPPATH\Views\Ebook\v_index.php on line 83.
 1 APPPATH\Views\Ebook\v_index.php(83): strtotime(null)
 2 SYSTEMPATH\View\View.php(234): include('C:\\xampp\\htdocs\\si_ekatalog_ci4\\app\\Views\\Ebook\\v_index.php')
 3 SYSTEMPATH\View\View.php(237): CodeIgniter\View\View->CodeIgniter\View\{closure}()
 4 SYSTEMPATH\Common.php(1171): CodeIgniter\View\View->render('ebook/v_index', [], true)
 5 APPPATH\Views\v_template_admin.php(288): view('ebook/v_index')
 6 SYSTEMPATH\View\View.php(234): include('C:\\xampp\\htdocs\\si_ekatalog_ci4\\app\\Views\\v_template_admin.php')
 7 SYSTEMPATH\View\View.php(237): CodeIgniter\View\View->CodeIgniter\View\{closure}()
 8 SYSTEMPATH\Common.php(1171): CodeIgniter\View\View->render('v_template_admin', [], true)
 9 APPPATH\Controllers\Ebook.php(44): view('v_template_admin', [...])
10 SYSTEMPATH\CodeIgniter.php(933): App\Controllers\Ebook->index()
11 SYSTEMPATH\CodeIgniter.php(509): CodeIgniter\CodeIgniter->runController(Object(App\Controllers\Ebook))
12 SYSTEMPATH\CodeIgniter.php(355): CodeIgniter\CodeIgniter->handleRequest(null, Object(Config\Cache), false)
13 SYSTEMPATH\Boot.php(325): CodeIgniter\CodeIgniter->run()
14 SYSTEMPATH\Boot.php(67): CodeIgniter\Boot::runCodeIgniter(Object(CodeIgniter\CodeIgniter))
15 FCPATH\index.php(56): CodeIgniter\Boot::bootWeb(Object(Config\Paths))
WARNING - 2026-05-13 05:08:39 --> [DEPRECATED] strtotime(): Passing null to parameter #1 ($datetime) of type string is deprecated in APPPATH\Views\Ebook\v_index.php on line 83.
 1 APPPATH\Views\Ebook\v_index.php(83): strtotime(null)
 2 SYSTEMPATH\View\View.php(234): include('C:\\xampp\\htdocs\\si_ekatalog_ci4\\app\\Views\\Ebook\\v_index.php')
 3 SYSTEMPATH\View\View.php(237): CodeIgniter\View\View->CodeIgniter\View\{closure}()
 4 SYSTEMPATH\Common.php(1171): CodeIgniter\View\View->render('ebook/v_index', [], true)
 5 APPPATH\Views\v_template_admin.php(288): view('ebook/v_index')
 6 SYSTEMPATH\View\View.php(234): include('C:\\xampp\\htdocs\\si_ekatalog_ci4\\app\\Views\\v_template_admin.php')
 7 SYSTEMPATH\View\View.php(237): CodeIgniter\View\View->CodeIgniter\View\{closure}()
 8 SYSTEMPATH\Common.php(1171): CodeIgniter\View\View->render('v_template_admin', [], true)
 9 APPPATH\Controllers\Ebook.php(44): view('v_template_admin', [...])
10 SYSTEMPATH\CodeIgniter.php(933): App\Controllers\Ebook->index()
11 SYSTEMPATH\CodeIgniter.php(509): CodeIgniter\CodeIgniter->runController(Object(App\Controllers\Ebook))
12 SYSTEMPATH\CodeIgniter.php(355): CodeIgniter\CodeIgniter->handleRequest(null, Object(Config\Cache), false)
13 SYSTEMPATH\Boot.php(325): CodeIgniter\CodeIgniter->run()
14 SYSTEMPATH\Boot.php(67): CodeIgniter\Boot::runCodeIgniter(Object(CodeIgniter\CodeIgniter))
15 FCPATH\index.php(56): CodeIgniter\Boot::bootWeb(Object(Config\Paths))
WARNING - 2026-05-13 05:08:39 --> [DEPRECATED] strtotime(): Passing null to parameter #1 ($datetime) of type string is deprecated in APPPATH\Views\Ebook\v_index.php on line 83.
 1 APPPATH\Views\Ebook\v_index.php(83): strtotime(null)
 2 SYSTEMPATH\View\View.php(234): include('C:\\xampp\\htdocs\\si_ekatalog_ci4\\app\\Views\\Ebook\\v_index.php')
 3 SYSTEMPATH\View\View.php(237): CodeIgniter\View\View->CodeIgniter\View\{closure}()
 4 SYSTEMPATH\Common.php(1171): CodeIgniter\View\View->render('ebook/v_index', [], true)
 5 APPPATH\Views\v_template_admin.php(288): view('ebook/v_index')
 6 SYSTEMPATH\View\View.php(234): include('C:\\xampp\\htdocs\\si_ekatalog_ci4\\app\\Views\\v_template_admin.php')
 7 SYSTEMPATH\View\View.php(237): CodeIgniter\View\View->CodeIgniter\View\{closure}()
 8 SYSTEMPATH\Common.php(1171): CodeIgniter\View\View->render('v_template_admin', [], true)
 9 APPPATH\Controllers\Ebook.php(44): view('v_template_admin', [...])
10 SYSTEMPATH\CodeIgniter.php(933): App\Controllers\Ebook->index()
11 SYSTEMPATH\CodeIgniter.php(509): CodeIgniter\CodeIgniter->runController(Object(App\Controllers\Ebook))
12 SYSTEMPATH\CodeIgniter.php(355): CodeIgniter\CodeIgniter->handleRequest(null, Object(Config\Cache), false)
13 SYSTEMPATH\Boot.php(325): CodeIgniter\CodeIgniter->run()
14 SYSTEMPATH\Boot.php(67): CodeIgniter\Boot::runCodeIgniter(Object(CodeIgniter\CodeIgniter))
15 FCPATH\index.php(56): CodeIgniter\Boot::bootWeb(Object(Config\Paths))
WARNING - 2026-05-13 05:08:39 --> [DEPRECATED] strtotime(): Passing null to parameter #1 ($datetime) of type string is deprecated in APPPATH\Views\Ebook\v_index.php on line 83.
 1 APPPATH\Views\Ebook\v_index.php(83): strtotime(null)
 2 SYSTEMPATH\View\View.php(234): include('C:\\xampp\\htdocs\\si_ekatalog_ci4\\app\\Views\\Ebook\\v_index.php')
 3 SYSTEMPATH\View\View.php(237): CodeIgniter\View\View->CodeIgniter\View\{closure}()
 4 SYSTEMPATH\Common.php(1171): CodeIgniter\View\View->render('ebook/v_index', [], true)
 5 APPPATH\Views\v_template_admin.php(288): view('ebook/v_index')
 6 SYSTEMPATH\View\View.php(234): include('C:\\xampp\\htdocs\\si_ekatalog_ci4\\app\\Views\\v_template_admin.php')
 7 SYSTEMPATH\View\View.php(237): CodeIgniter\View\View->CodeIgniter\View\{closure}()
 8 SYSTEMPATH\Common.php(1171): CodeIgniter\View\View->render('v_template_admin', [], true)
 9 APPPATH\Controllers\Ebook.php(44): view('v_template_admin', [...])
10 SYSTEMPATH\CodeIgniter.php(933): App\Controllers\Ebook->index()
11 SYSTEMPATH\CodeIgniter.php(509): CodeIgniter\CodeIgniter->runController(Object(App\Controllers\Ebook))
12 SYSTEMPATH\CodeIgniter.php(355): CodeIgniter\CodeIgniter->handleRequest(null, Object(Config\Cache), false)
13 SYSTEMPATH\Boot.php(325): CodeIgniter\CodeIgniter->run()
14 SYSTEMPATH\Boot.php(67): CodeIgniter\Boot::runCodeIgniter(Object(CodeIgniter\CodeIgniter))
15 FCPATH\index.php(56): CodeIgniter\Boot::bootWeb(Object(Config\Paths))
WARNING - 2026-05-13 05:08:39 --> [DEPRECATED] strtotime(): Passing null to parameter #1 ($datetime) of type string is deprecated in APPPATH\Views\Ebook\v_index.php on line 83.
 1 APPPATH\Views\Ebook\v_index.php(83): strtotime(null)
 2 SYSTEMPATH\View\View.php(234): include('C:\\xampp\\htdocs\\si_ekatalog_ci4\\app\\Views\\Ebook\\v_index.php')
 3 SYSTEMPATH\View\View.php(237): CodeIgniter\View\View->CodeIgniter\View\{closure}()
 4 SYSTEMPATH\Common.php(1171): CodeIgniter\View\View->render('ebook/v_index', [], true)
 5 APPPATH\Views\v_template_admin.php(288): view('ebook/v_index')
 6 SYSTEMPATH\View\View.php(234): include('C:\\xampp\\htdocs\\si_ekatalog_ci4\\app\\Views\\v_template_admin.php')
 7 SYSTEMPATH\View\View.php(237): CodeIgniter\View\View->CodeIgniter\View\{closure}()
 8 SYSTEMPATH\Common.php(1171): CodeIgniter\View\View->render('v_template_admin', [], true)
 9 APPPATH\Controllers\Ebook.php(44): view('v_template_admin', [...])
10 SYSTEMPATH\CodeIgniter.php(933): App\Controllers\Ebook->index()
11 SYSTEMPATH\CodeIgniter.php(509): CodeIgniter\CodeIgniter->runController(Object(App\Controllers\Ebook))
12 SYSTEMPATH\CodeIgniter.php(355): CodeIgniter\CodeIgniter->handleRequest(null, Object(Config\Cache), false)
13 SYSTEMPATH\Boot.php(325): CodeIgniter\CodeIgniter->run()
14 SYSTEMPATH\Boot.php(67): CodeIgniter\Boot::runCodeIgniter(Object(CodeIgniter\CodeIgniter))
15 FCPATH\index.php(56): CodeIgniter\Boot::bootWeb(Object(Config\Paths))
WARNING - 2026-05-13 05:08:39 --> [DEPRECATED] strtotime(): Passing null to parameter #1 ($datetime) of type string is deprecated in APPPATH\Views\Ebook\v_index.php on line 83.
 1 APPPATH\Views\Ebook\v_index.php(83): strtotime(null)
 2 SYSTEMPATH\View\View.php(234): include('C:\\xampp\\htdocs\\si_ekatalog_ci4\\app\\Views\\Ebook\\v_index.php')
 3 SYSTEMPATH\View\View.php(237): CodeIgniter\View\View->CodeIgniter\View\{closure}()
 4 SYSTEMPATH\Common.php(1171): CodeIgniter\View\View->render('ebook/v_index', [], true)
 5 APPPATH\Views\v_template_admin.php(288): view('ebook/v_index')
 6 SYSTEMPATH\View\View.php(234): include('C:\\xampp\\htdocs\\si_ekatalog_ci4\\app\\Views\\v_template_admin.php')
 7 SYSTEMPATH\View\View.php(237): CodeIgniter\View\View->CodeIgniter\View\{closure}()
 8 SYSTEMPATH\Common.php(1171): CodeIgniter\View\View->render('v_template_admin', [], true)
 9 APPPATH\Controllers\Ebook.php(44): view('v_template_admin', [...])
10 SYSTEMPATH\CodeIgniter.php(933): App\Controllers\Ebook->index()
11 SYSTEMPATH\CodeIgniter.php(509): CodeIgniter\CodeIgniter->runController(Object(App\Controllers\Ebook))
12 SYSTEMPATH\CodeIgniter.php(355): CodeIgniter\CodeIgniter->handleRequest(null, Object(Config\Cache), false)
13 SYSTEMPATH\Boot.php(325): CodeIgniter\CodeIgniter->run()
14 SYSTEMPATH\Boot.php(67): CodeIgniter\Boot::runCodeIgniter(Object(CodeIgniter\CodeIgniter))
15 FCPATH\index.php(56): CodeIgniter\Boot::bootWeb(Object(Config\Paths))
WARNING - 2026-05-13 05:08:39 --> [DEPRECATED] strtotime(): Passing null to parameter #1 ($datetime) of type string is deprecated in APPPATH\Views\Ebook\v_index.php on line 83.
 1 APPPATH\Views\Ebook\v_index.php(83): strtotime(null)
 2 SYSTEMPATH\View\View.php(234): include('C:\\xampp\\htdocs\\si_ekatalog_ci4\\app\\Views\\Ebook\\v_index.php')
 3 SYSTEMPATH\View\View.php(237): CodeIgniter\View\View->CodeIgniter\View\{closure}()
 4 SYSTEMPATH\Common.php(1171): CodeIgniter\View\View->render('ebook/v_index', [], true)
 5 APPPATH\Views\v_template_admin.php(288): view('ebook/v_index')
 6 SYSTEMPATH\View\View.php(234): include('C:\\xampp\\htdocs\\si_ekatalog_ci4\\app\\Views\\v_template_admin.php')
 7 SYSTEMPATH\View\View.php(237): CodeIgniter\View\View->CodeIgniter\View\{closure}()
 8 SYSTEMPATH\Common.php(1171): CodeIgniter\View\View->render('v_template_admin', [], true)
 9 APPPATH\Controllers\Ebook.php(44): view('v_template_admin', [...])
10 SYSTEMPATH\CodeIgniter.php(933): App\Controllers\Ebook->index()
11 SYSTEMPATH\CodeIgniter.php(509): CodeIgniter\CodeIgniter->runController(Object(App\Controllers\Ebook))
12 SYSTEMPATH\CodeIgniter.php(355): CodeIgniter\CodeIgniter->handleRequest(null, Object(Config\Cache), false)
13 SYSTEMPATH\Boot.php(325): CodeIgniter\CodeIgniter->run()
14 SYSTEMPATH\Boot.php(67): CodeIgniter\Boot::runCodeIgniter(Object(CodeIgniter\CodeIgniter))
15 FCPATH\index.php(56): CodeIgniter\Boot::bootWeb(Object(Config\Paths))
WARNING - 2026-05-13 05:08:39 --> [DEPRECATED] strtotime(): Passing null to parameter #1 ($datetime) of type string is deprecated in APPPATH\Views\Ebook\v_index.php on line 83.
 1 APPPATH\Views\Ebook\v_index.php(83): strtotime(null)
 2 SYSTEMPATH\View\View.php(234): include('C:\\xampp\\htdocs\\si_ekatalog_ci4\\app\\Views\\Ebook\\v_index.php')
 3 SYSTEMPATH\View\View.php(237): CodeIgniter\View\View->CodeIgniter\View\{closure}()
 4 SYSTEMPATH\Common.php(1171): CodeIgniter\View\View->render('ebook/v_index', [], true)
 5 APPPATH\Views\v_template_admin.php(288): view('ebook/v_index')
 6 SYSTEMPATH\View\View.php(234): include('C:\\xampp\\htdocs\\si_ekatalog_ci4\\app\\Views\\v_template_admin.php')
 7 SYSTEMPATH\View\View.php(237): CodeIgniter\View\View->CodeIgniter\View\{closure}()
 8 SYSTEMPATH\Common.php(1171): CodeIgniter\View\View->render('v_template_admin', [], true)
 9 APPPATH\Controllers\Ebook.php(44): view('v_template_admin', [...])
10 SYSTEMPATH\CodeIgniter.php(933): App\Controllers\Ebook->index()
11 SYSTEMPATH\CodeIgniter.php(509): CodeIgniter\CodeIgniter->runController(Object(App\Controllers\Ebook))
12 SYSTEMPATH\CodeIgniter.php(355): CodeIgniter\CodeIgniter->handleRequest(null, Object(Config\Cache), false)
13 SYSTEMPATH\Boot.php(325): CodeIgniter\CodeIgniter->run()
14 SYSTEMPATH\Boot.php(67): CodeIgniter\Boot::runCodeIgniter(Object(CodeIgniter\CodeIgniter))
15 FCPATH\index.php(56): CodeIgniter\Boot::bootWeb(Object(Config\Paths))
WARNING - 2026-05-13 05:08:39 --> [DEPRECATED] strtotime(): Passing null to parameter #1 ($datetime) of type string is deprecated in APPPATH\Views\Ebook\v_index.php on line 83.
 1 APPPATH\Views\Ebook\v_index.php(83): strtotime(null)
 2 SYSTEMPATH\View\View.php(234): include('C:\\xampp\\htdocs\\si_ekatalog_ci4\\app\\Views\\Ebook\\v_index.php')
 3 SYSTEMPATH\View\View.php(237): CodeIgniter\View\View->CodeIgniter\View\{closure}()
 4 SYSTEMPATH\Common.php(1171): CodeIgniter\View\View->render('ebook/v_index', [], true)
 5 APPPATH\Views\v_template_admin.php(288): view('ebook/v_index')
 6 SYSTEMPATH\View\View.php(234): include('C:\\xampp\\htdocs\\si_ekatalog_ci4\\app\\Views\\v_template_admin.php')
 7 SYSTEMPATH\View\View.php(237): CodeIgniter\View\View->CodeIgniter\View\{closure}()
 8 SYSTEMPATH\Common.php(1171): CodeIgniter\View\View->render('v_template_admin', [], true)
 9 APPPATH\Controllers\Ebook.php(44): view('v_template_admin', [...])
10 SYSTEMPATH\CodeIgniter.php(933): App\Controllers\Ebook->index()
11 SYSTEMPATH\CodeIgniter.php(509): CodeIgniter\CodeIgniter->runController(Object(App\Controllers\Ebook))
12 SYSTEMPATH\CodeIgniter.php(355): CodeIgniter\CodeIgniter->handleRequest(null, Object(Config\Cache), false)
13 SYSTEMPATH\Boot.php(325): CodeIgniter\CodeIgniter->run()
14 SYSTEMPATH\Boot.php(67): CodeIgniter\Boot::runCodeIgniter(Object(CodeIgniter\CodeIgniter))
15 FCPATH\index.php(56): CodeIgniter\Boot::bootWeb(Object(Config\Paths))
WARNING - 2026-05-13 05:08:39 --> [DEPRECATED] strtotime(): Passing null to parameter #1 ($datetime) of type string is deprecated in APPPATH\Views\Ebook\v_index.php on line 83.
 1 APPPATH\Views\Ebook\v_index.php(83): strtotime(null)
 2 SYSTEMPATH\View\View.php(234): include('C:\\xampp\\htdocs\\si_ekatalog_ci4\\app\\Views\\Ebook\\v_index.php')
 3 SYSTEMPATH\View\View.php(237): CodeIgniter\View\View->CodeIgniter\View\{closure}()
 4 SYSTEMPATH\Common.php(1171): CodeIgniter\View\View->render('ebook/v_index', [], true)
 5 APPPATH\Views\v_template_admin.php(288): view('ebook/v_index')
 6 SYSTEMPATH\View\View.php(234): include('C:\\xampp\\htdocs\\si_ekatalog_ci4\\app\\Views\\v_template_admin.php')
 7 SYSTEMPATH\View\View.php(237): CodeIgniter\View\View->CodeIgniter\View\{closure}()
 8 SYSTEMPATH\Common.php(1171): CodeIgniter\View\View->render('v_template_admin', [], true)
 9 APPPATH\Controllers\Ebook.php(44): view('v_template_admin', [...])
10 SYSTEMPATH\CodeIgniter.php(933): App\Controllers\Ebook->index()
11 SYSTEMPATH\CodeIgniter.php(509): CodeIgniter\CodeIgniter->runController(Object(App\Controllers\Ebook))
12 SYSTEMPATH\CodeIgniter.php(355): CodeIgniter\CodeIgniter->handleRequest(null, Object(Config\Cache), false)
13 SYSTEMPATH\Boot.php(325): CodeIgniter\CodeIgniter->run()
14 SYSTEMPATH\Boot.php(67): CodeIgniter\Boot::runCodeIgniter(Object(CodeIgniter\CodeIgniter))
15 FCPATH\index.php(56): CodeIgniter\Boot::bootWeb(Object(Config\Paths))
WARNING - 2026-05-13 05:08:39 --> [DEPRECATED] strtotime(): Passing null to parameter #1 ($datetime) of type string is deprecated in APPPATH\Views\Ebook\v_index.php on line 83.
 1 APPPATH\Views\Ebook\v_index.php(83): strtotime(null)
 2 SYSTEMPATH\View\View.php(234): include('C:\\xampp\\htdocs\\si_ekatalog_ci4\\app\\Views\\Ebook\\v_index.php')
 3 SYSTEMPATH\View\View.php(237): CodeIgniter\View\View->CodeIgniter\View\{closure}()
 4 SYSTEMPATH\Common.php(1171): CodeIgniter\View\View->render('ebook/v_index', [], true)
 5 APPPATH\Views\v_template_admin.php(288): view('ebook/v_index')
 6 SYSTEMPATH\View\View.php(234): include('C:\\xampp\\htdocs\\si_ekatalog_ci4\\app\\Views\\v_template_admin.php')
 7 SYSTEMPATH\View\View.php(237): CodeIgniter\View\View->CodeIgniter\View\{closure}()
 8 SYSTEMPATH\Common.php(1171): CodeIgniter\View\View->render('v_template_admin', [], true)
 9 APPPATH\Controllers\Ebook.php(44): view('v_template_admin', [...])
10 SYSTEMPATH\CodeIgniter.php(933): App\Controllers\Ebook->index()
11 SYSTEMPATH\CodeIgniter.php(509): CodeIgniter\CodeIgniter->runController(Object(App\Controllers\Ebook))
12 SYSTEMPATH\CodeIgniter.php(355): CodeIgniter\CodeIgniter->handleRequest(null, Object(Config\Cache), false)
13 SYSTEMPATH\Boot.php(325): CodeIgniter\CodeIgniter->run()
14 SYSTEMPATH\Boot.php(67): CodeIgniter\Boot::runCodeIgniter(Object(CodeIgniter\CodeIgniter))
15 FCPATH\index.php(56): CodeIgniter\Boot::bootWeb(Object(Config\Paths))
WARNING - 2026-05-13 05:08:39 --> [DEPRECATED] strtotime(): Passing null to parameter #1 ($datetime) of type string is deprecated in APPPATH\Views\Ebook\v_index.php on line 83.
 1 APPPATH\Views\Ebook\v_index.php(83): strtotime(null)
 2 SYSTEMPATH\View\View.php(234): include('C:\\xampp\\htdocs\\si_ekatalog_ci4\\app\\Views\\Ebook\\v_index.php')
 3 SYSTEMPATH\View\View.php(237): CodeIgniter\View\View->CodeIgniter\View\{closure}()
 4 SYSTEMPATH\Common.php(1171): CodeIgniter\View\View->render('ebook/v_index', [], true)
 5 APPPATH\Views\v_template_admin.php(288): view('ebook/v_index')
 6 SYSTEMPATH\View\View.php(234): include('C:\\xampp\\htdocs\\si_ekatalog_ci4\\app\\Views\\v_template_admin.php')
 7 SYSTEMPATH\View\View.php(237): CodeIgniter\View\View->CodeIgniter\View\{closure}()
 8 SYSTEMPATH\Common.php(1171): CodeIgniter\View\View->render('v_template_admin', [], true)
 9 APPPATH\Controllers\Ebook.php(44): view('v_template_admin', [...])
10 SYSTEMPATH\CodeIgniter.php(933): App\Controllers\Ebook->index()
11 SYSTEMPATH\CodeIgniter.php(509): CodeIgniter\CodeIgniter->runController(Object(App\Controllers\Ebook))
12 SYSTEMPATH\CodeIgniter.php(355): CodeIgniter\CodeIgniter->handleRequest(null, Object(Config\Cache), false)
13 SYSTEMPATH\Boot.php(325): CodeIgniter\CodeIgniter->run()
14 SYSTEMPATH\Boot.php(67): CodeIgniter\Boot::runCodeIgniter(Object(CodeIgniter\CodeIgniter))
15 FCPATH\index.php(56): CodeIgniter\Boot::bootWeb(Object(Config\Paths))
WARNING - 2026-05-13 05:08:39 --> [DEPRECATED] strtotime(): Passing null to parameter #1 ($datetime) of type string is deprecated in APPPATH\Views\Ebook\v_index.php on line 83.
 1 APPPATH\Views\Ebook\v_index.php(83): strtotime(null)
 2 SYSTEMPATH\View\View.php(234): include('C:\\xampp\\htdocs\\si_ekatalog_ci4\\app\\Views\\Ebook\\v_index.php')
 3 SYSTEMPATH\View\View.php(237): CodeIgniter\View\View->CodeIgniter\View\{closure}()
 4 SYSTEMPATH\Common.php(1171): CodeIgniter\View\View->render('ebook/v_index', [], true)
 5 APPPATH\Views\v_template_admin.php(288): view('ebook/v_index')
 6 SYSTEMPATH\View\View.php(234): include('C:\\xampp\\htdocs\\si_ekatalog_ci4\\app\\Views\\v_template_admin.php')
 7 SYSTEMPATH\View\View.php(237): CodeIgniter\View\View->CodeIgniter\View\{closure}()
 8 SYSTEMPATH\Common.php(1171): CodeIgniter\View\View->render('v_template_admin', [], true)
 9 APPPATH\Controllers\Ebook.php(44): view('v_template_admin', [...])
10 SYSTEMPATH\CodeIgniter.php(933): App\Controllers\Ebook->index()
11 SYSTEMPATH\CodeIgniter.php(509): CodeIgniter\CodeIgniter->runController(Object(App\Controllers\Ebook))
12 SYSTEMPATH\CodeIgniter.php(355): CodeIgniter\CodeIgniter->handleRequest(null, Object(Config\Cache), false)
13 SYSTEMPATH\Boot.php(325): CodeIgniter\CodeIgniter->run()
14 SYSTEMPATH\Boot.php(67): CodeIgniter\Boot::runCodeIgniter(Object(CodeIgniter\CodeIgniter))
15 FCPATH\index.php(56): CodeIgniter\Boot::bootWeb(Object(Config\Paths))
WARNING - 2026-05-13 05:08:39 --> [DEPRECATED] strtotime(): Passing null to parameter #1 ($datetime) of type string is deprecated in APPPATH\Views\Ebook\v_index.php on line 83.
 1 APPPATH\Views\Ebook\v_index.php(83): strtotime(null)
 2 SYSTEMPATH\View\View.php(234): include('C:\\xampp\\htdocs\\si_ekatalog_ci4\\app\\Views\\Ebook\\v_index.php')
 3 SYSTEMPATH\View\View.php(237): CodeIgniter\View\View->CodeIgniter\View\{closure}()
 4 SYSTEMPATH\Common.php(1171): CodeIgniter\View\View->render('ebook/v_index', [], true)
 5 APPPATH\Views\v_template_admin.php(288): view('ebook/v_index')
 6 SYSTEMPATH\View\View.php(234): include('C:\\xampp\\htdocs\\si_ekatalog_ci4\\app\\Views\\v_template_admin.php')
 7 SYSTEMPATH\View\View.php(237): CodeIgniter\View\View->CodeIgniter\View\{closure}()
 8 SYSTEMPATH\Common.php(1171): CodeIgniter\View\View->render('v_template_admin', [], true)
 9 APPPATH\Controllers\Ebook.php(44): view('v_template_admin', [...])
10 SYSTEMPATH\CodeIgniter.php(933): App\Controllers\Ebook->index()
11 SYSTEMPATH\CodeIgniter.php(509): CodeIgniter\CodeIgniter->runController(Object(App\Controllers\Ebook))
12 SYSTEMPATH\CodeIgniter.php(355): CodeIgniter\CodeIgniter->handleRequest(null, Object(Config\Cache), false)
13 SYSTEMPATH\Boot.php(325): CodeIgniter\CodeIgniter->run()
14 SYSTEMPATH\Boot.php(67): CodeIgniter\Boot::runCodeIgniter(Object(CodeIgniter\CodeIgniter))
15 FCPATH\index.php(56): CodeIgniter\Boot::bootWeb(Object(Config\Paths))
WARNING - 2026-05-13 05:08:39 --> [DEPRECATED] strtotime(): Passing null to parameter #1 ($datetime) of type string is deprecated in APPPATH\Views\Ebook\v_index.php on line 83.
 1 APPPATH\Views\Ebook\v_index.php(83): strtotime(null)
 2 SYSTEMPATH\View\View.php(234): include('C:\\xampp\\htdocs\\si_ekatalog_ci4\\app\\Views\\Ebook\\v_index.php')
 3 SYSTEMPATH\View\View.php(237): CodeIgniter\View\View->CodeIgniter\View\{closure}()
 4 SYSTEMPATH\Common.php(1171): CodeIgniter\View\View->render('ebook/v_index', [], true)
 5 APPPATH\Views\v_template_admin.php(288): view('ebook/v_index')
 6 SYSTEMPATH\View\View.php(234): include('C:\\xampp\\htdocs\\si_ekatalog_ci4\\app\\Views\\v_template_admin.php')
 7 SYSTEMPATH\View\View.php(237): CodeIgniter\View\View->CodeIgniter\View\{closure}()
 8 SYSTEMPATH\Common.php(1171): CodeIgniter\View\View->render('v_template_admin', [], true)
 9 APPPATH\Controllers\Ebook.php(44): view('v_template_admin', [...])
10 SYSTEMPATH\CodeIgniter.php(933): App\Controllers\Ebook->index()
11 SYSTEMPATH\CodeIgniter.php(509): CodeIgniter\CodeIgniter->runController(Object(App\Controllers\Ebook))
12 SYSTEMPATH\CodeIgniter.php(355): CodeIgniter\CodeIgniter->handleRequest(null, Object(Config\Cache), false)
13 SYSTEMPATH\Boot.php(325): CodeIgniter\CodeIgniter->run()
14 SYSTEMPATH\Boot.php(67): CodeIgniter\Boot::runCodeIgniter(Object(CodeIgniter\CodeIgniter))
15 FCPATH\index.php(56): CodeIgniter\Boot::bootWeb(Object(Config\Paths))
WARNING - 2026-05-13 05:08:39 --> [DEPRECATED] strtotime(): Passing null to parameter #1 ($datetime) of type string is deprecated in APPPATH\Views\Ebook\v_index.php on line 83.
 1 APPPATH\Views\Ebook\v_index.php(83): strtotime(null)
 2 SYSTEMPATH\View\View.php(234): include('C:\\xampp\\htdocs\\si_ekatalog_ci4\\app\\Views\\Ebook\\v_index.php')
 3 SYSTEMPATH\View\View.php(237): CodeIgniter\View\View->CodeIgniter\View\{closure}()
 4 SYSTEMPATH\Common.php(1171): CodeIgniter\View\View->render('ebook/v_index', [], true)
 5 APPPATH\Views\v_template_admin.php(288): view('ebook/v_index')
 6 SYSTEMPATH\View\View.php(234): include('C:\\xampp\\htdocs\\si_ekatalog_ci4\\app\\Views\\v_template_admin.php')
 7 SYSTEMPATH\View\View.php(237): CodeIgniter\View\View->CodeIgniter\View\{closure}()
 8 SYSTEMPATH\Common.php(1171): CodeIgniter\View\View->render('v_template_admin', [], true)
 9 APPPATH\Controllers\Ebook.php(44): view('v_template_admin', [...])
10 SYSTEMPATH\CodeIgniter.php(933): App\Controllers\Ebook->index()
11 SYSTEMPATH\CodeIgniter.php(509): CodeIgniter\CodeIgniter->runController(Object(App\Controllers\Ebook))
12 SYSTEMPATH\CodeIgniter.php(355): CodeIgniter\CodeIgniter->handleRequest(null, Object(Config\Cache), false)
13 SYSTEMPATH\Boot.php(325): CodeIgniter\CodeIgniter->run()
14 SYSTEMPATH\Boot.php(67): CodeIgniter\Boot::runCodeIgniter(Object(CodeIgniter\CodeIgniter))
15 FCPATH\index.php(56): CodeIgniter\Boot::bootWeb(Object(Config\Paths))
WARNING - 2026-05-13 05:08:39 --> [DEPRECATED] strtotime(): Passing null to parameter #1 ($datetime) of type string is deprecated in APPPATH\Views\Ebook\v_index.php on line 83.
 1 APPPATH\Views\Ebook\v_index.php(83): strtotime(null)
 2 SYSTEMPATH\View\View.php(234): include('C:\\xampp\\htdocs\\si_ekatalog_ci4\\app\\Views\\Ebook\\v_index.php')
 3 SYSTEMPATH\View\View.php(237): CodeIgniter\View\View->CodeIgniter\View\{closure}()
 4 SYSTEMPATH\Common.php(1171): CodeIgniter\View\View->render('ebook/v_index', [], true)
 5 APPPATH\Views\v_template_admin.php(288): view('ebook/v_index')
 6 SYSTEMPATH\View\View.php(234): include('C:\\xampp\\htdocs\\si_ekatalog_ci4\\app\\Views\\v_template_admin.php')
 7 SYSTEMPATH\View\View.php(237): CodeIgniter\View\View->CodeIgniter\View\{closure}()
 8 SYSTEMPATH\Common.php(1171): CodeIgniter\View\View->render('v_template_admin', [], true)
 9 APPPATH\Controllers\Ebook.php(44): view('v_template_admin', [...])
10 SYSTEMPATH\CodeIgniter.php(933): App\Controllers\Ebook->index()
11 SYSTEMPATH\CodeIgniter.php(509): CodeIgniter\CodeIgniter->runController(Object(App\Controllers\Ebook))
12 SYSTEMPATH\CodeIgniter.php(355): CodeIgniter\CodeIgniter->handleRequest(null, Object(Config\Cache), false)
13 SYSTEMPATH\Boot.php(325): CodeIgniter\CodeIgniter->run()
14 SYSTEMPATH\Boot.php(67): CodeIgniter\Boot::runCodeIgniter(Object(CodeIgniter\CodeIgniter))
15 FCPATH\index.php(56): CodeIgniter\Boot::bootWeb(Object(Config\Paths))
WARNING - 2026-05-13 05:08:39 --> [DEPRECATED] strtotime(): Passing null to parameter #1 ($datetime) of type string is deprecated in APPPATH\Views\Ebook\v_index.php on line 83.
 1 APPPATH\Views\Ebook\v_index.php(83): strtotime(null)
 2 SYSTEMPATH\View\View.php(234): include('C:\\xampp\\htdocs\\si_ekatalog_ci4\\app\\Views\\Ebook\\v_index.php')
 3 SYSTEMPATH\View\View.php(237): CodeIgniter\View\View->CodeIgniter\View\{closure}()
 4 SYSTEMPATH\Common.php(1171): CodeIgniter\View\View->render('ebook/v_index', [], true)
 5 APPPATH\Views\v_template_admin.php(288): view('ebook/v_index')
 6 SYSTEMPATH\View\View.php(234): include('C:\\xampp\\htdocs\\si_ekatalog_ci4\\app\\Views\\v_template_admin.php')
 7 SYSTEMPATH\View\View.php(237): CodeIgniter\View\View->CodeIgniter\View\{closure}()
 8 SYSTEMPATH\Common.php(1171): CodeIgniter\View\View->render('v_template_admin', [], true)
 9 APPPATH\Controllers\Ebook.php(44): view('v_template_admin', [...])
10 SYSTEMPATH\CodeIgniter.php(933): App\Controllers\Ebook->index()
11 SYSTEMPATH\CodeIgniter.php(509): CodeIgniter\CodeIgniter->runController(Object(App\Controllers\Ebook))
12 SYSTEMPATH\CodeIgniter.php(355): CodeIgniter\CodeIgniter->handleRequest(null, Object(Config\Cache), false)
13 SYSTEMPATH\Boot.php(325): CodeIgniter\CodeIgniter->run()
14 SYSTEMPATH\Boot.php(67): CodeIgniter\Boot::runCodeIgniter(Object(CodeIgniter\CodeIgniter))
15 FCPATH\index.php(56): CodeIgniter\Boot::bootWeb(Object(Config\Paths))
INFO - 2026-05-13 05:17:22 --> Session: Class initialized using 'CodeIgniter\Session\Handlers\FileHandler' driver.
WARNING - 2026-05-13 05:17:22 --> [DEPRECATED] strtotime(): Passing null to parameter #1 ($datetime) of type string is deprecated in APPPATH\Views\Ebook\v_index.php on line 83.
 1 APPPATH\Views\Ebook\v_index.php(83): strtotime(null)
 2 SYSTEMPATH\View\View.php(234): include('C:\\xampp\\htdocs\\si_ekatalog_ci4\\app\\Views\\Ebook\\v_index.php')
 3 SYSTEMPATH\View\View.php(237): CodeIgniter\View\View->CodeIgniter\View\{closure}()
 4 SYSTEMPATH\Common.php(1171): CodeIgniter\View\View->render('ebook/v_index', [], true)
 5 APPPATH\Views\v_template_admin.php(288): view('ebook/v_index')
 6 SYSTEMPATH\View\View.php(234): include('C:\\xampp\\htdocs\\si_ekatalog_ci4\\app\\Views\\v_template_admin.php')
 7 SYSTEMPATH\View\View.php(237): CodeIgniter\View\View->CodeIgniter\View\{closure}()
 8 SYSTEMPATH\Common.php(1171): CodeIgniter\View\View->render('v_template_admin', [], true)
 9 APPPATH\Controllers\Ebook.php(44): view('v_template_admin', [...])
10 SYSTEMPATH\CodeIgniter.php(933): App\Controllers\Ebook->index()
11 SYSTEMPATH\CodeIgniter.php(509): CodeIgniter\CodeIgniter->runController(Object(App\Controllers\Ebook))
12 SYSTEMPATH\CodeIgniter.php(355): CodeIgniter\CodeIgniter->handleRequest(null, Object(Config\Cache), false)
13 SYSTEMPATH\Boot.php(325): CodeIgniter\CodeIgniter->run()
14 SYSTEMPATH\Boot.php(67): CodeIgniter\Boot::runCodeIgniter(Object(CodeIgniter\CodeIgniter))
15 FCPATH\index.php(56): CodeIgniter\Boot::bootWeb(Object(Config\Paths))
WARNING - 2026-05-13 05:17:22 --> [DEPRECATED] strtotime(): Passing null to parameter #1 ($datetime) of type string is deprecated in APPPATH\Views\Ebook\v_index.php on line 83.
 1 APPPATH\Views\Ebook\v_index.php(83): strtotime(null)
 2 SYSTEMPATH\View\View.php(234): include('C:\\xampp\\htdocs\\si_ekatalog_ci4\\app\\Views\\Ebook\\v_index.php')
 3 SYSTEMPATH\View\View.php(237): CodeIgniter\View\View->CodeIgniter\View\{closure}()
 4 SYSTEMPATH\Common.php(1171): CodeIgniter\View\View->render('ebook/v_index', [], true)
 5 APPPATH\Views\v_template_admin.php(288): view('ebook/v_index')
 6 SYSTEMPATH\View\View.php(234): include('C:\\xampp\\htdocs\\si_ekatalog_ci4\\app\\Views\\v_template_admin.php')
 7 SYSTEMPATH\View\View.php(237): CodeIgniter\View\View->CodeIgniter\View\{closure}()
 8 SYSTEMPATH\Common.php(1171): CodeIgniter\View\View->render('v_template_admin', [], true)
 9 APPPATH\Controllers\Ebook.php(44): view('v_template_admin', [...])
10 SYSTEMPATH\CodeIgniter.php(933): App\Controllers\Ebook->index()
11 SYSTEMPATH\CodeIgniter.php(509): CodeIgniter\CodeIgniter->runController(Object(App\Controllers\Ebook))
12 SYSTEMPATH\CodeIgniter.php(355): CodeIgniter\CodeIgniter->handleRequest(null, Object(Config\Cache), false)
13 SYSTEMPATH\Boot.php(325): CodeIgniter\CodeIgniter->run()
14 SYSTEMPATH\Boot.php(67): CodeIgniter\Boot::runCodeIgniter(Object(CodeIgniter\CodeIgniter))
15 FCPATH\index.php(56): CodeIgniter\Boot::bootWeb(Object(Config\Paths))
WARNING - 2026-05-13 05:17:22 --> [DEPRECATED] strtotime(): Passing null to parameter #1 ($datetime) of type string is deprecated in APPPATH\Views\Ebook\v_index.php on line 83.
 1 APPPATH\Views\Ebook\v_index.php(83): strtotime(null)
 2 SYSTEMPATH\View\View.php(234): include('C:\\xampp\\htdocs\\si_ekatalog_ci4\\app\\Views\\Ebook\\v_index.php')
 3 SYSTEMPATH\View\View.php(237): CodeIgniter\View\View->CodeIgniter\View\{closure}()
 4 SYSTEMPATH\Common.php(1171): CodeIgniter\View\View->render('ebook/v_index', [], true)
 5 APPPATH\Views\v_template_admin.php(288): view('ebook/v_index')
 6 SYSTEMPATH\View\View.php(234): include('C:\\xampp\\htdocs\\si_ekatalog_ci4\\app\\Views\\v_template_admin.php')
 7 SYSTEMPATH\View\View.php(237): CodeIgniter\View\View->CodeIgniter\View\{closure}()
 8 SYSTEMPATH\Common.php(1171): CodeIgniter\View\View->render('v_template_admin', [], true)
 9 APPPATH\Controllers\Ebook.php(44): view('v_template_admin', [...])
10 SYSTEMPATH\CodeIgniter.php(933): App\Controllers\Ebook->index()
11 SYSTEMPATH\CodeIgniter.php(509): CodeIgniter\CodeIgniter->runController(Object(App\Controllers\Ebook))
12 SYSTEMPATH\CodeIgniter.php(355): CodeIgniter\CodeIgniter->handleRequest(null, Object(Config\Cache), false)
13 SYSTEMPATH\Boot.php(325): CodeIgniter\CodeIgniter->run()
14 SYSTEMPATH\Boot.php(67): CodeIgniter\Boot::runCodeIgniter(Object(CodeIgniter\CodeIgniter))
15 FCPATH\index.php(56): CodeIgniter\Boot::bootWeb(Object(Config\Paths))
WARNING - 2026-05-13 05:17:22 --> [DEPRECATED] strtotime(): Passing null to parameter #1 ($datetime) of type string is deprecated in APPPATH\Views\Ebook\v_index.php on line 83.
 1 APPPATH\Views\Ebook\v_index.php(83): strtotime(null)
 2 SYSTEMPATH\View\View.php(234): include('C:\\xampp\\htdocs\\si_ekatalog_ci4\\app\\Views\\Ebook\\v_index.php')
 3 SYSTEMPATH\View\View.php(237): CodeIgniter\View\View->CodeIgniter\View\{closure}()
 4 SYSTEMPATH\Common.php(1171): CodeIgniter\View\View->render('ebook/v_index', [], true)
 5 APPPATH\Views\v_template_admin.php(288): view('ebook/v_index')
 6 SYSTEMPATH\View\View.php(234): include('C:\\xampp\\htdocs\\si_ekatalog_ci4\\app\\Views\\v_template_admin.php')
 7 SYSTEMPATH\View\View.php(237): CodeIgniter\View\View->CodeIgniter\View\{closure}()
 8 SYSTEMPATH\Common.php(1171): CodeIgniter\View\View->render('v_template_admin', [], true)
 9 APPPATH\Controllers\Ebook.php(44): view('v_template_admin', [...])
10 SYSTEMPATH\CodeIgniter.php(933): App\Controllers\Ebook->index()
11 SYSTEMPATH\CodeIgniter.php(509): CodeIgniter\CodeIgniter->runController(Object(App\Controllers\Ebook))
12 SYSTEMPATH\CodeIgniter.php(355): CodeIgniter\CodeIgniter->handleRequest(null, Object(Config\Cache), false)
13 SYSTEMPATH\Boot.php(325): CodeIgniter\CodeIgniter->run()
14 SYSTEMPATH\Boot.php(67): CodeIgniter\Boot::runCodeIgniter(Object(CodeIgniter\CodeIgniter))
15 FCPATH\index.php(56): CodeIgniter\Boot::bootWeb(Object(Config\Paths))
WARNING - 2026-05-13 05:17:22 --> [DEPRECATED] strtotime(): Passing null to parameter #1 ($datetime) of type string is deprecated in APPPATH\Views\Ebook\v_index.php on line 83.
 1 APPPATH\Views\Ebook\v_index.php(83): strtotime(null)
 2 SYSTEMPATH\View\View.php(234): include('C:\\xampp\\htdocs\\si_ekatalog_ci4\\app\\Views\\Ebook\\v_index.php')
 3 SYSTEMPATH\View\View.php(237): CodeIgniter\View\View->CodeIgniter\View\{closure}()
 4 SYSTEMPATH\Common.php(1171): CodeIgniter\View\View->render('ebook/v_index', [], true)
 5 APPPATH\Views\v_template_admin.php(288): view('ebook/v_index')
 6 SYSTEMPATH\View\View.php(234): include('C:\\xampp\\htdocs\\si_ekatalog_ci4\\app\\Views\\v_template_admin.php')
 7 SYSTEMPATH\View\View.php(237): CodeIgniter\View\View->CodeIgniter\View\{closure}()
 8 SYSTEMPATH\Common.php(1171): CodeIgniter\View\View->render('v_template_admin', [], true)
 9 APPPATH\Controllers\Ebook.php(44): view('v_template_admin', [...])
10 SYSTEMPATH\CodeIgniter.php(933): App\Controllers\Ebook->index()
11 SYSTEMPATH\CodeIgniter.php(509): CodeIgniter\CodeIgniter->runController(Object(App\Controllers\Ebook))
12 SYSTEMPATH\CodeIgniter.php(355): CodeIgniter\CodeIgniter->handleRequest(null, Object(Config\Cache), false)
13 SYSTEMPATH\Boot.php(325): CodeIgniter\CodeIgniter->run()
14 SYSTEMPATH\Boot.php(67): CodeIgniter\Boot::runCodeIgniter(Object(CodeIgniter\CodeIgniter))
15 FCPATH\index.php(56): CodeIgniter\Boot::bootWeb(Object(Config\Paths))
WARNING - 2026-05-13 05:17:22 --> [DEPRECATED] strtotime(): Passing null to parameter #1 ($datetime) of type string is deprecated in APPPATH\Views\Ebook\v_index.php on line 83.
 1 APPPATH\Views\Ebook\v_index.php(83): strtotime(null)
 2 SYSTEMPATH\View\View.php(234): include('C:\\xampp\\htdocs\\si_ekatalog_ci4\\app\\Views\\Ebook\\v_index.php')
 3 SYSTEMPATH\View\View.php(237): CodeIgniter\View\View->CodeIgniter\View\{closure}()
 4 SYSTEMPATH\Common.php(1171): CodeIgniter\View\View->render('ebook/v_index', [], true)
 5 APPPATH\Views\v_template_admin.php(288): view('ebook/v_index')
 6 SYSTEMPATH\View\View.php(234): include('C:\\xampp\\htdocs\\si_ekatalog_ci4\\app\\Views\\v_template_admin.php')
 7 SYSTEMPATH\View\View.php(237): CodeIgniter\View\View->CodeIgniter\View\{closure}()
 8 SYSTEMPATH\Common.php(1171): CodeIgniter\View\View->render('v_template_admin', [], true)
 9 APPPATH\Controllers\Ebook.php(44): view('v_template_admin', [...])
10 SYSTEMPATH\CodeIgniter.php(933): App\Controllers\Ebook->index()
11 SYSTEMPATH\CodeIgniter.php(509): CodeIgniter\CodeIgniter->runController(Object(App\Controllers\Ebook))
12 SYSTEMPATH\CodeIgniter.php(355): CodeIgniter\CodeIgniter->handleRequest(null, Object(Config\Cache), false)
13 SYSTEMPATH\Boot.php(325): CodeIgniter\CodeIgniter->run()
14 SYSTEMPATH\Boot.php(67): CodeIgniter\Boot::runCodeIgniter(Object(CodeIgniter\CodeIgniter))
15 FCPATH\index.php(56): CodeIgniter\Boot::bootWeb(Object(Config\Paths))
WARNING - 2026-05-13 05:17:22 --> [DEPRECATED] strtotime(): Passing null to parameter #1 ($datetime) of type string is deprecated in APPPATH\Views\Ebook\v_index.php on line 83.
 1 APPPATH\Views\Ebook\v_index.php(83): strtotime(null)
 2 SYSTEMPATH\View\View.php(234): include('C:\\xampp\\htdocs\\si_ekatalog_ci4\\app\\Views\\Ebook\\v_index.php')
 3 SYSTEMPATH\View\View.php(237): CodeIgniter\View\View->CodeIgniter\View\{closure}()
 4 SYSTEMPATH\Common.php(1171): CodeIgniter\View\View->render('ebook/v_index', [], true)
 5 APPPATH\Views\v_template_admin.php(288): view('ebook/v_index')
 6 SYSTEMPATH\View\View.php(234): include('C:\\xampp\\htdocs\\si_ekatalog_ci4\\app\\Views\\v_template_admin.php')
 7 SYSTEMPATH\View\View.php(237): CodeIgniter\View\View->CodeIgniter\View\{closure}()
 8 SYSTEMPATH\Common.php(1171): CodeIgniter\View\View->render('v_template_admin', [], true)
 9 APPPATH\Controllers\Ebook.php(44): view('v_template_admin', [...])
10 SYSTEMPATH\CodeIgniter.php(933): App\Controllers\Ebook->index()
11 SYSTEMPATH\CodeIgniter.php(509): CodeIgniter\CodeIgniter->runController(Object(App\Controllers\Ebook))
12 SYSTEMPATH\CodeIgniter.php(355): CodeIgniter\CodeIgniter->handleRequest(null, Object(Config\Cache), false)
13 SYSTEMPATH\Boot.php(325): CodeIgniter\CodeIgniter->run()
14 SYSTEMPATH\Boot.php(67): CodeIgniter\Boot::runCodeIgniter(Object(CodeIgniter\CodeIgniter))
15 FCPATH\index.php(56): CodeIgniter\Boot::bootWeb(Object(Config\Paths))
WARNING - 2026-05-13 05:17:22 --> [DEPRECATED] strtotime(): Passing null to parameter #1 ($datetime) of type string is deprecated in APPPATH\Views\Ebook\v_index.php on line 83.
 1 APPPATH\Views\Ebook\v_index.php(83): strtotime(null)
 2 SYSTEMPATH\View\View.php(234): include('C:\\xampp\\htdocs\\si_ekatalog_ci4\\app\\Views\\Ebook\\v_index.php')
 3 SYSTEMPATH\View\View.php(237): CodeIgniter\View\View->CodeIgniter\View\{closure}()
 4 SYSTEMPATH\Common.php(1171): CodeIgniter\View\View->render('ebook/v_index', [], true)
 5 APPPATH\Views\v_template_admin.php(288): view('ebook/v_index')
 6 SYSTEMPATH\View\View.php(234): include('C:\\xampp\\htdocs\\si_ekatalog_ci4\\app\\Views\\v_template_admin.php')
 7 SYSTEMPATH\View\View.php(237): CodeIgniter\View\View->CodeIgniter\View\{closure}()
 8 SYSTEMPATH\Common.php(1171): CodeIgniter\View\View->render('v_template_admin', [], true)
 9 APPPATH\Controllers\Ebook.php(44): view('v_template_admin', [...])
10 SYSTEMPATH\CodeIgniter.php(933): App\Controllers\Ebook->index()
11 SYSTEMPATH\CodeIgniter.php(509): CodeIgniter\CodeIgniter->runController(Object(App\Controllers\Ebook))
12 SYSTEMPATH\CodeIgniter.php(355): CodeIgniter\CodeIgniter->handleRequest(null, Object(Config\Cache), false)
13 SYSTEMPATH\Boot.php(325): CodeIgniter\CodeIgniter->run()
14 SYSTEMPATH\Boot.php(67): CodeIgniter\Boot::runCodeIgniter(Object(CodeIgniter\CodeIgniter))
15 FCPATH\index.php(56): CodeIgniter\Boot::bootWeb(Object(Config\Paths))
WARNING - 2026-05-13 05:17:22 --> [DEPRECATED] strtotime(): Passing null to parameter #1 ($datetime) of type string is deprecated in APPPATH\Views\Ebook\v_index.php on line 83.
 1 APPPATH\Views\Ebook\v_index.php(83): strtotime(null)
 2 SYSTEMPATH\View\View.php(234): include('C:\\xampp\\htdocs\\si_ekatalog_ci4\\app\\Views\\Ebook\\v_index.php')
 3 SYSTEMPATH\View\View.php(237): CodeIgniter\View\View->CodeIgniter\View\{closure}()
 4 SYSTEMPATH\Common.php(1171): CodeIgniter\View\View->render('ebook/v_index', [], true)
 5 APPPATH\Views\v_template_admin.php(288): view('ebook/v_index')
 6 SYSTEMPATH\View\View.php(234): include('C:\\xampp\\htdocs\\si_ekatalog_ci4\\app\\Views\\v_template_admin.php')
 7 SYSTEMPATH\View\View.php(237): CodeIgniter\View\View->CodeIgniter\View\{closure}()
 8 SYSTEMPATH\Common.php(1171): CodeIgniter\View\View->render('v_template_admin', [], true)
 9 APPPATH\Controllers\Ebook.php(44): view('v_template_admin', [...])
10 SYSTEMPATH\CodeIgniter.php(933): App\Controllers\Ebook->index()
11 SYSTEMPATH\CodeIgniter.php(509): CodeIgniter\CodeIgniter->runController(Object(App\Controllers\Ebook))
12 SYSTEMPATH\CodeIgniter.php(355): CodeIgniter\CodeIgniter->handleRequest(null, Object(Config\Cache), false)
13 SYSTEMPATH\Boot.php(325): CodeIgniter\CodeIgniter->run()
14 SYSTEMPATH\Boot.php(67): CodeIgniter\Boot::runCodeIgniter(Object(CodeIgniter\CodeIgniter))
15 FCPATH\index.php(56): CodeIgniter\Boot::bootWeb(Object(Config\Paths))
WARNING - 2026-05-13 05:17:22 --> [DEPRECATED] strtotime(): Passing null to parameter #1 ($datetime) of type string is deprecated in APPPATH\Views\Ebook\v_index.php on line 83.
 1 APPPATH\Views\Ebook\v_index.php(83): strtotime(null)
 2 SYSTEMPATH\View\View.php(234): include('C:\\xampp\\htdocs\\si_ekatalog_ci4\\app\\Views\\Ebook\\v_index.php')
 3 SYSTEMPATH\View\View.php(237): CodeIgniter\View\View->CodeIgniter\View\{closure}()
 4 SYSTEMPATH\Common.php(1171): CodeIgniter\View\View->render('ebook/v_index', [], true)
 5 APPPATH\Views\v_template_admin.php(288): view('ebook/v_index')
 6 SYSTEMPATH\View\View.php(234): include('C:\\xampp\\htdocs\\si_ekatalog_ci4\\app\\Views\\v_template_admin.php')
 7 SYSTEMPATH\View\View.php(237): CodeIgniter\View\View->CodeIgniter\View\{closure}()
 8 SYSTEMPATH\Common.php(1171): CodeIgniter\View\View->render('v_template_admin', [], true)
 9 APPPATH\Controllers\Ebook.php(44): view('v_template_admin', [...])
10 SYSTEMPATH\CodeIgniter.php(933): App\Controllers\Ebook->index()
11 SYSTEMPATH\CodeIgniter.php(509): CodeIgniter\CodeIgniter->runController(Object(App\Controllers\Ebook))
12 SYSTEMPATH\CodeIgniter.php(355): CodeIgniter\CodeIgniter->handleRequest(null, Object(Config\Cache), false)
13 SYSTEMPATH\Boot.php(325): CodeIgniter\CodeIgniter->run()
14 SYSTEMPATH\Boot.php(67): CodeIgniter\Boot::runCodeIgniter(Object(CodeIgniter\CodeIgniter))
15 FCPATH\index.php(56): CodeIgniter\Boot::bootWeb(Object(Config\Paths))
WARNING - 2026-05-13 05:17:22 --> [DEPRECATED] strtotime(): Passing null to parameter #1 ($datetime) of type string is deprecated in APPPATH\Views\Ebook\v_index.php on line 83.
 1 APPPATH\Views\Ebook\v_index.php(83): strtotime(null)
 2 SYSTEMPATH\View\View.php(234): include('C:\\xampp\\htdocs\\si_ekatalog_ci4\\app\\Views\\Ebook\\v_index.php')
 3 SYSTEMPATH\View\View.php(237): CodeIgniter\View\View->CodeIgniter\View\{closure}()
 4 SYSTEMPATH\Common.php(1171): CodeIgniter\View\View->render('ebook/v_index', [], true)
 5 APPPATH\Views\v_template_admin.php(288): view('ebook/v_index')
 6 SYSTEMPATH\View\View.php(234): include('C:\\xampp\\htdocs\\si_ekatalog_ci4\\app\\Views\\v_template_admin.php')
 7 SYSTEMPATH\View\View.php(237): CodeIgniter\View\View->CodeIgniter\View\{closure}()
 8 SYSTEMPATH\Common.php(1171): CodeIgniter\View\View->render('v_template_admin', [], true)
 9 APPPATH\Controllers\Ebook.php(44): view('v_template_admin', [...])
10 SYSTEMPATH\CodeIgniter.php(933): App\Controllers\Ebook->index()
11 SYSTEMPATH\CodeIgniter.php(509): CodeIgniter\CodeIgniter->runController(Object(App\Controllers\Ebook))
12 SYSTEMPATH\CodeIgniter.php(355): CodeIgniter\CodeIgniter->handleRequest(null, Object(Config\Cache), false)
13 SYSTEMPATH\Boot.php(325): CodeIgniter\CodeIgniter->run()
14 SYSTEMPATH\Boot.php(67): CodeIgniter\Boot::runCodeIgniter(Object(CodeIgniter\CodeIgniter))
15 FCPATH\index.php(56): CodeIgniter\Boot::bootWeb(Object(Config\Paths))
WARNING - 2026-05-13 05:17:22 --> [DEPRECATED] strtotime(): Passing null to parameter #1 ($datetime) of type string is deprecated in APPPATH\Views\Ebook\v_index.php on line 83.
 1 APPPATH\Views\Ebook\v_index.php(83): strtotime(null)
 2 SYSTEMPATH\View\View.php(234): include('C:\\xampp\\htdocs\\si_ekatalog_ci4\\app\\Views\\Ebook\\v_index.php')
 3 SYSTEMPATH\View\View.php(237): CodeIgniter\View\View->CodeIgniter\View\{closure}()
 4 SYSTEMPATH\Common.php(1171): CodeIgniter\View\View->render('ebook/v_index', [], true)
 5 APPPATH\Views\v_template_admin.php(288): view('ebook/v_index')
 6 SYSTEMPATH\View\View.php(234): include('C:\\xampp\\htdocs\\si_ekatalog_ci4\\app\\Views\\v_template_admin.php')
 7 SYSTEMPATH\View\View.php(237): CodeIgniter\View\View->CodeIgniter\View\{closure}()
 8 SYSTEMPATH\Common.php(1171): CodeIgniter\View\View->render('v_template_admin', [], true)
 9 APPPATH\Controllers\Ebook.php(44): view('v_template_admin', [...])
10 SYSTEMPATH\CodeIgniter.php(933): App\Controllers\Ebook->index()
11 SYSTEMPATH\CodeIgniter.php(509): CodeIgniter\CodeIgniter->runController(Object(App\Controllers\Ebook))
12 SYSTEMPATH\CodeIgniter.php(355): CodeIgniter\CodeIgniter->handleRequest(null, Object(Config\Cache), false)
13 SYSTEMPATH\Boot.php(325): CodeIgniter\CodeIgniter->run()
14 SYSTEMPATH\Boot.php(67): CodeIgniter\Boot::runCodeIgniter(Object(CodeIgniter\CodeIgniter))
15 FCPATH\index.php(56): CodeIgniter\Boot::bootWeb(Object(Config\Paths))
WARNING - 2026-05-13 05:17:22 --> [DEPRECATED] strtotime(): Passing null to parameter #1 ($datetime) of type string is deprecated in APPPATH\Views\Ebook\v_index.php on line 83.
 1 APPPATH\Views\Ebook\v_index.php(83): strtotime(null)
 2 SYSTEMPATH\View\View.php(234): include('C:\\xampp\\htdocs\\si_ekatalog_ci4\\app\\Views\\Ebook\\v_index.php')
 3 SYSTEMPATH\View\View.php(237): CodeIgniter\View\View->CodeIgniter\View\{closure}()
 4 SYSTEMPATH\Common.php(1171): CodeIgniter\View\View->render('ebook/v_index', [], true)
 5 APPPATH\Views\v_template_admin.php(288): view('ebook/v_index')
 6 SYSTEMPATH\View\View.php(234): include('C:\\xampp\\htdocs\\si_ekatalog_ci4\\app\\Views\\v_template_admin.php')
 7 SYSTEMPATH\View\View.php(237): CodeIgniter\View\View->CodeIgniter\View\{closure}()
 8 SYSTEMPATH\Common.php(1171): CodeIgniter\View\View->render('v_template_admin', [], true)
 9 APPPATH\Controllers\Ebook.php(44): view('v_template_admin', [...])
10 SYSTEMPATH\CodeIgniter.php(933): App\Controllers\Ebook->index()
11 SYSTEMPATH\CodeIgniter.php(509): CodeIgniter\CodeIgniter->runController(Object(App\Controllers\Ebook))
12 SYSTEMPATH\CodeIgniter.php(355): CodeIgniter\CodeIgniter->handleRequest(null, Object(Config\Cache), false)
13 SYSTEMPATH\Boot.php(325): CodeIgniter\CodeIgniter->run()
14 SYSTEMPATH\Boot.php(67): CodeIgniter\Boot::runCodeIgniter(Object(CodeIgniter\CodeIgniter))
15 FCPATH\index.php(56): CodeIgniter\Boot::bootWeb(Object(Config\Paths))
WARNING - 2026-05-13 05:17:22 --> [DEPRECATED] strtotime(): Passing null to parameter #1 ($datetime) of type string is deprecated in APPPATH\Views\Ebook\v_index.php on line 83.
 1 APPPATH\Views\Ebook\v_index.php(83): strtotime(null)
 2 SYSTEMPATH\View\View.php(234): include('C:\\xampp\\htdocs\\si_ekatalog_ci4\\app\\Views\\Ebook\\v_index.php')
 3 SYSTEMPATH\View\View.php(237): CodeIgniter\View\View->CodeIgniter\View\{closure}()
 4 SYSTEMPATH\Common.php(1171): CodeIgniter\View\View->render('ebook/v_index', [], true)
 5 APPPATH\Views\v_template_admin.php(288): view('ebook/v_index')
 6 SYSTEMPATH\View\View.php(234): include('C:\\xampp\\htdocs\\si_ekatalog_ci4\\app\\Views\\v_template_admin.php')
 7 SYSTEMPATH\View\View.php(237): CodeIgniter\View\View->CodeIgniter\View\{closure}()
 8 SYSTEMPATH\Common.php(1171): CodeIgniter\View\View->render('v_template_admin', [], true)
 9 APPPATH\Controllers\Ebook.php(44): view('v_template_admin', [...])
10 SYSTEMPATH\CodeIgniter.php(933): App\Controllers\Ebook->index()
11 SYSTEMPATH\CodeIgniter.php(509): CodeIgniter\CodeIgniter->runController(Object(App\Controllers\Ebook))
12 SYSTEMPATH\CodeIgniter.php(355): CodeIgniter\CodeIgniter->handleRequest(null, Object(Config\Cache), false)
13 SYSTEMPATH\Boot.php(325): CodeIgniter\CodeIgniter->run()
14 SYSTEMPATH\Boot.php(67): CodeIgniter\Boot::runCodeIgniter(Object(CodeIgniter\CodeIgniter))
15 FCPATH\index.php(56): CodeIgniter\Boot::bootWeb(Object(Config\Paths))
WARNING - 2026-05-13 05:17:22 --> [DEPRECATED] strtotime(): Passing null to parameter #1 ($datetime) of type string is deprecated in APPPATH\Views\Ebook\v_index.php on line 83.
 1 APPPATH\Views\Ebook\v_index.php(83): strtotime(null)
 2 SYSTEMPATH\View\View.php(234): include('C:\\xampp\\htdocs\\si_ekatalog_ci4\\app\\Views\\Ebook\\v_index.php')
 3 SYSTEMPATH\View\View.php(237): CodeIgniter\View\View->CodeIgniter\View\{closure}()
 4 SYSTEMPATH\Common.php(1171): CodeIgniter\View\View->render('ebook/v_index', [], true)
 5 APPPATH\Views\v_template_admin.php(288): view('ebook/v_index')
 6 SYSTEMPATH\View\View.php(234): include('C:\\xampp\\htdocs\\si_ekatalog_ci4\\app\\Views\\v_template_admin.php')
 7 SYSTEMPATH\View\View.php(237): CodeIgniter\View\View->CodeIgniter\View\{closure}()
 8 SYSTEMPATH\Common.php(1171): CodeIgniter\View\View->render('v_template_admin', [], true)
 9 APPPATH\Controllers\Ebook.php(44): view('v_template_admin', [...])
10 SYSTEMPATH\CodeIgniter.php(933): App\Controllers\Ebook->index()
11 SYSTEMPATH\CodeIgniter.php(509): CodeIgniter\CodeIgniter->runController(Object(App\Controllers\Ebook))
12 SYSTEMPATH\CodeIgniter.php(355): CodeIgniter\CodeIgniter->handleRequest(null, Object(Config\Cache), false)
13 SYSTEMPATH\Boot.php(325): CodeIgniter\CodeIgniter->run()
14 SYSTEMPATH\Boot.php(67): CodeIgniter\Boot::runCodeIgniter(Object(CodeIgniter\CodeIgniter))
15 FCPATH\index.php(56): CodeIgniter\Boot::bootWeb(Object(Config\Paths))
WARNING - 2026-05-13 05:17:22 --> [DEPRECATED] strtotime(): Passing null to parameter #1 ($datetime) of type string is deprecated in APPPATH\Views\Ebook\v_index.php on line 83.
 1 APPPATH\Views\Ebook\v_index.php(83): strtotime(null)
 2 SYSTEMPATH\View\View.php(234): include('C:\\xampp\\htdocs\\si_ekatalog_ci4\\app\\Views\\Ebook\\v_index.php')
 3 SYSTEMPATH\View\View.php(237): CodeIgniter\View\View->CodeIgniter\View\{closure}()
 4 SYSTEMPATH\Common.php(1171): CodeIgniter\View\View->render('ebook/v_index', [], true)
 5 APPPATH\Views\v_template_admin.php(288): view('ebook/v_index')
 6 SYSTEMPATH\View\View.php(234): include('C:\\xampp\\htdocs\\si_ekatalog_ci4\\app\\Views\\v_template_admin.php')
 7 SYSTEMPATH\View\View.php(237): CodeIgniter\View\View->CodeIgniter\View\{closure}()
 8 SYSTEMPATH\Common.php(1171): CodeIgniter\View\View->render('v_template_admin', [], true)
 9 APPPATH\Controllers\Ebook.php(44): view('v_template_admin', [...])
10 SYSTEMPATH\CodeIgniter.php(933): App\Controllers\Ebook->index()
11 SYSTEMPATH\CodeIgniter.php(509): CodeIgniter\CodeIgniter->runController(Object(App\Controllers\Ebook))
12 SYSTEMPATH\CodeIgniter.php(355): CodeIgniter\CodeIgniter->handleRequest(null, Object(Config\Cache), false)
13 SYSTEMPATH\Boot.php(325): CodeIgniter\CodeIgniter->run()
14 SYSTEMPATH\Boot.php(67): CodeIgniter\Boot::runCodeIgniter(Object(CodeIgniter\CodeIgniter))
15 FCPATH\index.php(56): CodeIgniter\Boot::bootWeb(Object(Config\Paths))
WARNING - 2026-05-13 05:17:22 --> [DEPRECATED] strtotime(): Passing null to parameter #1 ($datetime) of type string is deprecated in APPPATH\Views\Ebook\v_index.php on line 83.
 1 APPPATH\Views\Ebook\v_index.php(83): strtotime(null)
 2 SYSTEMPATH\View\View.php(234): include('C:\\xampp\\htdocs\\si_ekatalog_ci4\\app\\Views\\Ebook\\v_index.php')
 3 SYSTEMPATH\View\View.php(237): CodeIgniter\View\View->CodeIgniter\View\{closure}()
 4 SYSTEMPATH\Common.php(1171): CodeIgniter\View\View->render('ebook/v_index', [], true)
 5 APPPATH\Views\v_template_admin.php(288): view('ebook/v_index')
 6 SYSTEMPATH\View\View.php(234): include('C:\\xampp\\htdocs\\si_ekatalog_ci4\\app\\Views\\v_template_admin.php')
 7 SYSTEMPATH\View\View.php(237): CodeIgniter\View\View->CodeIgniter\View\{closure}()
 8 SYSTEMPATH\Common.php(1171): CodeIgniter\View\View->render('v_template_admin', [], true)
 9 APPPATH\Controllers\Ebook.php(44): view('v_template_admin', [...])
10 SYSTEMPATH\CodeIgniter.php(933): App\Controllers\Ebook->index()
11 SYSTEMPATH\CodeIgniter.php(509): CodeIgniter\CodeIgniter->runController(Object(App\Controllers\Ebook))
12 SYSTEMPATH\CodeIgniter.php(355): CodeIgniter\CodeIgniter->handleRequest(null, Object(Config\Cache), false)
13 SYSTEMPATH\Boot.php(325): CodeIgniter\CodeIgniter->run()
14 SYSTEMPATH\Boot.php(67): CodeIgniter\Boot::runCodeIgniter(Object(CodeIgniter\CodeIgniter))
15 FCPATH\index.php(56): CodeIgniter\Boot::bootWeb(Object(Config\Paths))
WARNING - 2026-05-13 05:17:22 --> [DEPRECATED] strtotime(): Passing null to parameter #1 ($datetime) of type string is deprecated in APPPATH\Views\Ebook\v_index.php on line 83.
 1 APPPATH\Views\Ebook\v_index.php(83): strtotime(null)
 2 SYSTEMPATH\View\View.php(234): include('C:\\xampp\\htdocs\\si_ekatalog_ci4\\app\\Views\\Ebook\\v_index.php')
 3 SYSTEMPATH\View\View.php(237): CodeIgniter\View\View->CodeIgniter\View\{closure}()
 4 SYSTEMPATH\Common.php(1171): CodeIgniter\View\View->render('ebook/v_index', [], true)
 5 APPPATH\Views\v_template_admin.php(288): view('ebook/v_index')
 6 SYSTEMPATH\View\View.php(234): include('C:\\xampp\\htdocs\\si_ekatalog_ci4\\app\\Views\\v_template_admin.php')
 7 SYSTEMPATH\View\View.php(237): CodeIgniter\View\View->CodeIgniter\View\{closure}()
 8 SYSTEMPATH\Common.php(1171): CodeIgniter\View\View->render('v_template_admin', [], true)
 9 APPPATH\Controllers\Ebook.php(44): view('v_template_admin', [...])
10 SYSTEMPATH\CodeIgniter.php(933): App\Controllers\Ebook->index()
11 SYSTEMPATH\CodeIgniter.php(509): CodeIgniter\CodeIgniter->runController(Object(App\Controllers\Ebook))
12 SYSTEMPATH\CodeIgniter.php(355): CodeIgniter\CodeIgniter->handleRequest(null, Object(Config\Cache), false)
13 SYSTEMPATH\Boot.php(325): CodeIgniter\CodeIgniter->run()
14 SYSTEMPATH\Boot.php(67): CodeIgniter\Boot::runCodeIgniter(Object(CodeIgniter\CodeIgniter))
15 FCPATH\index.php(56): CodeIgniter\Boot::bootWeb(Object(Config\Paths))
INFO - 2026-05-13 05:17:27 --> Session: Class initialized using 'CodeIgniter\Session\Handlers\FileHandler' driver.
WARNING - 2026-05-13 05:17:27 --> [DEPRECATED] strtotime(): Passing null to parameter #1 ($datetime) of type string is deprecated in APPPATH\Views\Ebook\v_index.php on line 83.
 1 APPPATH\Views\Ebook\v_index.php(83): strtotime(null)
 2 SYSTEMPATH\View\View.php(234): include('C:\\xampp\\htdocs\\si_ekatalog_ci4\\app\\Views\\Ebook\\v_index.php')
 3 SYSTEMPATH\View\View.php(237): CodeIgniter\View\View->CodeIgniter\View\{closure}()
 4 SYSTEMPATH\Common.php(1171): CodeIgniter\View\View->render('ebook/v_index', [], true)
 5 APPPATH\Views\v_template_admin.php(288): view('ebook/v_index')
 6 SYSTEMPATH\View\View.php(234): include('C:\\xampp\\htdocs\\si_ekatalog_ci4\\app\\Views\\v_template_admin.php')
 7 SYSTEMPATH\View\View.php(237): CodeIgniter\View\View->CodeIgniter\View\{closure}()
 8 SYSTEMPATH\Common.php(1171): CodeIgniter\View\View->render('v_template_admin', [], true)
 9 APPPATH\Controllers\Ebook.php(44): view('v_template_admin', [...])
10 SYSTEMPATH\CodeIgniter.php(933): App\Controllers\Ebook->index()
11 SYSTEMPATH\CodeIgniter.php(509): CodeIgniter\CodeIgniter->runController(Object(App\Controllers\Ebook))
12 SYSTEMPATH\CodeIgniter.php(355): CodeIgniter\CodeIgniter->handleRequest(null, Object(Config\Cache), false)
13 SYSTEMPATH\Boot.php(325): CodeIgniter\CodeIgniter->run()
14 SYSTEMPATH\Boot.php(67): CodeIgniter\Boot::runCodeIgniter(Object(CodeIgniter\CodeIgniter))
15 FCPATH\index.php(56): CodeIgniter\Boot::bootWeb(Object(Config\Paths))
WARNING - 2026-05-13 05:17:27 --> [DEPRECATED] strtotime(): Passing null to parameter #1 ($datetime) of type string is deprecated in APPPATH\Views\Ebook\v_index.php on line 83.
 1 APPPATH\Views\Ebook\v_index.php(83): strtotime(null)
 2 SYSTEMPATH\View\View.php(234): include('C:\\xampp\\htdocs\\si_ekatalog_ci4\\app\\Views\\Ebook\\v_index.php')
 3 SYSTEMPATH\View\View.php(237): CodeIgniter\View\View->CodeIgniter\View\{closure}()
 4 SYSTEMPATH\Common.php(1171): CodeIgniter\View\View->render('ebook/v_index', [], true)
 5 APPPATH\Views\v_template_admin.php(288): view('ebook/v_index')
 6 SYSTEMPATH\View\View.php(234): include('C:\\xampp\\htdocs\\si_ekatalog_ci4\\app\\Views\\v_template_admin.php')
 7 SYSTEMPATH\View\View.php(237): CodeIgniter\View\View->CodeIgniter\View\{closure}()
 8 SYSTEMPATH\Common.php(1171): CodeIgniter\View\View->render('v_template_admin', [], true)
 9 APPPATH\Controllers\Ebook.php(44): view('v_template_admin', [...])
10 SYSTEMPATH\CodeIgniter.php(933): App\Controllers\Ebook->index()
11 SYSTEMPATH\CodeIgniter.php(509): CodeIgniter\CodeIgniter->runController(Object(App\Controllers\Ebook))
12 SYSTEMPATH\CodeIgniter.php(355): CodeIgniter\CodeIgniter->handleRequest(null, Object(Config\Cache), false)
13 SYSTEMPATH\Boot.php(325): CodeIgniter\CodeIgniter->run()
14 SYSTEMPATH\Boot.php(67): CodeIgniter\Boot::runCodeIgniter(Object(CodeIgniter\CodeIgniter))
15 FCPATH\index.php(56): CodeIgniter\Boot::bootWeb(Object(Config\Paths))
WARNING - 2026-05-13 05:17:27 --> [DEPRECATED] strtotime(): Passing null to parameter #1 ($datetime) of type string is deprecated in APPPATH\Views\Ebook\v_index.php on line 83.
 1 APPPATH\Views\Ebook\v_index.php(83): strtotime(null)
 2 SYSTEMPATH\View\View.php(234): include('C:\\xampp\\htdocs\\si_ekatalog_ci4\\app\\Views\\Ebook\\v_index.php')
 3 SYSTEMPATH\View\View.php(237): CodeIgniter\View\View->CodeIgniter\View\{closure}()
 4 SYSTEMPATH\Common.php(1171): CodeIgniter\View\View->render('ebook/v_index', [], true)
 5 APPPATH\Views\v_template_admin.php(288): view('ebook/v_index')
 6 SYSTEMPATH\View\View.php(234): include('C:\\xampp\\htdocs\\si_ekatalog_ci4\\app\\Views\\v_template_admin.php')
 7 SYSTEMPATH\View\View.php(237): CodeIgniter\View\View->CodeIgniter\View\{closure}()
 8 SYSTEMPATH\Common.php(1171): CodeIgniter\View\View->render('v_template_admin', [], true)
 9 APPPATH\Controllers\Ebook.php(44): view('v_template_admin', [...])
10 SYSTEMPATH\CodeIgniter.php(933): App\Controllers\Ebook->index()
11 SYSTEMPATH\CodeIgniter.php(509): CodeIgniter\CodeIgniter->runController(Object(App\Controllers\Ebook))
12 SYSTEMPATH\CodeIgniter.php(355): CodeIgniter\CodeIgniter->handleRequest(null, Object(Config\Cache), false)
13 SYSTEMPATH\Boot.php(325): CodeIgniter\CodeIgniter->run()
14 SYSTEMPATH\Boot.php(67): CodeIgniter\Boot::runCodeIgniter(Object(CodeIgniter\CodeIgniter))
15 FCPATH\index.php(56): CodeIgniter\Boot::bootWeb(Object(Config\Paths))
WARNING - 2026-05-13 05:17:27 --> [DEPRECATED] strtotime(): Passing null to parameter #1 ($datetime) of type string is deprecated in APPPATH\Views\Ebook\v_index.php on line 83.
 1 APPPATH\Views\Ebook\v_index.php(83): strtotime(null)
 2 SYSTEMPATH\View\View.php(234): include('C:\\xampp\\htdocs\\si_ekatalog_ci4\\app\\Views\\Ebook\\v_index.php')
 3 SYSTEMPATH\View\View.php(237): CodeIgniter\View\View->CodeIgniter\View\{closure}()
 4 SYSTEMPATH\Common.php(1171): CodeIgniter\View\View->render('ebook/v_index', [], true)
 5 APPPATH\Views\v_template_admin.php(288): view('ebook/v_index')
 6 SYSTEMPATH\View\View.php(234): include('C:\\xampp\\htdocs\\si_ekatalog_ci4\\app\\Views\\v_template_admin.php')
 7 SYSTEMPATH\View\View.php(237): CodeIgniter\View\View->CodeIgniter\View\{closure}()
 8 SYSTEMPATH\Common.php(1171): CodeIgniter\View\View->render('v_template_admin', [], true)
 9 APPPATH\Controllers\Ebook.php(44): view('v_template_admin', [...])
10 SYSTEMPATH\CodeIgniter.php(933): App\Controllers\Ebook->index()
11 SYSTEMPATH\CodeIgniter.php(509): CodeIgniter\CodeIgniter->runController(Object(App\Controllers\Ebook))
12 SYSTEMPATH\CodeIgniter.php(355): CodeIgniter\CodeIgniter->handleRequest(null, Object(Config\Cache), false)
13 SYSTEMPATH\Boot.php(325): CodeIgniter\CodeIgniter->run()
14 SYSTEMPATH\Boot.php(67): CodeIgniter\Boot::runCodeIgniter(Object(CodeIgniter\CodeIgniter))
15 FCPATH\index.php(56): CodeIgniter\Boot::bootWeb(Object(Config\Paths))
WARNING - 2026-05-13 05:17:27 --> [DEPRECATED] strtotime(): Passing null to parameter #1 ($datetime) of type string is deprecated in APPPATH\Views\Ebook\v_index.php on line 83.
 1 APPPATH\Views\Ebook\v_index.php(83): strtotime(null)
 2 SYSTEMPATH\View\View.php(234): include('C:\\xampp\\htdocs\\si_ekatalog_ci4\\app\\Views\\Ebook\\v_index.php')
 3 SYSTEMPATH\View\View.php(237): CodeIgniter\View\View->CodeIgniter\View\{closure}()
 4 SYSTEMPATH\Common.php(1171): CodeIgniter\View\View->render('ebook/v_index', [], true)
 5 APPPATH\Views\v_template_admin.php(288): view('ebook/v_index')
 6 SYSTEMPATH\View\View.php(234): include('C:\\xampp\\htdocs\\si_ekatalog_ci4\\app\\Views\\v_template_admin.php')
 7 SYSTEMPATH\View\View.php(237): CodeIgniter\View\View->CodeIgniter\View\{closure}()
 8 SYSTEMPATH\Common.php(1171): CodeIgniter\View\View->render('v_template_admin', [], true)
 9 APPPATH\Controllers\Ebook.php(44): view('v_template_admin', [...])
10 SYSTEMPATH\CodeIgniter.php(933): App\Controllers\Ebook->index()
11 SYSTEMPATH\CodeIgniter.php(509): CodeIgniter\CodeIgniter->runController(Object(App\Controllers\Ebook))
12 SYSTEMPATH\CodeIgniter.php(355): CodeIgniter\CodeIgniter->handleRequest(null, Object(Config\Cache), false)
13 SYSTEMPATH\Boot.php(325): CodeIgniter\CodeIgniter->run()
14 SYSTEMPATH\Boot.php(67): CodeIgniter\Boot::runCodeIgniter(Object(CodeIgniter\CodeIgniter))
15 FCPATH\index.php(56): CodeIgniter\Boot::bootWeb(Object(Config\Paths))
WARNING - 2026-05-13 05:17:27 --> [DEPRECATED] strtotime(): Passing null to parameter #1 ($datetime) of type string is deprecated in APPPATH\Views\Ebook\v_index.php on line 83.
 1 APPPATH\Views\Ebook\v_index.php(83): strtotime(null)
 2 SYSTEMPATH\View\View.php(234): include('C:\\xampp\\htdocs\\si_ekatalog_ci4\\app\\Views\\Ebook\\v_index.php')
 3 SYSTEMPATH\View\View.php(237): CodeIgniter\View\View->CodeIgniter\View\{closure}()
 4 SYSTEMPATH\Common.php(1171): CodeIgniter\View\View->render('ebook/v_index', [], true)
 5 APPPATH\Views\v_template_admin.php(288): view('ebook/v_index')
 6 SYSTEMPATH\View\View.php(234): include('C:\\xampp\\htdocs\\si_ekatalog_ci4\\app\\Views\\v_template_admin.php')
 7 SYSTEMPATH\View\View.php(237): CodeIgniter\View\View->CodeIgniter\View\{closure}()
 8 SYSTEMPATH\Common.php(1171): CodeIgniter\View\View->render('v_template_admin', [], true)
 9 APPPATH\Controllers\Ebook.php(44): view('v_template_admin', [...])
10 SYSTEMPATH\CodeIgniter.php(933): App\Controllers\Ebook->index()
11 SYSTEMPATH\CodeIgniter.php(509): CodeIgniter\CodeIgniter->runController(Object(App\Controllers\Ebook))
12 SYSTEMPATH\CodeIgniter.php(355): CodeIgniter\CodeIgniter->handleRequest(null, Object(Config\Cache), false)
13 SYSTEMPATH\Boot.php(325): CodeIgniter\CodeIgniter->run()
14 SYSTEMPATH\Boot.php(67): CodeIgniter\Boot::runCodeIgniter(Object(CodeIgniter\CodeIgniter))
15 FCPATH\index.php(56): CodeIgniter\Boot::bootWeb(Object(Config\Paths))
WARNING - 2026-05-13 05:17:27 --> [DEPRECATED] strtotime(): Passing null to parameter #1 ($datetime) of type string is deprecated in APPPATH\Views\Ebook\v_index.php on line 83.
 1 APPPATH\Views\Ebook\v_index.php(83): strtotime(null)
 2 SYSTEMPATH\View\View.php(234): include('C:\\xampp\\htdocs\\si_ekatalog_ci4\\app\\Views\\Ebook\\v_index.php')
 3 SYSTEMPATH\View\View.php(237): CodeIgniter\View\View->CodeIgniter\View\{closure}()
 4 SYSTEMPATH\Common.php(1171): CodeIgniter\View\View->render('ebook/v_index', [], true)
 5 APPPATH\Views\v_template_admin.php(288): view('ebook/v_index')
 6 SYSTEMPATH\View\View.php(234): include('C:\\xampp\\htdocs\\si_ekatalog_ci4\\app\\Views\\v_template_admin.php')
 7 SYSTEMPATH\View\View.php(237): CodeIgniter\View\View->CodeIgniter\View\{closure}()
 8 SYSTEMPATH\Common.php(1171): CodeIgniter\View\View->render('v_template_admin', [], true)
 9 APPPATH\Controllers\Ebook.php(44): view('v_template_admin', [...])
10 SYSTEMPATH\CodeIgniter.php(933): App\Controllers\Ebook->index()
11 SYSTEMPATH\CodeIgniter.php(509): CodeIgniter\CodeIgniter->runController(Object(App\Controllers\Ebook))
12 SYSTEMPATH\CodeIgniter.php(355): CodeIgniter\CodeIgniter->handleRequest(null, Object(Config\Cache), false)
13 SYSTEMPATH\Boot.php(325): CodeIgniter\CodeIgniter->run()
14 SYSTEMPATH\Boot.php(67): CodeIgniter\Boot::runCodeIgniter(Object(CodeIgniter\CodeIgniter))
15 FCPATH\index.php(56): CodeIgniter\Boot::bootWeb(Object(Config\Paths))
WARNING - 2026-05-13 05:17:27 --> [DEPRECATED] strtotime(): Passing null to parameter #1 ($datetime) of type string is deprecated in APPPATH\Views\Ebook\v_index.php on line 83.
 1 APPPATH\Views\Ebook\v_index.php(83): strtotime(null)
 2 SYSTEMPATH\View\View.php(234): include('C:\\xampp\\htdocs\\si_ekatalog_ci4\\app\\Views\\Ebook\\v_index.php')
 3 SYSTEMPATH\View\View.php(237): CodeIgniter\View\View->CodeIgniter\View\{closure}()
 4 SYSTEMPATH\Common.php(1171): CodeIgniter\View\View->render('ebook/v_index', [], true)
 5 APPPATH\Views\v_template_admin.php(288): view('ebook/v_index')
 6 SYSTEMPATH\View\View.php(234): include('C:\\xampp\\htdocs\\si_ekatalog_ci4\\app\\Views\\v_template_admin.php')
 7 SYSTEMPATH\View\View.php(237): CodeIgniter\View\View->CodeIgniter\View\{closure}()
 8 SYSTEMPATH\Common.php(1171): CodeIgniter\View\View->render('v_template_admin', [], true)
 9 APPPATH\Controllers\Ebook.php(44): view('v_template_admin', [...])
10 SYSTEMPATH\CodeIgniter.php(933): App\Controllers\Ebook->index()
11 SYSTEMPATH\CodeIgniter.php(509): CodeIgniter\CodeIgniter->runController(Object(App\Controllers\Ebook))
12 SYSTEMPATH\CodeIgniter.php(355): CodeIgniter\CodeIgniter->handleRequest(null, Object(Config\Cache), false)
13 SYSTEMPATH\Boot.php(325): CodeIgniter\CodeIgniter->run()
14 SYSTEMPATH\Boot.php(67): CodeIgniter\Boot::runCodeIgniter(Object(CodeIgniter\CodeIgniter))
15 FCPATH\index.php(56): CodeIgniter\Boot::bootWeb(Object(Config\Paths))
WARNING - 2026-05-13 05:17:27 --> [DEPRECATED] strtotime(): Passing null to parameter #1 ($datetime) of type string is deprecated in APPPATH\Views\Ebook\v_index.php on line 83.
 1 APPPATH\Views\Ebook\v_index.php(83): strtotime(null)
 2 SYSTEMPATH\View\View.php(234): include('C:\\xampp\\htdocs\\si_ekatalog_ci4\\app\\Views\\Ebook\\v_index.php')
 3 SYSTEMPATH\View\View.php(237): CodeIgniter\View\View->CodeIgniter\View\{closure}()
 4 SYSTEMPATH\Common.php(1171): CodeIgniter\View\View->render('ebook/v_index', [], true)
 5 APPPATH\Views\v_template_admin.php(288): view('ebook/v_index')
 6 SYSTEMPATH\View\View.php(234): include('C:\\xampp\\htdocs\\si_ekatalog_ci4\\app\\Views\\v_template_admin.php')
 7 SYSTEMPATH\View\View.php(237): CodeIgniter\View\View->CodeIgniter\View\{closure}()
 8 SYSTEMPATH\Common.php(1171): CodeIgniter\View\View->render('v_template_admin', [], true)
 9 APPPATH\Controllers\Ebook.php(44): view('v_template_admin', [...])
10 SYSTEMPATH\CodeIgniter.php(933): App\Controllers\Ebook->index()
11 SYSTEMPATH\CodeIgniter.php(509): CodeIgniter\CodeIgniter->runController(Object(App\Controllers\Ebook))
12 SYSTEMPATH\CodeIgniter.php(355): CodeIgniter\CodeIgniter->handleRequest(null, Object(Config\Cache), false)
13 SYSTEMPATH\Boot.php(325): CodeIgniter\CodeIgniter->run()
14 SYSTEMPATH\Boot.php(67): CodeIgniter\Boot::runCodeIgniter(Object(CodeIgniter\CodeIgniter))
15 FCPATH\index.php(56): CodeIgniter\Boot::bootWeb(Object(Config\Paths))
WARNING - 2026-05-13 05:17:27 --> [DEPRECATED] strtotime(): Passing null to parameter #1 ($datetime) of type string is deprecated in APPPATH\Views\Ebook\v_index.php on line 83.
 1 APPPATH\Views\Ebook\v_index.php(83): strtotime(null)
 2 SYSTEMPATH\View\View.php(234): include('C:\\xampp\\htdocs\\si_ekatalog_ci4\\app\\Views\\Ebook\\v_index.php')
 3 SYSTEMPATH\View\View.php(237): CodeIgniter\View\View->CodeIgniter\View\{closure}()
 4 SYSTEMPATH\Common.php(1171): CodeIgniter\View\View->render('ebook/v_index', [], true)
 5 APPPATH\Views\v_template_admin.php(288): view('ebook/v_index')
 6 SYSTEMPATH\View\View.php(234): include('C:\\xampp\\htdocs\\si_ekatalog_ci4\\app\\Views\\v_template_admin.php')
 7 SYSTEMPATH\View\View.php(237): CodeIgniter\View\View->CodeIgniter\View\{closure}()
 8 SYSTEMPATH\Common.php(1171): CodeIgniter\View\View->render('v_template_admin', [], true)
 9 APPPATH\Controllers\Ebook.php(44): view('v_template_admin', [...])
10 SYSTEMPATH\CodeIgniter.php(933): App\Controllers\Ebook->index()
11 SYSTEMPATH\CodeIgniter.php(509): CodeIgniter\CodeIgniter->runController(Object(App\Controllers\Ebook))
12 SYSTEMPATH\CodeIgniter.php(355): CodeIgniter\CodeIgniter->handleRequest(null, Object(Config\Cache), false)
13 SYSTEMPATH\Boot.php(325): CodeIgniter\CodeIgniter->run()
14 SYSTEMPATH\Boot.php(67): CodeIgniter\Boot::runCodeIgniter(Object(CodeIgniter\CodeIgniter))
15 FCPATH\index.php(56): CodeIgniter\Boot::bootWeb(Object(Config\Paths))
WARNING - 2026-05-13 05:17:27 --> [DEPRECATED] strtotime(): Passing null to parameter #1 ($datetime) of type string is deprecated in APPPATH\Views\Ebook\v_index.php on line 83.
 1 APPPATH\Views\Ebook\v_index.php(83): strtotime(null)
 2 SYSTEMPATH\View\View.php(234): include('C:\\xampp\\htdocs\\si_ekatalog_ci4\\app\\Views\\Ebook\\v_index.php')
 3 SYSTEMPATH\View\View.php(237): CodeIgniter\View\View->CodeIgniter\View\{closure}()
 4 SYSTEMPATH\Common.php(1171): CodeIgniter\View\View->render('ebook/v_index', [], true)
 5 APPPATH\Views\v_template_admin.php(288): view('ebook/v_index')
 6 SYSTEMPATH\View\View.php(234): include('C:\\xampp\\htdocs\\si_ekatalog_ci4\\app\\Views\\v_template_admin.php')
 7 SYSTEMPATH\View\View.php(237): CodeIgniter\View\View->CodeIgniter\View\{closure}()
 8 SYSTEMPATH\Common.php(1171): CodeIgniter\View\View->render('v_template_admin', [], true)
 9 APPPATH\Controllers\Ebook.php(44): view('v_template_admin', [...])
10 SYSTEMPATH\CodeIgniter.php(933): App\Controllers\Ebook->index()
11 SYSTEMPATH\CodeIgniter.php(509): CodeIgniter\CodeIgniter->runController(Object(App\Controllers\Ebook))
12 SYSTEMPATH\CodeIgniter.php(355): CodeIgniter\CodeIgniter->handleRequest(null, Object(Config\Cache), false)
13 SYSTEMPATH\Boot.php(325): CodeIgniter\CodeIgniter->run()
14 SYSTEMPATH\Boot.php(67): CodeIgniter\Boot::runCodeIgniter(Object(CodeIgniter\CodeIgniter))
15 FCPATH\index.php(56): CodeIgniter\Boot::bootWeb(Object(Config\Paths))
WARNING - 2026-05-13 05:17:27 --> [DEPRECATED] strtotime(): Passing null to parameter #1 ($datetime) of type string is deprecated in APPPATH\Views\Ebook\v_index.php on line 83.
 1 APPPATH\Views\Ebook\v_index.php(83): strtotime(null)
 2 SYSTEMPATH\View\View.php(234): include('C:\\xampp\\htdocs\\si_ekatalog_ci4\\app\\Views\\Ebook\\v_index.php')
 3 SYSTEMPATH\View\View.php(237): CodeIgniter\View\View->CodeIgniter\View\{closure}()
 4 SYSTEMPATH\Common.php(1171): CodeIgniter\View\View->render('ebook/v_index', [], true)
 5 APPPATH\Views\v_template_admin.php(288): view('ebook/v_index')
 6 SYSTEMPATH\View\View.php(234): include('C:\\xampp\\htdocs\\si_ekatalog_ci4\\app\\Views\\v_template_admin.php')
 7 SYSTEMPATH\View\View.php(237): CodeIgniter\View\View->CodeIgniter\View\{closure}()
 8 SYSTEMPATH\Common.php(1171): CodeIgniter\View\View->render('v_template_admin', [], true)
 9 APPPATH\Controllers\Ebook.php(44): view('v_template_admin', [...])
10 SYSTEMPATH\CodeIgniter.php(933): App\Controllers\Ebook->index()
11 SYSTEMPATH\CodeIgniter.php(509): CodeIgniter\CodeIgniter->runController(Object(App\Controllers\Ebook))
12 SYSTEMPATH\CodeIgniter.php(355): CodeIgniter\CodeIgniter->handleRequest(null, Object(Config\Cache), false)
13 SYSTEMPATH\Boot.php(325): CodeIgniter\CodeIgniter->run()
14 SYSTEMPATH\Boot.php(67): CodeIgniter\Boot::runCodeIgniter(Object(CodeIgniter\CodeIgniter))
15 FCPATH\index.php(56): CodeIgniter\Boot::bootWeb(Object(Config\Paths))
WARNING - 2026-05-13 05:17:27 --> [DEPRECATED] strtotime(): Passing null to parameter #1 ($datetime) of type string is deprecated in APPPATH\Views\Ebook\v_index.php on line 83.
 1 APPPATH\Views\Ebook\v_index.php(83): strtotime(null)
 2 SYSTEMPATH\View\View.php(234): include('C:\\xampp\\htdocs\\si_ekatalog_ci4\\app\\Views\\Ebook\\v_index.php')
 3 SYSTEMPATH\View\View.php(237): CodeIgniter\View\View->CodeIgniter\View\{closure}()
 4 SYSTEMPATH\Common.php(1171): CodeIgniter\View\View->render('ebook/v_index', [], true)
 5 APPPATH\Views\v_template_admin.php(288): view('ebook/v_index')
 6 SYSTEMPATH\View\View.php(234): include('C:\\xampp\\htdocs\\si_ekatalog_ci4\\app\\Views\\v_template_admin.php')
 7 SYSTEMPATH\View\View.php(237): CodeIgniter\View\View->CodeIgniter\View\{closure}()
 8 SYSTEMPATH\Common.php(1171): CodeIgniter\View\View->render('v_template_admin', [], true)
 9 APPPATH\Controllers\Ebook.php(44): view('v_template_admin', [...])
10 SYSTEMPATH\CodeIgniter.php(933): App\Controllers\Ebook->index()
11 SYSTEMPATH\CodeIgniter.php(509): CodeIgniter\CodeIgniter->runController(Object(App\Controllers\Ebook))
12 SYSTEMPATH\CodeIgniter.php(355): CodeIgniter\CodeIgniter->handleRequest(null, Object(Config\Cache), false)
13 SYSTEMPATH\Boot.php(325): CodeIgniter\CodeIgniter->run()
14 SYSTEMPATH\Boot.php(67): CodeIgniter\Boot::runCodeIgniter(Object(CodeIgniter\CodeIgniter))
15 FCPATH\index.php(56): CodeIgniter\Boot::bootWeb(Object(Config\Paths))
WARNING - 2026-05-13 05:17:27 --> [DEPRECATED] strtotime(): Passing null to parameter #1 ($datetime) of type string is deprecated in APPPATH\Views\Ebook\v_index.php on line 83.
 1 APPPATH\Views\Ebook\v_index.php(83): strtotime(null)
 2 SYSTEMPATH\View\View.php(234): include('C:\\xampp\\htdocs\\si_ekatalog_ci4\\app\\Views\\Ebook\\v_index.php')
 3 SYSTEMPATH\View\View.php(237): CodeIgniter\View\View->CodeIgniter\View\{closure}()
 4 SYSTEMPATH\Common.php(1171): CodeIgniter\View\View->render('ebook/v_index', [], true)
 5 APPPATH\Views\v_template_admin.php(288): view('ebook/v_index')
 6 SYSTEMPATH\View\View.php(234): include('C:\\xampp\\htdocs\\si_ekatalog_ci4\\app\\Views\\v_template_admin.php')
 7 SYSTEMPATH\View\View.php(237): CodeIgniter\View\View->CodeIgniter\View\{closure}()
 8 SYSTEMPATH\Common.php(1171): CodeIgniter\View\View->render('v_template_admin', [], true)
 9 APPPATH\Controllers\Ebook.php(44): view('v_template_admin', [...])
10 SYSTEMPATH\CodeIgniter.php(933): App\Controllers\Ebook->index()
11 SYSTEMPATH\CodeIgniter.php(509): CodeIgniter\CodeIgniter->runController(Object(App\Controllers\Ebook))
12 SYSTEMPATH\CodeIgniter.php(355): CodeIgniter\CodeIgniter->handleRequest(null, Object(Config\Cache), false)
13 SYSTEMPATH\Boot.php(325): CodeIgniter\CodeIgniter->run()
14 SYSTEMPATH\Boot.php(67): CodeIgniter\Boot::runCodeIgniter(Object(CodeIgniter\CodeIgniter))
15 FCPATH\index.php(56): CodeIgniter\Boot::bootWeb(Object(Config\Paths))
WARNING - 2026-05-13 05:17:27 --> [DEPRECATED] strtotime(): Passing null to parameter #1 ($datetime) of type string is deprecated in APPPATH\Views\Ebook\v_index.php on line 83.
 1 APPPATH\Views\Ebook\v_index.php(83): strtotime(null)
 2 SYSTEMPATH\View\View.php(234): include('C:\\xampp\\htdocs\\si_ekatalog_ci4\\app\\Views\\Ebook\\v_index.php')
 3 SYSTEMPATH\View\View.php(237): CodeIgniter\View\View->CodeIgniter\View\{closure}()
 4 SYSTEMPATH\Common.php(1171): CodeIgniter\View\View->render('ebook/v_index', [], true)
 5 APPPATH\Views\v_template_admin.php(288): view('ebook/v_index')
 6 SYSTEMPATH\View\View.php(234): include('C:\\xampp\\htdocs\\si_ekatalog_ci4\\app\\Views\\v_template_admin.php')
 7 SYSTEMPATH\View\View.php(237): CodeIgniter\View\View->CodeIgniter\View\{closure}()
 8 SYSTEMPATH\Common.php(1171): CodeIgniter\View\View->render('v_template_admin', [], true)
 9 APPPATH\Controllers\Ebook.php(44): view('v_template_admin', [...])
10 SYSTEMPATH\CodeIgniter.php(933): App\Controllers\Ebook->index()
11 SYSTEMPATH\CodeIgniter.php(509): CodeIgniter\CodeIgniter->runController(Object(App\Controllers\Ebook))
12 SYSTEMPATH\CodeIgniter.php(355): CodeIgniter\CodeIgniter->handleRequest(null, Object(Config\Cache), false)
13 SYSTEMPATH\Boot.php(325): CodeIgniter\CodeIgniter->run()
14 SYSTEMPATH\Boot.php(67): CodeIgniter\Boot::runCodeIgniter(Object(CodeIgniter\CodeIgniter))
15 FCPATH\index.php(56): CodeIgniter\Boot::bootWeb(Object(Config\Paths))
WARNING - 2026-05-13 05:17:27 --> [DEPRECATED] strtotime(): Passing null to parameter #1 ($datetime) of type string is deprecated in APPPATH\Views\Ebook\v_index.php on line 83.
 1 APPPATH\Views\Ebook\v_index.php(83): strtotime(null)
 2 SYSTEMPATH\View\View.php(234): include('C:\\xampp\\htdocs\\si_ekatalog_ci4\\app\\Views\\Ebook\\v_index.php')
 3 SYSTEMPATH\View\View.php(237): CodeIgniter\View\View->CodeIgniter\View\{closure}()
 4 SYSTEMPATH\Common.php(1171): CodeIgniter\View\View->render('ebook/v_index', [], true)
 5 APPPATH\Views\v_template_admin.php(288): view('ebook/v_index')
 6 SYSTEMPATH\View\View.php(234): include('C:\\xampp\\htdocs\\si_ekatalog_ci4\\app\\Views\\v_template_admin.php')
 7 SYSTEMPATH\View\View.php(237): CodeIgniter\View\View->CodeIgniter\View\{closure}()
 8 SYSTEMPATH\Common.php(1171): CodeIgniter\View\View->render('v_template_admin', [], true)
 9 APPPATH\Controllers\Ebook.php(44): view('v_template_admin', [...])
10 SYSTEMPATH\CodeIgniter.php(933): App\Controllers\Ebook->index()
11 SYSTEMPATH\CodeIgniter.php(509): CodeIgniter\CodeIgniter->runController(Object(App\Controllers\Ebook))
12 SYSTEMPATH\CodeIgniter.php(355): CodeIgniter\CodeIgniter->handleRequest(null, Object(Config\Cache), false)
13 SYSTEMPATH\Boot.php(325): CodeIgniter\CodeIgniter->run()
14 SYSTEMPATH\Boot.php(67): CodeIgniter\Boot::runCodeIgniter(Object(CodeIgniter\CodeIgniter))
15 FCPATH\index.php(56): CodeIgniter\Boot::bootWeb(Object(Config\Paths))
WARNING - 2026-05-13 05:17:27 --> [DEPRECATED] strtotime(): Passing null to parameter #1 ($datetime) of type string is deprecated in APPPATH\Views\Ebook\v_index.php on line 83.
 1 APPPATH\Views\Ebook\v_index.php(83): strtotime(null)
 2 SYSTEMPATH\View\View.php(234): include('C:\\xampp\\htdocs\\si_ekatalog_ci4\\app\\Views\\Ebook\\v_index.php')
 3 SYSTEMPATH\View\View.php(237): CodeIgniter\View\View->CodeIgniter\View\{closure}()
 4 SYSTEMPATH\Common.php(1171): CodeIgniter\View\View->render('ebook/v_index', [], true)
 5 APPPATH\Views\v_template_admin.php(288): view('ebook/v_index')
 6 SYSTEMPATH\View\View.php(234): include('C:\\xampp\\htdocs\\si_ekatalog_ci4\\app\\Views\\v_template_admin.php')
 7 SYSTEMPATH\View\View.php(237): CodeIgniter\View\View->CodeIgniter\View\{closure}()
 8 SYSTEMPATH\Common.php(1171): CodeIgniter\View\View->render('v_template_admin', [], true)
 9 APPPATH\Controllers\Ebook.php(44): view('v_template_admin', [...])
10 SYSTEMPATH\CodeIgniter.php(933): App\Controllers\Ebook->index()
11 SYSTEMPATH\CodeIgniter.php(509): CodeIgniter\CodeIgniter->runController(Object(App\Controllers\Ebook))
12 SYSTEMPATH\CodeIgniter.php(355): CodeIgniter\CodeIgniter->handleRequest(null, Object(Config\Cache), false)
13 SYSTEMPATH\Boot.php(325): CodeIgniter\CodeIgniter->run()
14 SYSTEMPATH\Boot.php(67): CodeIgniter\Boot::runCodeIgniter(Object(CodeIgniter\CodeIgniter))
15 FCPATH\index.php(56): CodeIgniter\Boot::bootWeb(Object(Config\Paths))
WARNING - 2026-05-13 05:17:27 --> [DEPRECATED] strtotime(): Passing null to parameter #1 ($datetime) of type string is deprecated in APPPATH\Views\Ebook\v_index.php on line 83.
 1 APPPATH\Views\Ebook\v_index.php(83): strtotime(null)
 2 SYSTEMPATH\View\View.php(234): include('C:\\xampp\\htdocs\\si_ekatalog_ci4\\app\\Views\\Ebook\\v_index.php')
 3 SYSTEMPATH\View\View.php(237): CodeIgniter\View\View->CodeIgniter\View\{closure}()
 4 SYSTEMPATH\Common.php(1171): CodeIgniter\View\View->render('ebook/v_index', [], true)
 5 APPPATH\Views\v_template_admin.php(288): view('ebook/v_index')
 6 SYSTEMPATH\View\View.php(234): include('C:\\xampp\\htdocs\\si_ekatalog_ci4\\app\\Views\\v_template_admin.php')
 7 SYSTEMPATH\View\View.php(237): CodeIgniter\View\View->CodeIgniter\View\{closure}()
 8 SYSTEMPATH\Common.php(1171): CodeIgniter\View\View->render('v_template_admin', [], true)
 9 APPPATH\Controllers\Ebook.php(44): view('v_template_admin', [...])
10 SYSTEMPATH\CodeIgniter.php(933): App\Controllers\Ebook->index()
11 SYSTEMPATH\CodeIgniter.php(509): CodeIgniter\CodeIgniter->runController(Object(App\Controllers\Ebook))
12 SYSTEMPATH\CodeIgniter.php(355): CodeIgniter\CodeIgniter->handleRequest(null, Object(Config\Cache), false)
13 SYSTEMPATH\Boot.php(325): CodeIgniter\CodeIgniter->run()
14 SYSTEMPATH\Boot.php(67): CodeIgniter\Boot::runCodeIgniter(Object(CodeIgniter\CodeIgniter))
15 FCPATH\index.php(56): CodeIgniter\Boot::bootWeb(Object(Config\Paths))
INFO - 2026-05-13 05:17:37 --> Session: Class initialized using 'CodeIgniter\Session\Handlers\FileHandler' driver.
INFO - 2026-05-13 05:17:52 --> Session: Class initialized using 'CodeIgniter\Session\Handlers\FileHandler' driver.
INFO - 2026-05-13 05:18:27 --> Session: Class initialized using 'CodeIgniter\Session\Handlers\FileHandler' driver.
WARNING - 2026-05-13 05:18:27 --> [DEPRECATED] strtotime(): Passing null to parameter #1 ($datetime) of type string is deprecated in APPPATH\Views\Ebook\v_index.php on line 83.
 1 APPPATH\Views\Ebook\v_index.php(83): strtotime(null)
 2 SYSTEMPATH\View\View.php(234): include('C:\\xampp\\htdocs\\si_ekatalog_ci4\\app\\Views\\Ebook\\v_index.php')
 3 SYSTEMPATH\View\View.php(237): CodeIgniter\View\View->CodeIgniter\View\{closure}()
 4 SYSTEMPATH\Common.php(1171): CodeIgniter\View\View->render('ebook/v_index', [], true)
 5 APPPATH\Views\v_template_admin.php(288): view('ebook/v_index')
 6 SYSTEMPATH\View\View.php(234): include('C:\\xampp\\htdocs\\si_ekatalog_ci4\\app\\Views\\v_template_admin.php')
 7 SYSTEMPATH\View\View.php(237): CodeIgniter\View\View->CodeIgniter\View\{closure}()
 8 SYSTEMPATH\Common.php(1171): CodeIgniter\View\View->render('v_template_admin', [], true)
 9 APPPATH\Controllers\Ebook.php(44): view('v_template_admin', [...])
10 SYSTEMPATH\CodeIgniter.php(933): App\Controllers\Ebook->index()
11 SYSTEMPATH\CodeIgniter.php(509): CodeIgniter\CodeIgniter->runController(Object(App\Controllers\Ebook))
12 SYSTEMPATH\CodeIgniter.php(355): CodeIgniter\CodeIgniter->handleRequest(null, Object(Config\Cache), false)
13 SYSTEMPATH\Boot.php(325): CodeIgniter\CodeIgniter->run()
14 SYSTEMPATH\Boot.php(67): CodeIgniter\Boot::runCodeIgniter(Object(CodeIgniter\CodeIgniter))
15 FCPATH\index.php(56): CodeIgniter\Boot::bootWeb(Object(Config\Paths))
WARNING - 2026-05-13 05:18:27 --> [DEPRECATED] strtotime(): Passing null to parameter #1 ($datetime) of type string is deprecated in APPPATH\Views\Ebook\v_index.php on line 83.
 1 APPPATH\Views\Ebook\v_index.php(83): strtotime(null)
 2 SYSTEMPATH\View\View.php(234): include('C:\\xampp\\htdocs\\si_ekatalog_ci4\\app\\Views\\Ebook\\v_index.php')
 3 SYSTEMPATH\View\View.php(237): CodeIgniter\View\View->CodeIgniter\View\{closure}()
 4 SYSTEMPATH\Common.php(1171): CodeIgniter\View\View->render('ebook/v_index', [], true)
 5 APPPATH\Views\v_template_admin.php(288): view('ebook/v_index')
 6 SYSTEMPATH\View\View.php(234): include('C:\\xampp\\htdocs\\si_ekatalog_ci4\\app\\Views\\v_template_admin.php')
 7 SYSTEMPATH\View\View.php(237): CodeIgniter\View\View->CodeIgniter\View\{closure}()
 8 SYSTEMPATH\Common.php(1171): CodeIgniter\View\View->render('v_template_admin', [], true)
 9 APPPATH\Controllers\Ebook.php(44): view('v_template_admin', [...])
10 SYSTEMPATH\CodeIgniter.php(933): App\Controllers\Ebook->index()
11 SYSTEMPATH\CodeIgniter.php(509): CodeIgniter\CodeIgniter->runController(Object(App\Controllers\Ebook))
12 SYSTEMPATH\CodeIgniter.php(355): CodeIgniter\CodeIgniter->handleRequest(null, Object(Config\Cache), false)
13 SYSTEMPATH\Boot.php(325): CodeIgniter\CodeIgniter->run()
14 SYSTEMPATH\Boot.php(67): CodeIgniter\Boot::runCodeIgniter(Object(CodeIgniter\CodeIgniter))
15 FCPATH\index.php(56): CodeIgniter\Boot::bootWeb(Object(Config\Paths))
WARNING - 2026-05-13 05:18:27 --> [DEPRECATED] strtotime(): Passing null to parameter #1 ($datetime) of type string is deprecated in APPPATH\Views\Ebook\v_index.php on line 83.
 1 APPPATH\Views\Ebook\v_index.php(83): strtotime(null)
 2 SYSTEMPATH\View\View.php(234): include('C:\\xampp\\htdocs\\si_ekatalog_ci4\\app\\Views\\Ebook\\v_index.php')
 3 SYSTEMPATH\View\View.php(237): CodeIgniter\View\View->CodeIgniter\View\{closure}()
 4 SYSTEMPATH\Common.php(1171): CodeIgniter\View\View->render('ebook/v_index', [], true)
 5 APPPATH\Views\v_template_admin.php(288): view('ebook/v_index')
 6 SYSTEMPATH\View\View.php(234): include('C:\\xampp\\htdocs\\si_ekatalog_ci4\\app\\Views\\v_template_admin.php')
 7 SYSTEMPATH\View\View.php(237): CodeIgniter\View\View->CodeIgniter\View\{closure}()
 8 SYSTEMPATH\Common.php(1171): CodeIgniter\View\View->render('v_template_admin', [], true)
 9 APPPATH\Controllers\Ebook.php(44): view('v_template_admin', [...])
10 SYSTEMPATH\CodeIgniter.php(933): App\Controllers\Ebook->index()
11 SYSTEMPATH\CodeIgniter.php(509): CodeIgniter\CodeIgniter->runController(Object(App\Controllers\Ebook))
12 SYSTEMPATH\CodeIgniter.php(355): CodeIgniter\CodeIgniter->handleRequest(null, Object(Config\Cache), false)
13 SYSTEMPATH\Boot.php(325): CodeIgniter\CodeIgniter->run()
14 SYSTEMPATH\Boot.php(67): CodeIgniter\Boot::runCodeIgniter(Object(CodeIgniter\CodeIgniter))
15 FCPATH\index.php(56): CodeIgniter\Boot::bootWeb(Object(Config\Paths))
WARNING - 2026-05-13 05:18:27 --> [DEPRECATED] strtotime(): Passing null to parameter #1 ($datetime) of type string is deprecated in APPPATH\Views\Ebook\v_index.php on line 83.
 1 APPPATH\Views\Ebook\v_index.php(83): strtotime(null)
 2 SYSTEMPATH\View\View.php(234): include('C:\\xampp\\htdocs\\si_ekatalog_ci4\\app\\Views\\Ebook\\v_index.php')
 3 SYSTEMPATH\View\View.php(237): CodeIgniter\View\View->CodeIgniter\View\{closure}()
 4 SYSTEMPATH\Common.php(1171): CodeIgniter\View\View->render('ebook/v_index', [], true)
 5 APPPATH\Views\v_template_admin.php(288): view('ebook/v_index')
 6 SYSTEMPATH\View\View.php(234): include('C:\\xampp\\htdocs\\si_ekatalog_ci4\\app\\Views\\v_template_admin.php')
 7 SYSTEMPATH\View\View.php(237): CodeIgniter\View\View->CodeIgniter\View\{closure}()
 8 SYSTEMPATH\Common.php(1171): CodeIgniter\View\View->render('v_template_admin', [], true)
 9 APPPATH\Controllers\Ebook.php(44): view('v_template_admin', [...])
10 SYSTEMPATH\CodeIgniter.php(933): App\Controllers\Ebook->index()
11 SYSTEMPATH\CodeIgniter.php(509): CodeIgniter\CodeIgniter->runController(Object(App\Controllers\Ebook))
12 SYSTEMPATH\CodeIgniter.php(355): CodeIgniter\CodeIgniter->handleRequest(null, Object(Config\Cache), false)
13 SYSTEMPATH\Boot.php(325): CodeIgniter\CodeIgniter->run()
14 SYSTEMPATH\Boot.php(67): CodeIgniter\Boot::runCodeIgniter(Object(CodeIgniter\CodeIgniter))
15 FCPATH\index.php(56): CodeIgniter\Boot::bootWeb(Object(Config\Paths))
WARNING - 2026-05-13 05:18:27 --> [DEPRECATED] strtotime(): Passing null to parameter #1 ($datetime) of type string is deprecated in APPPATH\Views\Ebook\v_index.php on line 83.
 1 APPPATH\Views\Ebook\v_index.php(83): strtotime(null)
 2 SYSTEMPATH\View\View.php(234): include('C:\\xampp\\htdocs\\si_ekatalog_ci4\\app\\Views\\Ebook\\v_index.php')
 3 SYSTEMPATH\View\View.php(237): CodeIgniter\View\View->CodeIgniter\View\{closure}()
 4 SYSTEMPATH\Common.php(1171): CodeIgniter\View\View->render('ebook/v_index', [], true)
 5 APPPATH\Views\v_template_admin.php(288): view('ebook/v_index')
 6 SYSTEMPATH\View\View.php(234): include('C:\\xampp\\htdocs\\si_ekatalog_ci4\\app\\Views\\v_template_admin.php')
 7 SYSTEMPATH\View\View.php(237): CodeIgniter\View\View->CodeIgniter\View\{closure}()
 8 SYSTEMPATH\Common.php(1171): CodeIgniter\View\View->render('v_template_admin', [], true)
 9 APPPATH\Controllers\Ebook.php(44): view('v_template_admin', [...])
10 SYSTEMPATH\CodeIgniter.php(933): App\Controllers\Ebook->index()
11 SYSTEMPATH\CodeIgniter.php(509): CodeIgniter\CodeIgniter->runController(Object(App\Controllers\Ebook))
12 SYSTEMPATH\CodeIgniter.php(355): CodeIgniter\CodeIgniter->handleRequest(null, Object(Config\Cache), false)
13 SYSTEMPATH\Boot.php(325): CodeIgniter\CodeIgniter->run()
14 SYSTEMPATH\Boot.php(67): CodeIgniter\Boot::runCodeIgniter(Object(CodeIgniter\CodeIgniter))
15 FCPATH\index.php(56): CodeIgniter\Boot::bootWeb(Object(Config\Paths))
WARNING - 2026-05-13 05:18:27 --> [DEPRECATED] strtotime(): Passing null to parameter #1 ($datetime) of type string is deprecated in APPPATH\Views\Ebook\v_index.php on line 83.
 1 APPPATH\Views\Ebook\v_index.php(83): strtotime(null)
 2 SYSTEMPATH\View\View.php(234): include('C:\\xampp\\htdocs\\si_ekatalog_ci4\\app\\Views\\Ebook\\v_index.php')
 3 SYSTEMPATH\View\View.php(237): CodeIgniter\View\View->CodeIgniter\View\{closure}()
 4 SYSTEMPATH\Common.php(1171): CodeIgniter\View\View->render('ebook/v_index', [], true)
 5 APPPATH\Views\v_template_admin.php(288): view('ebook/v_index')
 6 SYSTEMPATH\View\View.php(234): include('C:\\xampp\\htdocs\\si_ekatalog_ci4\\app\\Views\\v_template_admin.php')
 7 SYSTEMPATH\View\View.php(237): CodeIgniter\View\View->CodeIgniter\View\{closure}()
 8 SYSTEMPATH\Common.php(1171): CodeIgniter\View\View->render('v_template_admin', [], true)
 9 APPPATH\Controllers\Ebook.php(44): view('v_template_admin', [...])
10 SYSTEMPATH\CodeIgniter.php(933): App\Controllers\Ebook->index()
11 SYSTEMPATH\CodeIgniter.php(509): CodeIgniter\CodeIgniter->runController(Object(App\Controllers\Ebook))
12 SYSTEMPATH\CodeIgniter.php(355): CodeIgniter\CodeIgniter->handleRequest(null, Object(Config\Cache), false)
13 SYSTEMPATH\Boot.php(325): CodeIgniter\CodeIgniter->run()
14 SYSTEMPATH\Boot.php(67): CodeIgniter\Boot::runCodeIgniter(Object(CodeIgniter\CodeIgniter))
15 FCPATH\index.php(56): CodeIgniter\Boot::bootWeb(Object(Config\Paths))
WARNING - 2026-05-13 05:18:27 --> [DEPRECATED] strtotime(): Passing null to parameter #1 ($datetime) of type string is deprecated in APPPATH\Views\Ebook\v_index.php on line 83.
 1 APPPATH\Views\Ebook\v_index.php(83): strtotime(null)
 2 SYSTEMPATH\View\View.php(234): include('C:\\xampp\\htdocs\\si_ekatalog_ci4\\app\\Views\\Ebook\\v_index.php')
 3 SYSTEMPATH\View\View.php(237): CodeIgniter\View\View->CodeIgniter\View\{closure}()
 4 SYSTEMPATH\Common.php(1171): CodeIgniter\View\View->render('ebook/v_index', [], true)
 5 APPPATH\Views\v_template_admin.php(288): view('ebook/v_index')
 6 SYSTEMPATH\View\View.php(234): include('C:\\xampp\\htdocs\\si_ekatalog_ci4\\app\\Views\\v_template_admin.php')
 7 SYSTEMPATH\View\View.php(237): CodeIgniter\View\View->CodeIgniter\View\{closure}()
 8 SYSTEMPATH\Common.php(1171): CodeIgniter\View\View->render('v_template_admin', [], true)
 9 APPPATH\Controllers\Ebook.php(44): view('v_template_admin', [...])
10 SYSTEMPATH\CodeIgniter.php(933): App\Controllers\Ebook->index()
11 SYSTEMPATH\CodeIgniter.php(509): CodeIgniter\CodeIgniter->runController(Object(App\Controllers\Ebook))
12 SYSTEMPATH\CodeIgniter.php(355): CodeIgniter\CodeIgniter->handleRequest(null, Object(Config\Cache), false)
13 SYSTEMPATH\Boot.php(325): CodeIgniter\CodeIgniter->run()
14 SYSTEMPATH\Boot.php(67): CodeIgniter\Boot::runCodeIgniter(Object(CodeIgniter\CodeIgniter))
15 FCPATH\index.php(56): CodeIgniter\Boot::bootWeb(Object(Config\Paths))
WARNING - 2026-05-13 05:18:27 --> [DEPRECATED] strtotime(): Passing null to parameter #1 ($datetime) of type string is deprecated in APPPATH\Views\Ebook\v_index.php on line 83.
 1 APPPATH\Views\Ebook\v_index.php(83): strtotime(null)
 2 SYSTEMPATH\View\View.php(234): include('C:\\xampp\\htdocs\\si_ekatalog_ci4\\app\\Views\\Ebook\\v_index.php')
 3 SYSTEMPATH\View\View.php(237): CodeIgniter\View\View->CodeIgniter\View\{closure}()
 4 SYSTEMPATH\Common.php(1171): CodeIgniter\View\View->render('ebook/v_index', [], true)
 5 APPPATH\Views\v_template_admin.php(288): view('ebook/v_index')
 6 SYSTEMPATH\View\View.php(234): include('C:\\xampp\\htdocs\\si_ekatalog_ci4\\app\\Views\\v_template_admin.php')
 7 SYSTEMPATH\View\View.php(237): CodeIgniter\View\View->CodeIgniter\View\{closure}()
 8 SYSTEMPATH\Common.php(1171): CodeIgniter\View\View->render('v_template_admin', [], true)
 9 APPPATH\Controllers\Ebook.php(44): view('v_template_admin', [...])
10 SYSTEMPATH\CodeIgniter.php(933): App\Controllers\Ebook->index()
11 SYSTEMPATH\CodeIgniter.php(509): CodeIgniter\CodeIgniter->runController(Object(App\Controllers\Ebook))
12 SYSTEMPATH\CodeIgniter.php(355): CodeIgniter\CodeIgniter->handleRequest(null, Object(Config\Cache), false)
13 SYSTEMPATH\Boot.php(325): CodeIgniter\CodeIgniter->run()
14 SYSTEMPATH\Boot.php(67): CodeIgniter\Boot::runCodeIgniter(Object(CodeIgniter\CodeIgniter))
15 FCPATH\index.php(56): CodeIgniter\Boot::bootWeb(Object(Config\Paths))
WARNING - 2026-05-13 05:18:27 --> [DEPRECATED] strtotime(): Passing null to parameter #1 ($datetime) of type string is deprecated in APPPATH\Views\Ebook\v_index.php on line 83.
 1 APPPATH\Views\Ebook\v_index.php(83): strtotime(null)
 2 SYSTEMPATH\View\View.php(234): include('C:\\xampp\\htdocs\\si_ekatalog_ci4\\app\\Views\\Ebook\\v_index.php')
 3 SYSTEMPATH\View\View.php(237): CodeIgniter\View\View->CodeIgniter\View\{closure}()
 4 SYSTEMPATH\Common.php(1171): CodeIgniter\View\View->render('ebook/v_index', [], true)
 5 APPPATH\Views\v_template_admin.php(288): view('ebook/v_index')
 6 SYSTEMPATH\View\View.php(234): include('C:\\xampp\\htdocs\\si_ekatalog_ci4\\app\\Views\\v_template_admin.php')
 7 SYSTEMPATH\View\View.php(237): CodeIgniter\View\View->CodeIgniter\View\{closure}()
 8 SYSTEMPATH\Common.php(1171): CodeIgniter\View\View->render('v_template_admin', [], true)
 9 APPPATH\Controllers\Ebook.php(44): view('v_template_admin', [...])
10 SYSTEMPATH\CodeIgniter.php(933): App\Controllers\Ebook->index()
11 SYSTEMPATH\CodeIgniter.php(509): CodeIgniter\CodeIgniter->runController(Object(App\Controllers\Ebook))
12 SYSTEMPATH\CodeIgniter.php(355): CodeIgniter\CodeIgniter->handleRequest(null, Object(Config\Cache), false)
13 SYSTEMPATH\Boot.php(325): CodeIgniter\CodeIgniter->run()
14 SYSTEMPATH\Boot.php(67): CodeIgniter\Boot::runCodeIgniter(Object(CodeIgniter\CodeIgniter))
15 FCPATH\index.php(56): CodeIgniter\Boot::bootWeb(Object(Config\Paths))
WARNING - 2026-05-13 05:18:27 --> [DEPRECATED] strtotime(): Passing null to parameter #1 ($datetime) of type string is deprecated in APPPATH\Views\Ebook\v_index.php on line 83.
 1 APPPATH\Views\Ebook\v_index.php(83): strtotime(null)
 2 SYSTEMPATH\View\View.php(234): include('C:\\xampp\\htdocs\\si_ekatalog_ci4\\app\\Views\\Ebook\\v_index.php')
 3 SYSTEMPATH\View\View.php(237): CodeIgniter\View\View->CodeIgniter\View\{closure}()
 4 SYSTEMPATH\Common.php(1171): CodeIgniter\View\View->render('ebook/v_index', [], true)
 5 APPPATH\Views\v_template_admin.php(288): view('ebook/v_index')
 6 SYSTEMPATH\View\View.php(234): include('C:\\xampp\\htdocs\\si_ekatalog_ci4\\app\\Views\\v_template_admin.php')
 7 SYSTEMPATH\View\View.php(237): CodeIgniter\View\View->CodeIgniter\View\{closure}()
 8 SYSTEMPATH\Common.php(1171): CodeIgniter\View\View->render('v_template_admin', [], true)
 9 APPPATH\Controllers\Ebook.php(44): view('v_template_admin', [...])
10 SYSTEMPATH\CodeIgniter.php(933): App\Controllers\Ebook->index()
11 SYSTEMPATH\CodeIgniter.php(509): CodeIgniter\CodeIgniter->runController(Object(App\Controllers\Ebook))
12 SYSTEMPATH\CodeIgniter.php(355): CodeIgniter\CodeIgniter->handleRequest(null, Object(Config\Cache), false)
13 SYSTEMPATH\Boot.php(325): CodeIgniter\CodeIgniter->run()
14 SYSTEMPATH\Boot.php(67): CodeIgniter\Boot::runCodeIgniter(Object(CodeIgniter\CodeIgniter))
15 FCPATH\index.php(56): CodeIgniter\Boot::bootWeb(Object(Config\Paths))
WARNING - 2026-05-13 05:18:27 --> [DEPRECATED] strtotime(): Passing null to parameter #1 ($datetime) of type string is deprecated in APPPATH\Views\Ebook\v_index.php on line 83.
 1 APPPATH\Views\Ebook\v_index.php(83): strtotime(null)
 2 SYSTEMPATH\View\View.php(234): include('C:\\xampp\\htdocs\\si_ekatalog_ci4\\app\\Views\\Ebook\\v_index.php')
 3 SYSTEMPATH\View\View.php(237): CodeIgniter\View\View->CodeIgniter\View\{closure}()
 4 SYSTEMPATH\Common.php(1171): CodeIgniter\View\View->render('ebook/v_index', [], true)
 5 APPPATH\Views\v_template_admin.php(288): view('ebook/v_index')
 6 SYSTEMPATH\View\View.php(234): include('C:\\xampp\\htdocs\\si_ekatalog_ci4\\app\\Views\\v_template_admin.php')
 7 SYSTEMPATH\View\View.php(237): CodeIgniter\View\View->CodeIgniter\View\{closure}()
 8 SYSTEMPATH\Common.php(1171): CodeIgniter\View\View->render('v_template_admin', [], true)
 9 APPPATH\Controllers\Ebook.php(44): view('v_template_admin', [...])
10 SYSTEMPATH\CodeIgniter.php(933): App\Controllers\Ebook->index()
11 SYSTEMPATH\CodeIgniter.php(509): CodeIgniter\CodeIgniter->runController(Object(App\Controllers\Ebook))
12 SYSTEMPATH\CodeIgniter.php(355): CodeIgniter\CodeIgniter->handleRequest(null, Object(Config\Cache), false)
13 SYSTEMPATH\Boot.php(325): CodeIgniter\CodeIgniter->run()
14 SYSTEMPATH\Boot.php(67): CodeIgniter\Boot::runCodeIgniter(Object(CodeIgniter\CodeIgniter))
15 FCPATH\index.php(56): CodeIgniter\Boot::bootWeb(Object(Config\Paths))
WARNING - 2026-05-13 05:18:27 --> [DEPRECATED] strtotime(): Passing null to parameter #1 ($datetime) of type string is deprecated in APPPATH\Views\Ebook\v_index.php on line 83.
 1 APPPATH\Views\Ebook\v_index.php(83): strtotime(null)
 2 SYSTEMPATH\View\View.php(234): include('C:\\xampp\\htdocs\\si_ekatalog_ci4\\app\\Views\\Ebook\\v_index.php')
 3 SYSTEMPATH\View\View.php(237): CodeIgniter\View\View->CodeIgniter\View\{closure}()
 4 SYSTEMPATH\Common.php(1171): CodeIgniter\View\View->render('ebook/v_index', [], true)
 5 APPPATH\Views\v_template_admin.php(288): view('ebook/v_index')
 6 SYSTEMPATH\View\View.php(234): include('C:\\xampp\\htdocs\\si_ekatalog_ci4\\app\\Views\\v_template_admin.php')
 7 SYSTEMPATH\View\View.php(237): CodeIgniter\View\View->CodeIgniter\View\{closure}()
 8 SYSTEMPATH\Common.php(1171): CodeIgniter\View\View->render('v_template_admin', [], true)
 9 APPPATH\Controllers\Ebook.php(44): view('v_template_admin', [...])
10 SYSTEMPATH\CodeIgniter.php(933): App\Controllers\Ebook->index()
11 SYSTEMPATH\CodeIgniter.php(509): CodeIgniter\CodeIgniter->runController(Object(App\Controllers\Ebook))
12 SYSTEMPATH\CodeIgniter.php(355): CodeIgniter\CodeIgniter->handleRequest(null, Object(Config\Cache), false)
13 SYSTEMPATH\Boot.php(325): CodeIgniter\CodeIgniter->run()
14 SYSTEMPATH\Boot.php(67): CodeIgniter\Boot::runCodeIgniter(Object(CodeIgniter\CodeIgniter))
15 FCPATH\index.php(56): CodeIgniter\Boot::bootWeb(Object(Config\Paths))
WARNING - 2026-05-13 05:18:27 --> [DEPRECATED] strtotime(): Passing null to parameter #1 ($datetime) of type string is deprecated in APPPATH\Views\Ebook\v_index.php on line 83.
 1 APPPATH\Views\Ebook\v_index.php(83): strtotime(null)
 2 SYSTEMPATH\View\View.php(234): include('C:\\xampp\\htdocs\\si_ekatalog_ci4\\app\\Views\\Ebook\\v_index.php')
 3 SYSTEMPATH\View\View.php(237): CodeIgniter\View\View->CodeIgniter\View\{closure}()
 4 SYSTEMPATH\Common.php(1171): CodeIgniter\View\View->render('ebook/v_index', [], true)
 5 APPPATH\Views\v_template_admin.php(288): view('ebook/v_index')
 6 SYSTEMPATH\View\View.php(234): include('C:\\xampp\\htdocs\\si_ekatalog_ci4\\app\\Views\\v_template_admin.php')
 7 SYSTEMPATH\View\View.php(237): CodeIgniter\View\View->CodeIgniter\View\{closure}()
 8 SYSTEMPATH\Common.php(1171): CodeIgniter\View\View->render('v_template_admin', [], true)
 9 APPPATH\Controllers\Ebook.php(44): view('v_template_admin', [...])
10 SYSTEMPATH\CodeIgniter.php(933): App\Controllers\Ebook->index()
11 SYSTEMPATH\CodeIgniter.php(509): CodeIgniter\CodeIgniter->runController(Object(App\Controllers\Ebook))
12 SYSTEMPATH\CodeIgniter.php(355): CodeIgniter\CodeIgniter->handleRequest(null, Object(Config\Cache), false)
13 SYSTEMPATH\Boot.php(325): CodeIgniter\CodeIgniter->run()
14 SYSTEMPATH\Boot.php(67): CodeIgniter\Boot::runCodeIgniter(Object(CodeIgniter\CodeIgniter))
15 FCPATH\index.php(56): CodeIgniter\Boot::bootWeb(Object(Config\Paths))
WARNING - 2026-05-13 05:18:27 --> [DEPRECATED] strtotime(): Passing null to parameter #1 ($datetime) of type string is deprecated in APPPATH\Views\Ebook\v_index.php on line 83.
 1 APPPATH\Views\Ebook\v_index.php(83): strtotime(null)
 2 SYSTEMPATH\View\View.php(234): include('C:\\xampp\\htdocs\\si_ekatalog_ci4\\app\\Views\\Ebook\\v_index.php')
 3 SYSTEMPATH\View\View.php(237): CodeIgniter\View\View->CodeIgniter\View\{closure}()
 4 SYSTEMPATH\Common.php(1171): CodeIgniter\View\View->render('ebook/v_index', [], true)
 5 APPPATH\Views\v_template_admin.php(288): view('ebook/v_index')
 6 SYSTEMPATH\View\View.php(234): include('C:\\xampp\\htdocs\\si_ekatalog_ci4\\app\\Views\\v_template_admin.php')
 7 SYSTEMPATH\View\View.php(237): CodeIgniter\View\View->CodeIgniter\View\{closure}()
 8 SYSTEMPATH\Common.php(1171): CodeIgniter\View\View->render('v_template_admin', [], true)
 9 APPPATH\Controllers\Ebook.php(44): view('v_template_admin', [...])
10 SYSTEMPATH\CodeIgniter.php(933): App\Controllers\Ebook->index()
11 SYSTEMPATH\CodeIgniter.php(509): CodeIgniter\CodeIgniter->runController(Object(App\Controllers\Ebook))
12 SYSTEMPATH\CodeIgniter.php(355): CodeIgniter\CodeIgniter->handleRequest(null, Object(Config\Cache), false)
13 SYSTEMPATH\Boot.php(325): CodeIgniter\CodeIgniter->run()
14 SYSTEMPATH\Boot.php(67): CodeIgniter\Boot::runCodeIgniter(Object(CodeIgniter\CodeIgniter))
15 FCPATH\index.php(56): CodeIgniter\Boot::bootWeb(Object(Config\Paths))
WARNING - 2026-05-13 05:18:27 --> [DEPRECATED] strtotime(): Passing null to parameter #1 ($datetime) of type string is deprecated in APPPATH\Views\Ebook\v_index.php on line 83.
 1 APPPATH\Views\Ebook\v_index.php(83): strtotime(null)
 2 SYSTEMPATH\View\View.php(234): include('C:\\xampp\\htdocs\\si_ekatalog_ci4\\app\\Views\\Ebook\\v_index.php')
 3 SYSTEMPATH\View\View.php(237): CodeIgniter\View\View->CodeIgniter\View\{closure}()
 4 SYSTEMPATH\Common.php(1171): CodeIgniter\View\View->render('ebook/v_index', [], true)
 5 APPPATH\Views\v_template_admin.php(288): view('ebook/v_index')
 6 SYSTEMPATH\View\View.php(234): include('C:\\xampp\\htdocs\\si_ekatalog_ci4\\app\\Views\\v_template_admin.php')
 7 SYSTEMPATH\View\View.php(237): CodeIgniter\View\View->CodeIgniter\View\{closure}()
 8 SYSTEMPATH\Common.php(1171): CodeIgniter\View\View->render('v_template_admin', [], true)
 9 APPPATH\Controllers\Ebook.php(44): view('v_template_admin', [...])
10 SYSTEMPATH\CodeIgniter.php(933): App\Controllers\Ebook->index()
11 SYSTEMPATH\CodeIgniter.php(509): CodeIgniter\CodeIgniter->runController(Object(App\Controllers\Ebook))
12 SYSTEMPATH\CodeIgniter.php(355): CodeIgniter\CodeIgniter->handleRequest(null, Object(Config\Cache), false)
13 SYSTEMPATH\Boot.php(325): CodeIgniter\CodeIgniter->run()
14 SYSTEMPATH\Boot.php(67): CodeIgniter\Boot::runCodeIgniter(Object(CodeIgniter\CodeIgniter))
15 FCPATH\index.php(56): CodeIgniter\Boot::bootWeb(Object(Config\Paths))
WARNING - 2026-05-13 05:18:27 --> [DEPRECATED] strtotime(): Passing null to parameter #1 ($datetime) of type string is deprecated in APPPATH\Views\Ebook\v_index.php on line 83.
 1 APPPATH\Views\Ebook\v_index.php(83): strtotime(null)
 2 SYSTEMPATH\View\View.php(234): include('C:\\xampp\\htdocs\\si_ekatalog_ci4\\app\\Views\\Ebook\\v_index.php')
 3 SYSTEMPATH\View\View.php(237): CodeIgniter\View\View->CodeIgniter\View\{closure}()
 4 SYSTEMPATH\Common.php(1171): CodeIgniter\View\View->render('ebook/v_index', [], true)
 5 APPPATH\Views\v_template_admin.php(288): view('ebook/v_index')
 6 SYSTEMPATH\View\View.php(234): include('C:\\xampp\\htdocs\\si_ekatalog_ci4\\app\\Views\\v_template_admin.php')
 7 SYSTEMPATH\View\View.php(237): CodeIgniter\View\View->CodeIgniter\View\{closure}()
 8 SYSTEMPATH\Common.php(1171): CodeIgniter\View\View->render('v_template_admin', [], true)
 9 APPPATH\Controllers\Ebook.php(44): view('v_template_admin', [...])
10 SYSTEMPATH\CodeIgniter.php(933): App\Controllers\Ebook->index()
11 SYSTEMPATH\CodeIgniter.php(509): CodeIgniter\CodeIgniter->runController(Object(App\Controllers\Ebook))
12 SYSTEMPATH\CodeIgniter.php(355): CodeIgniter\CodeIgniter->handleRequest(null, Object(Config\Cache), false)
13 SYSTEMPATH\Boot.php(325): CodeIgniter\CodeIgniter->run()
14 SYSTEMPATH\Boot.php(67): CodeIgniter\Boot::runCodeIgniter(Object(CodeIgniter\CodeIgniter))
15 FCPATH\index.php(56): CodeIgniter\Boot::bootWeb(Object(Config\Paths))
WARNING - 2026-05-13 05:18:27 --> [DEPRECATED] strtotime(): Passing null to parameter #1 ($datetime) of type string is deprecated in APPPATH\Views\Ebook\v_index.php on line 83.
 1 APPPATH\Views\Ebook\v_index.php(83): strtotime(null)
 2 SYSTEMPATH\View\View.php(234): include('C:\\xampp\\htdocs\\si_ekatalog_ci4\\app\\Views\\Ebook\\v_index.php')
 3 SYSTEMPATH\View\View.php(237): CodeIgniter\View\View->CodeIgniter\View\{closure}()
 4 SYSTEMPATH\Common.php(1171): CodeIgniter\View\View->render('ebook/v_index', [], true)
 5 APPPATH\Views\v_template_admin.php(288): view('ebook/v_index')
 6 SYSTEMPATH\View\View.php(234): include('C:\\xampp\\htdocs\\si_ekatalog_ci4\\app\\Views\\v_template_admin.php')
 7 SYSTEMPATH\View\View.php(237): CodeIgniter\View\View->CodeIgniter\View\{closure}()
 8 SYSTEMPATH\Common.php(1171): CodeIgniter\View\View->render('v_template_admin', [], true)
 9 APPPATH\Controllers\Ebook.php(44): view('v_template_admin', [...])
10 SYSTEMPATH\CodeIgniter.php(933): App\Controllers\Ebook->index()
11 SYSTEMPATH\CodeIgniter.php(509): CodeIgniter\CodeIgniter->runController(Object(App\Controllers\Ebook))
12 SYSTEMPATH\CodeIgniter.php(355): CodeIgniter\CodeIgniter->handleRequest(null, Object(Config\Cache), false)
13 SYSTEMPATH\Boot.php(325): CodeIgniter\CodeIgniter->run()
14 SYSTEMPATH\Boot.php(67): CodeIgniter\Boot::runCodeIgniter(Object(CodeIgniter\CodeIgniter))
15 FCPATH\index.php(56): CodeIgniter\Boot::bootWeb(Object(Config\Paths))
WARNING - 2026-05-13 05:18:27 --> [DEPRECATED] strtotime(): Passing null to parameter #1 ($datetime) of type string is deprecated in APPPATH\Views\Ebook\v_index.php on line 83.
 1 APPPATH\Views\Ebook\v_index.php(83): strtotime(null)
 2 SYSTEMPATH\View\View.php(234): include('C:\\xampp\\htdocs\\si_ekatalog_ci4\\app\\Views\\Ebook\\v_index.php')
 3 SYSTEMPATH\View\View.php(237): CodeIgniter\View\View->CodeIgniter\View\{closure}()
 4 SYSTEMPATH\Common.php(1171): CodeIgniter\View\View->render('ebook/v_index', [], true)
 5 APPPATH\Views\v_template_admin.php(288): view('ebook/v_index')
 6 SYSTEMPATH\View\View.php(234): include('C:\\xampp\\htdocs\\si_ekatalog_ci4\\app\\Views\\v_template_admin.php')
 7 SYSTEMPATH\View\View.php(237): CodeIgniter\View\View->CodeIgniter\View\{closure}()
 8 SYSTEMPATH\Common.php(1171): CodeIgniter\View\View->render('v_template_admin', [], true)
 9 APPPATH\Controllers\Ebook.php(44): view('v_template_admin', [...])
10 SYSTEMPATH\CodeIgniter.php(933): App\Controllers\Ebook->index()
11 SYSTEMPATH\CodeIgniter.php(509): CodeIgniter\CodeIgniter->runController(Object(App\Controllers\Ebook))
12 SYSTEMPATH\CodeIgniter.php(355): CodeIgniter\CodeIgniter->handleRequest(null, Object(Config\Cache), false)
13 SYSTEMPATH\Boot.php(325): CodeIgniter\CodeIgniter->run()
14 SYSTEMPATH\Boot.php(67): CodeIgniter\Boot::runCodeIgniter(Object(CodeIgniter\CodeIgniter))
15 FCPATH\index.php(56): CodeIgniter\Boot::bootWeb(Object(Config\Paths))
INFO - 2026-05-13 05:18:30 --> Session: Class initialized using 'CodeIgniter\Session\Handlers\FileHandler' driver.
INFO - 2026-05-13 05:18:37 --> Session: Class initialized using 'CodeIgniter\Session\Handlers\FileHandler' driver.
INFO - 2026-05-13 05:52:07 --> Session: Class initialized using 'CodeIgniter\Session\Handlers\FileHandler' driver.
WARNING - 2026-05-13 05:52:07 --> [DEPRECATED] strtotime(): Passing null to parameter #1 ($datetime) of type string is deprecated in APPPATH\Views\Ebook\v_index.php on line 83.
 1 APPPATH\Views\Ebook\v_index.php(83): strtotime(null)
 2 SYSTEMPATH\View\View.php(234): include('C:\\xampp\\htdocs\\si_ekatalog_ci4\\app\\Views\\Ebook\\v_index.php')
 3 SYSTEMPATH\View\View.php(237): CodeIgniter\View\View->CodeIgniter\View\{closure}()
 4 SYSTEMPATH\Common.php(1171): CodeIgniter\View\View->render('ebook/v_index', [], true)
 5 APPPATH\Views\v_template_admin.php(288): view('ebook/v_index')
 6 SYSTEMPATH\View\View.php(234): include('C:\\xampp\\htdocs\\si_ekatalog_ci4\\app\\Views\\v_template_admin.php')
 7 SYSTEMPATH\View\View.php(237): CodeIgniter\View\View->CodeIgniter\View\{closure}()
 8 SYSTEMPATH\Common.php(1171): CodeIgniter\View\View->render('v_template_admin', [], true)
 9 APPPATH\Controllers\Ebook.php(44): view('v_template_admin', [...])
10 SYSTEMPATH\CodeIgniter.php(933): App\Controllers\Ebook->index()
11 SYSTEMPATH\CodeIgniter.php(509): CodeIgniter\CodeIgniter->runController(Object(App\Controllers\Ebook))
12 SYSTEMPATH\CodeIgniter.php(355): CodeIgniter\CodeIgniter->handleRequest(null, Object(Config\Cache), false)
13 SYSTEMPATH\Boot.php(325): CodeIgniter\CodeIgniter->run()
14 SYSTEMPATH\Boot.php(67): CodeIgniter\Boot::runCodeIgniter(Object(CodeIgniter\CodeIgniter))
15 FCPATH\index.php(56): CodeIgniter\Boot::bootWeb(Object(Config\Paths))
WARNING - 2026-05-13 05:52:07 --> [DEPRECATED] strtotime(): Passing null to parameter #1 ($datetime) of type string is deprecated in APPPATH\Views\Ebook\v_index.php on line 83.
 1 APPPATH\Views\Ebook\v_index.php(83): strtotime(null)
 2 SYSTEMPATH\View\View.php(234): include('C:\\xampp\\htdocs\\si_ekatalog_ci4\\app\\Views\\Ebook\\v_index.php')
 3 SYSTEMPATH\View\View.php(237): CodeIgniter\View\View->CodeIgniter\View\{closure}()
 4 SYSTEMPATH\Common.php(1171): CodeIgniter\View\View->render('ebook/v_index', [], true)
 5 APPPATH\Views\v_template_admin.php(288): view('ebook/v_index')
 6 SYSTEMPATH\View\View.php(234): include('C:\\xampp\\htdocs\\si_ekatalog_ci4\\app\\Views\\v_template_admin.php')
 7 SYSTEMPATH\View\View.php(237): CodeIgniter\View\View->CodeIgniter\View\{closure}()
 8 SYSTEMPATH\Common.php(1171): CodeIgniter\View\View->render('v_template_admin', [], true)
 9 APPPATH\Controllers\Ebook.php(44): view('v_template_admin', [...])
10 SYSTEMPATH\CodeIgniter.php(933): App\Controllers\Ebook->index()
11 SYSTEMPATH\CodeIgniter.php(509): CodeIgniter\CodeIgniter->runController(Object(App\Controllers\Ebook))
12 SYSTEMPATH\CodeIgniter.php(355): CodeIgniter\CodeIgniter->handleRequest(null, Object(Config\Cache), false)
13 SYSTEMPATH\Boot.php(325): CodeIgniter\CodeIgniter->run()
14 SYSTEMPATH\Boot.php(67): CodeIgniter\Boot::runCodeIgniter(Object(CodeIgniter\CodeIgniter))
15 FCPATH\index.php(56): CodeIgniter\Boot::bootWeb(Object(Config\Paths))
WARNING - 2026-05-13 05:52:07 --> [DEPRECATED] strtotime(): Passing null to parameter #1 ($datetime) of type string is deprecated in APPPATH\Views\Ebook\v_index.php on line 83.
 1 APPPATH\Views\Ebook\v_index.php(83): strtotime(null)
 2 SYSTEMPATH\View\View.php(234): include('C:\\xampp\\htdocs\\si_ekatalog_ci4\\app\\Views\\Ebook\\v_index.php')
 3 SYSTEMPATH\View\View.php(237): CodeIgniter\View\View->CodeIgniter\View\{closure}()
 4 SYSTEMPATH\Common.php(1171): CodeIgniter\View\View->render('ebook/v_index', [], true)
 5 APPPATH\Views\v_template_admin.php(288): view('ebook/v_index')
 6 SYSTEMPATH\View\View.php(234): include('C:\\xampp\\htdocs\\si_ekatalog_ci4\\app\\Views\\v_template_admin.php')
 7 SYSTEMPATH\View\View.php(237): CodeIgniter\View\View->CodeIgniter\View\{closure}()
 8 SYSTEMPATH\Common.php(1171): CodeIgniter\View\View->render('v_template_admin', [], true)
 9 APPPATH\Controllers\Ebook.php(44): view('v_template_admin', [...])
10 SYSTEMPATH\CodeIgniter.php(933): App\Controllers\Ebook->index()
11 SYSTEMPATH\CodeIgniter.php(509): CodeIgniter\CodeIgniter->runController(Object(App\Controllers\Ebook))
12 SYSTEMPATH\CodeIgniter.php(355): CodeIgniter\CodeIgniter->handleRequest(null, Object(Config\Cache), false)
13 SYSTEMPATH\Boot.php(325): CodeIgniter\CodeIgniter->run()
14 SYSTEMPATH\Boot.php(67): CodeIgniter\Boot::runCodeIgniter(Object(CodeIgniter\CodeIgniter))
15 FCPATH\index.php(56): CodeIgniter\Boot::bootWeb(Object(Config\Paths))
WARNING - 2026-05-13 05:52:07 --> [DEPRECATED] strtotime(): Passing null to parameter #1 ($datetime) of type string is deprecated in APPPATH\Views\Ebook\v_index.php on line 83.
 1 APPPATH\Views\Ebook\v_index.php(83): strtotime(null)
 2 SYSTEMPATH\View\View.php(234): include('C:\\xampp\\htdocs\\si_ekatalog_ci4\\app\\Views\\Ebook\\v_index.php')
 3 SYSTEMPATH\View\View.php(237): CodeIgniter\View\View->CodeIgniter\View\{closure}()
 4 SYSTEMPATH\Common.php(1171): CodeIgniter\View\View->render('ebook/v_index', [], true)
 5 APPPATH\Views\v_template_admin.php(288): view('ebook/v_index')
 6 SYSTEMPATH\View\View.php(234): include('C:\\xampp\\htdocs\\si_ekatalog_ci4\\app\\Views\\v_template_admin.php')
 7 SYSTEMPATH\View\View.php(237): CodeIgniter\View\View->CodeIgniter\View\{closure}()
 8 SYSTEMPATH\Common.php(1171): CodeIgniter\View\View->render('v_template_admin', [], true)
 9 APPPATH\Controllers\Ebook.php(44): view('v_template_admin', [...])
10 SYSTEMPATH\CodeIgniter.php(933): App\Controllers\Ebook->index()
11 SYSTEMPATH\CodeIgniter.php(509): CodeIgniter\CodeIgniter->runController(Object(App\Controllers\Ebook))
12 SYSTEMPATH\CodeIgniter.php(355): CodeIgniter\CodeIgniter->handleRequest(null, Object(Config\Cache), false)
13 SYSTEMPATH\Boot.php(325): CodeIgniter\CodeIgniter->run()
14 SYSTEMPATH\Boot.php(67): CodeIgniter\Boot::runCodeIgniter(Object(CodeIgniter\CodeIgniter))
15 FCPATH\index.php(56): CodeIgniter\Boot::bootWeb(Object(Config\Paths))
WARNING - 2026-05-13 05:52:07 --> [DEPRECATED] strtotime(): Passing null to parameter #1 ($datetime) of type string is deprecated in APPPATH\Views\Ebook\v_index.php on line 83.
 1 APPPATH\Views\Ebook\v_index.php(83): strtotime(null)
 2 SYSTEMPATH\View\View.php(234): include('C:\\xampp\\htdocs\\si_ekatalog_ci4\\app\\Views\\Ebook\\v_index.php')
 3 SYSTEMPATH\View\View.php(237): CodeIgniter\View\View->CodeIgniter\View\{closure}()
 4 SYSTEMPATH\Common.php(1171): CodeIgniter\View\View->render('ebook/v_index', [], true)
 5 APPPATH\Views\v_template_admin.php(288): view('ebook/v_index')
 6 SYSTEMPATH\View\View.php(234): include('C:\\xampp\\htdocs\\si_ekatalog_ci4\\app\\Views\\v_template_admin.php')
 7 SYSTEMPATH\View\View.php(237): CodeIgniter\View\View->CodeIgniter\View\{closure}()
 8 SYSTEMPATH\Common.php(1171): CodeIgniter\View\View->render('v_template_admin', [], true)
 9 APPPATH\Controllers\Ebook.php(44): view('v_template_admin', [...])
10 SYSTEMPATH\CodeIgniter.php(933): App\Controllers\Ebook->index()
11 SYSTEMPATH\CodeIgniter.php(509): CodeIgniter\CodeIgniter->runController(Object(App\Controllers\Ebook))
12 SYSTEMPATH\CodeIgniter.php(355): CodeIgniter\CodeIgniter->handleRequest(null, Object(Config\Cache), false)
13 SYSTEMPATH\Boot.php(325): CodeIgniter\CodeIgniter->run()
14 SYSTEMPATH\Boot.php(67): CodeIgniter\Boot::runCodeIgniter(Object(CodeIgniter\CodeIgniter))
15 FCPATH\index.php(56): CodeIgniter\Boot::bootWeb(Object(Config\Paths))
WARNING - 2026-05-13 05:52:07 --> [DEPRECATED] strtotime(): Passing null to parameter #1 ($datetime) of type string is deprecated in APPPATH\Views\Ebook\v_index.php on line 83.
 1 APPPATH\Views\Ebook\v_index.php(83): strtotime(null)
 2 SYSTEMPATH\View\View.php(234): include('C:\\xampp\\htdocs\\si_ekatalog_ci4\\app\\Views\\Ebook\\v_index.php')
 3 SYSTEMPATH\View\View.php(237): CodeIgniter\View\View->CodeIgniter\View\{closure}()
 4 SYSTEMPATH\Common.php(1171): CodeIgniter\View\View->render('ebook/v_index', [], true)
 5 APPPATH\Views\v_template_admin.php(288): view('ebook/v_index')
 6 SYSTEMPATH\View\View.php(234): include('C:\\xampp\\htdocs\\si_ekatalog_ci4\\app\\Views\\v_template_admin.php')
 7 SYSTEMPATH\View\View.php(237): CodeIgniter\View\View->CodeIgniter\View\{closure}()
 8 SYSTEMPATH\Common.php(1171): CodeIgniter\View\View->render('v_template_admin', [], true)
 9 APPPATH\Controllers\Ebook.php(44): view('v_template_admin', [...])
10 SYSTEMPATH\CodeIgniter.php(933): App\Controllers\Ebook->index()
11 SYSTEMPATH\CodeIgniter.php(509): CodeIgniter\CodeIgniter->runController(Object(App\Controllers\Ebook))
12 SYSTEMPATH\CodeIgniter.php(355): CodeIgniter\CodeIgniter->handleRequest(null, Object(Config\Cache), false)
13 SYSTEMPATH\Boot.php(325): CodeIgniter\CodeIgniter->run()
14 SYSTEMPATH\Boot.php(67): CodeIgniter\Boot::runCodeIgniter(Object(CodeIgniter\CodeIgniter))
15 FCPATH\index.php(56): CodeIgniter\Boot::bootWeb(Object(Config\Paths))
WARNING - 2026-05-13 05:52:07 --> [DEPRECATED] strtotime(): Passing null to parameter #1 ($datetime) of type string is deprecated in APPPATH\Views\Ebook\v_index.php on line 83.
 1 APPPATH\Views\Ebook\v_index.php(83): strtotime(null)
 2 SYSTEMPATH\View\View.php(234): include('C:\\xampp\\htdocs\\si_ekatalog_ci4\\app\\Views\\Ebook\\v_index.php')
 3 SYSTEMPATH\View\View.php(237): CodeIgniter\View\View->CodeIgniter\View\{closure}()
 4 SYSTEMPATH\Common.php(1171): CodeIgniter\View\View->render('ebook/v_index', [], true)
 5 APPPATH\Views\v_template_admin.php(288): view('ebook/v_index')
 6 SYSTEMPATH\View\View.php(234): include('C:\\xampp\\htdocs\\si_ekatalog_ci4\\app\\Views\\v_template_admin.php')
 7 SYSTEMPATH\View\View.php(237): CodeIgniter\View\View->CodeIgniter\View\{closure}()
 8 SYSTEMPATH\Common.php(1171): CodeIgniter\View\View->render('v_template_admin', [], true)
 9 APPPATH\Controllers\Ebook.php(44): view('v_template_admin', [...])
10 SYSTEMPATH\CodeIgniter.php(933): App\Controllers\Ebook->index()
11 SYSTEMPATH\CodeIgniter.php(509): CodeIgniter\CodeIgniter->runController(Object(App\Controllers\Ebook))
12 SYSTEMPATH\CodeIgniter.php(355): CodeIgniter\CodeIgniter->handleRequest(null, Object(Config\Cache), false)
13 SYSTEMPATH\Boot.php(325): CodeIgniter\CodeIgniter->run()
14 SYSTEMPATH\Boot.php(67): CodeIgniter\Boot::runCodeIgniter(Object(CodeIgniter\CodeIgniter))
15 FCPATH\index.php(56): CodeIgniter\Boot::bootWeb(Object(Config\Paths))
WARNING - 2026-05-13 05:52:07 --> [DEPRECATED] strtotime(): Passing null to parameter #1 ($datetime) of type string is deprecated in APPPATH\Views\Ebook\v_index.php on line 83.
 1 APPPATH\Views\Ebook\v_index.php(83): strtotime(null)
 2 SYSTEMPATH\View\View.php(234): include('C:\\xampp\\htdocs\\si_ekatalog_ci4\\app\\Views\\Ebook\\v_index.php')
 3 SYSTEMPATH\View\View.php(237): CodeIgniter\View\View->CodeIgniter\View\{closure}()
 4 SYSTEMPATH\Common.php(1171): CodeIgniter\View\View->render('ebook/v_index', [], true)
 5 APPPATH\Views\v_template_admin.php(288): view('ebook/v_index')
 6 SYSTEMPATH\View\View.php(234): include('C:\\xampp\\htdocs\\si_ekatalog_ci4\\app\\Views\\v_template_admin.php')
 7 SYSTEMPATH\View\View.php(237): CodeIgniter\View\View->CodeIgniter\View\{closure}()
 8 SYSTEMPATH\Common.php(1171): CodeIgniter\View\View->render('v_template_admin', [], true)
 9 APPPATH\Controllers\Ebook.php(44): view('v_template_admin', [...])
10 SYSTEMPATH\CodeIgniter.php(933): App\Controllers\Ebook->index()
11 SYSTEMPATH\CodeIgniter.php(509): CodeIgniter\CodeIgniter->runController(Object(App\Controllers\Ebook))
12 SYSTEMPATH\CodeIgniter.php(355): CodeIgniter\CodeIgniter->handleRequest(null, Object(Config\Cache), false)
13 SYSTEMPATH\Boot.php(325): CodeIgniter\CodeIgniter->run()
14 SYSTEMPATH\Boot.php(67): CodeIgniter\Boot::runCodeIgniter(Object(CodeIgniter\CodeIgniter))
15 FCPATH\index.php(56): CodeIgniter\Boot::bootWeb(Object(Config\Paths))
WARNING - 2026-05-13 05:52:07 --> [DEPRECATED] strtotime(): Passing null to parameter #1 ($datetime) of type string is deprecated in APPPATH\Views\Ebook\v_index.php on line 83.
 1 APPPATH\Views\Ebook\v_index.php(83): strtotime(null)
 2 SYSTEMPATH\View\View.php(234): include('C:\\xampp\\htdocs\\si_ekatalog_ci4\\app\\Views\\Ebook\\v_index.php')
 3 SYSTEMPATH\View\View.php(237): CodeIgniter\View\View->CodeIgniter\View\{closure}()
 4 SYSTEMPATH\Common.php(1171): CodeIgniter\View\View->render('ebook/v_index', [], true)
 5 APPPATH\Views\v_template_admin.php(288): view('ebook/v_index')
 6 SYSTEMPATH\View\View.php(234): include('C:\\xampp\\htdocs\\si_ekatalog_ci4\\app\\Views\\v_template_admin.php')
 7 SYSTEMPATH\View\View.php(237): CodeIgniter\View\View->CodeIgniter\View\{closure}()
 8 SYSTEMPATH\Common.php(1171): CodeIgniter\View\View->render('v_template_admin', [], true)
 9 APPPATH\Controllers\Ebook.php(44): view('v_template_admin', [...])
10 SYSTEMPATH\CodeIgniter.php(933): App\Controllers\Ebook->index()
11 SYSTEMPATH\CodeIgniter.php(509): CodeIgniter\CodeIgniter->runController(Object(App\Controllers\Ebook))
12 SYSTEMPATH\CodeIgniter.php(355): CodeIgniter\CodeIgniter->handleRequest(null, Object(Config\Cache), false)
13 SYSTEMPATH\Boot.php(325): CodeIgniter\CodeIgniter->run()
14 SYSTEMPATH\Boot.php(67): CodeIgniter\Boot::runCodeIgniter(Object(CodeIgniter\CodeIgniter))
15 FCPATH\index.php(56): CodeIgniter\Boot::bootWeb(Object(Config\Paths))
WARNING - 2026-05-13 05:52:07 --> [DEPRECATED] strtotime(): Passing null to parameter #1 ($datetime) of type string is deprecated in APPPATH\Views\Ebook\v_index.php on line 83.
 1 APPPATH\Views\Ebook\v_index.php(83): strtotime(null)
 2 SYSTEMPATH\View\View.php(234): include('C:\\xampp\\htdocs\\si_ekatalog_ci4\\app\\Views\\Ebook\\v_index.php')
 3 SYSTEMPATH\View\View.php(237): CodeIgniter\View\View->CodeIgniter\View\{closure}()
 4 SYSTEMPATH\Common.php(1171): CodeIgniter\View\View->render('ebook/v_index', [], true)
 5 APPPATH\Views\v_template_admin.php(288): view('ebook/v_index')
 6 SYSTEMPATH\View\View.php(234): include('C:\\xampp\\htdocs\\si_ekatalog_ci4\\app\\Views\\v_template_admin.php')
 7 SYSTEMPATH\View\View.php(237): CodeIgniter\View\View->CodeIgniter\View\{closure}()
 8 SYSTEMPATH\Common.php(1171): CodeIgniter\View\View->render('v_template_admin', [], true)
 9 APPPATH\Controllers\Ebook.php(44): view('v_template_admin', [...])
10 SYSTEMPATH\CodeIgniter.php(933): App\Controllers\Ebook->index()
11 SYSTEMPATH\CodeIgniter.php(509): CodeIgniter\CodeIgniter->runController(Object(App\Controllers\Ebook))
12 SYSTEMPATH\CodeIgniter.php(355): CodeIgniter\CodeIgniter->handleRequest(null, Object(Config\Cache), false)
13 SYSTEMPATH\Boot.php(325): CodeIgniter\CodeIgniter->run()
14 SYSTEMPATH\Boot.php(67): CodeIgniter\Boot::runCodeIgniter(Object(CodeIgniter\CodeIgniter))
15 FCPATH\index.php(56): CodeIgniter\Boot::bootWeb(Object(Config\Paths))
WARNING - 2026-05-13 05:52:07 --> [DEPRECATED] strtotime(): Passing null to parameter #1 ($datetime) of type string is deprecated in APPPATH\Views\Ebook\v_index.php on line 83.
 1 APPPATH\Views\Ebook\v_index.php(83): strtotime(null)
 2 SYSTEMPATH\View\View.php(234): include('C:\\xampp\\htdocs\\si_ekatalog_ci4\\app\\Views\\Ebook\\v_index.php')
 3 SYSTEMPATH\View\View.php(237): CodeIgniter\View\View->CodeIgniter\View\{closure}()
 4 SYSTEMPATH\Common.php(1171): CodeIgniter\View\View->render('ebook/v_index', [], true)
 5 APPPATH\Views\v_template_admin.php(288): view('ebook/v_index')
 6 SYSTEMPATH\View\View.php(234): include('C:\\xampp\\htdocs\\si_ekatalog_ci4\\app\\Views\\v_template_admin.php')
 7 SYSTEMPATH\View\View.php(237): CodeIgniter\View\View->CodeIgniter\View\{closure}()
 8 SYSTEMPATH\Common.php(1171): CodeIgniter\View\View->render('v_template_admin', [], true)
 9 APPPATH\Controllers\Ebook.php(44): view('v_template_admin', [...])
10 SYSTEMPATH\CodeIgniter.php(933): App\Controllers\Ebook->index()
11 SYSTEMPATH\CodeIgniter.php(509): CodeIgniter\CodeIgniter->runController(Object(App\Controllers\Ebook))
12 SYSTEMPATH\CodeIgniter.php(355): CodeIgniter\CodeIgniter->handleRequest(null, Object(Config\Cache), false)
13 SYSTEMPATH\Boot.php(325): CodeIgniter\CodeIgniter->run()
14 SYSTEMPATH\Boot.php(67): CodeIgniter\Boot::runCodeIgniter(Object(CodeIgniter\CodeIgniter))
15 FCPATH\index.php(56): CodeIgniter\Boot::bootWeb(Object(Config\Paths))
WARNING - 2026-05-13 05:52:07 --> [DEPRECATED] strtotime(): Passing null to parameter #1 ($datetime) of type string is deprecated in APPPATH\Views\Ebook\v_index.php on line 83.
 1 APPPATH\Views\Ebook\v_index.php(83): strtotime(null)
 2 SYSTEMPATH\View\View.php(234): include('C:\\xampp\\htdocs\\si_ekatalog_ci4\\app\\Views\\Ebook\\v_index.php')
 3 SYSTEMPATH\View\View.php(237): CodeIgniter\View\View->CodeIgniter\View\{closure}()
 4 SYSTEMPATH\Common.php(1171): CodeIgniter\View\View->render('ebook/v_index', [], true)
 5 APPPATH\Views\v_template_admin.php(288): view('ebook/v_index')
 6 SYSTEMPATH\View\View.php(234): include('C:\\xampp\\htdocs\\si_ekatalog_ci4\\app\\Views\\v_template_admin.php')
 7 SYSTEMPATH\View\View.php(237): CodeIgniter\View\View->CodeIgniter\View\{closure}()
 8 SYSTEMPATH\Common.php(1171): CodeIgniter\View\View->render('v_template_admin', [], true)
 9 APPPATH\Controllers\Ebook.php(44): view('v_template_admin', [...])
10 SYSTEMPATH\CodeIgniter.php(933): App\Controllers\Ebook->index()
11 SYSTEMPATH\CodeIgniter.php(509): CodeIgniter\CodeIgniter->runController(Object(App\Controllers\Ebook))
12 SYSTEMPATH\CodeIgniter.php(355): CodeIgniter\CodeIgniter->handleRequest(null, Object(Config\Cache), false)
13 SYSTEMPATH\Boot.php(325): CodeIgniter\CodeIgniter->run()
14 SYSTEMPATH\Boot.php(67): CodeIgniter\Boot::runCodeIgniter(Object(CodeIgniter\CodeIgniter))
15 FCPATH\index.php(56): CodeIgniter\Boot::bootWeb(Object(Config\Paths))
WARNING - 2026-05-13 05:52:07 --> [DEPRECATED] strtotime(): Passing null to parameter #1 ($datetime) of type string is deprecated in APPPATH\Views\Ebook\v_index.php on line 83.
 1 APPPATH\Views\Ebook\v_index.php(83): strtotime(null)
 2 SYSTEMPATH\View\View.php(234): include('C:\\xampp\\htdocs\\si_ekatalog_ci4\\app\\Views\\Ebook\\v_index.php')
 3 SYSTEMPATH\View\View.php(237): CodeIgniter\View\View->CodeIgniter\View\{closure}()
 4 SYSTEMPATH\Common.php(1171): CodeIgniter\View\View->render('ebook/v_index', [], true)
 5 APPPATH\Views\v_template_admin.php(288): view('ebook/v_index')
 6 SYSTEMPATH\View\View.php(234): include('C:\\xampp\\htdocs\\si_ekatalog_ci4\\app\\Views\\v_template_admin.php')
 7 SYSTEMPATH\View\View.php(237): CodeIgniter\View\View->CodeIgniter\View\{closure}()
 8 SYSTEMPATH\Common.php(1171): CodeIgniter\View\View->render('v_template_admin', [], true)
 9 APPPATH\Controllers\Ebook.php(44): view('v_template_admin', [...])
10 SYSTEMPATH\CodeIgniter.php(933): App\Controllers\Ebook->index()
11 SYSTEMPATH\CodeIgniter.php(509): CodeIgniter\CodeIgniter->runController(Object(App\Controllers\Ebook))
12 SYSTEMPATH\CodeIgniter.php(355): CodeIgniter\CodeIgniter->handleRequest(null, Object(Config\Cache), false)
13 SYSTEMPATH\Boot.php(325): CodeIgniter\CodeIgniter->run()
14 SYSTEMPATH\Boot.php(67): CodeIgniter\Boot::runCodeIgniter(Object(CodeIgniter\CodeIgniter))
15 FCPATH\index.php(56): CodeIgniter\Boot::bootWeb(Object(Config\Paths))
WARNING - 2026-05-13 05:52:07 --> [DEPRECATED] strtotime(): Passing null to parameter #1 ($datetime) of type string is deprecated in APPPATH\Views\Ebook\v_index.php on line 83.
 1 APPPATH\Views\Ebook\v_index.php(83): strtotime(null)
 2 SYSTEMPATH\View\View.php(234): include('C:\\xampp\\htdocs\\si_ekatalog_ci4\\app\\Views\\Ebook\\v_index.php')
 3 SYSTEMPATH\View\View.php(237): CodeIgniter\View\View->CodeIgniter\View\{closure}()
 4 SYSTEMPATH\Common.php(1171): CodeIgniter\View\View->render('ebook/v_index', [], true)
 5 APPPATH\Views\v_template_admin.php(288): view('ebook/v_index')
 6 SYSTEMPATH\View\View.php(234): include('C:\\xampp\\htdocs\\si_ekatalog_ci4\\app\\Views\\v_template_admin.php')
 7 SYSTEMPATH\View\View.php(237): CodeIgniter\View\View->CodeIgniter\View\{closure}()
 8 SYSTEMPATH\Common.php(1171): CodeIgniter\View\View->render('v_template_admin', [], true)
 9 APPPATH\Controllers\Ebook.php(44): view('v_template_admin', [...])
10 SYSTEMPATH\CodeIgniter.php(933): App\Controllers\Ebook->index()
11 SYSTEMPATH\CodeIgniter.php(509): CodeIgniter\CodeIgniter->runController(Object(App\Controllers\Ebook))
12 SYSTEMPATH\CodeIgniter.php(355): CodeIgniter\CodeIgniter->handleRequest(null, Object(Config\Cache), false)
13 SYSTEMPATH\Boot.php(325): CodeIgniter\CodeIgniter->run()
14 SYSTEMPATH\Boot.php(67): CodeIgniter\Boot::runCodeIgniter(Object(CodeIgniter\CodeIgniter))
15 FCPATH\index.php(56): CodeIgniter\Boot::bootWeb(Object(Config\Paths))
WARNING - 2026-05-13 05:52:07 --> [DEPRECATED] strtotime(): Passing null to parameter #1 ($datetime) of type string is deprecated in APPPATH\Views\Ebook\v_index.php on line 83.
 1 APPPATH\Views\Ebook\v_index.php(83): strtotime(null)
 2 SYSTEMPATH\View\View.php(234): include('C:\\xampp\\htdocs\\si_ekatalog_ci4\\app\\Views\\Ebook\\v_index.php')
 3 SYSTEMPATH\View\View.php(237): CodeIgniter\View\View->CodeIgniter\View\{closure}()
 4 SYSTEMPATH\Common.php(1171): CodeIgniter\View\View->render('ebook/v_index', [], true)
 5 APPPATH\Views\v_template_admin.php(288): view('ebook/v_index')
 6 SYSTEMPATH\View\View.php(234): include('C:\\xampp\\htdocs\\si_ekatalog_ci4\\app\\Views\\v_template_admin.php')
 7 SYSTEMPATH\View\View.php(237): CodeIgniter\View\View->CodeIgniter\View\{closure}()
 8 SYSTEMPATH\Common.php(1171): CodeIgniter\View\View->render('v_template_admin', [], true)
 9 APPPATH\Controllers\Ebook.php(44): view('v_template_admin', [...])
10 SYSTEMPATH\CodeIgniter.php(933): App\Controllers\Ebook->index()
11 SYSTEMPATH\CodeIgniter.php(509): CodeIgniter\CodeIgniter->runController(Object(App\Controllers\Ebook))
12 SYSTEMPATH\CodeIgniter.php(355): CodeIgniter\CodeIgniter->handleRequest(null, Object(Config\Cache), false)
13 SYSTEMPATH\Boot.php(325): CodeIgniter\CodeIgniter->run()
14 SYSTEMPATH\Boot.php(67): CodeIgniter\Boot::runCodeIgniter(Object(CodeIgniter\CodeIgniter))
15 FCPATH\index.php(56): CodeIgniter\Boot::bootWeb(Object(Config\Paths))
WARNING - 2026-05-13 05:52:07 --> [DEPRECATED] strtotime(): Passing null to parameter #1 ($datetime) of type string is deprecated in APPPATH\Views\Ebook\v_index.php on line 83.
 1 APPPATH\Views\Ebook\v_index.php(83): strtotime(null)
 2 SYSTEMPATH\View\View.php(234): include('C:\\xampp\\htdocs\\si_ekatalog_ci4\\app\\Views\\Ebook\\v_index.php')
 3 SYSTEMPATH\View\View.php(237): CodeIgniter\View\View->CodeIgniter\View\{closure}()
 4 SYSTEMPATH\Common.php(1171): CodeIgniter\View\View->render('ebook/v_index', [], true)
 5 APPPATH\Views\v_template_admin.php(288): view('ebook/v_index')
 6 SYSTEMPATH\View\View.php(234): include('C:\\xampp\\htdocs\\si_ekatalog_ci4\\app\\Views\\v_template_admin.php')
 7 SYSTEMPATH\View\View.php(237): CodeIgniter\View\View->CodeIgniter\View\{closure}()
 8 SYSTEMPATH\Common.php(1171): CodeIgniter\View\View->render('v_template_admin', [], true)
 9 APPPATH\Controllers\Ebook.php(44): view('v_template_admin', [...])
10 SYSTEMPATH\CodeIgniter.php(933): App\Controllers\Ebook->index()
11 SYSTEMPATH\CodeIgniter.php(509): CodeIgniter\CodeIgniter->runController(Object(App\Controllers\Ebook))
12 SYSTEMPATH\CodeIgniter.php(355): CodeIgniter\CodeIgniter->handleRequest(null, Object(Config\Cache), false)
13 SYSTEMPATH\Boot.php(325): CodeIgniter\CodeIgniter->run()
14 SYSTEMPATH\Boot.php(67): CodeIgniter\Boot::runCodeIgniter(Object(CodeIgniter\CodeIgniter))
15 FCPATH\index.php(56): CodeIgniter\Boot::bootWeb(Object(Config\Paths))
WARNING - 2026-05-13 05:52:07 --> [DEPRECATED] strtotime(): Passing null to parameter #1 ($datetime) of type string is deprecated in APPPATH\Views\Ebook\v_index.php on line 83.
 1 APPPATH\Views\Ebook\v_index.php(83): strtotime(null)
 2 SYSTEMPATH\View\View.php(234): include('C:\\xampp\\htdocs\\si_ekatalog_ci4\\app\\Views\\Ebook\\v_index.php')
 3 SYSTEMPATH\View\View.php(237): CodeIgniter\View\View->CodeIgniter\View\{closure}()
 4 SYSTEMPATH\Common.php(1171): CodeIgniter\View\View->render('ebook/v_index', [], true)
 5 APPPATH\Views\v_template_admin.php(288): view('ebook/v_index')
 6 SYSTEMPATH\View\View.php(234): include('C:\\xampp\\htdocs\\si_ekatalog_ci4\\app\\Views\\v_template_admin.php')
 7 SYSTEMPATH\View\View.php(237): CodeIgniter\View\View->CodeIgniter\View\{closure}()
 8 SYSTEMPATH\Common.php(1171): CodeIgniter\View\View->render('v_template_admin', [], true)
 9 APPPATH\Controllers\Ebook.php(44): view('v_template_admin', [...])
10 SYSTEMPATH\CodeIgniter.php(933): App\Controllers\Ebook->index()
11 SYSTEMPATH\CodeIgniter.php(509): CodeIgniter\CodeIgniter->runController(Object(App\Controllers\Ebook))
12 SYSTEMPATH\CodeIgniter.php(355): CodeIgniter\CodeIgniter->handleRequest(null, Object(Config\Cache), false)
13 SYSTEMPATH\Boot.php(325): CodeIgniter\CodeIgniter->run()
14 SYSTEMPATH\Boot.php(67): CodeIgniter\Boot::runCodeIgniter(Object(CodeIgniter\CodeIgniter))
15 FCPATH\index.php(56): CodeIgniter\Boot::bootWeb(Object(Config\Paths))
WARNING - 2026-05-13 05:52:07 --> [DEPRECATED] strtotime(): Passing null to parameter #1 ($datetime) of type string is deprecated in APPPATH\Views\Ebook\v_index.php on line 83.
 1 APPPATH\Views\Ebook\v_index.php(83): strtotime(null)
 2 SYSTEMPATH\View\View.php(234): include('C:\\xampp\\htdocs\\si_ekatalog_ci4\\app\\Views\\Ebook\\v_index.php')
 3 SYSTEMPATH\View\View.php(237): CodeIgniter\View\View->CodeIgniter\View\{closure}()
 4 SYSTEMPATH\Common.php(1171): CodeIgniter\View\View->render('ebook/v_index', [], true)
 5 APPPATH\Views\v_template_admin.php(288): view('ebook/v_index')
 6 SYSTEMPATH\View\View.php(234): include('C:\\xampp\\htdocs\\si_ekatalog_ci4\\app\\Views\\v_template_admin.php')
 7 SYSTEMPATH\View\View.php(237): CodeIgniter\View\View->CodeIgniter\View\{closure}()
 8 SYSTEMPATH\Common.php(1171): CodeIgniter\View\View->render('v_template_admin', [], true)
 9 APPPATH\Controllers\Ebook.php(44): view('v_template_admin', [...])
10 SYSTEMPATH\CodeIgniter.php(933): App\Controllers\Ebook->index()
11 SYSTEMPATH\CodeIgniter.php(509): CodeIgniter\CodeIgniter->runController(Object(App\Controllers\Ebook))
12 SYSTEMPATH\CodeIgniter.php(355): CodeIgniter\CodeIgniter->handleRequest(null, Object(Config\Cache), false)
13 SYSTEMPATH\Boot.php(325): CodeIgniter\CodeIgniter->run()
14 SYSTEMPATH\Boot.php(67): CodeIgniter\Boot::runCodeIgniter(Object(CodeIgniter\CodeIgniter))
15 FCPATH\index.php(56): CodeIgniter\Boot::bootWeb(Object(Config\Paths))
INFO - 2026-05-13 05:52:10 --> Session: Class initialized using 'CodeIgniter\Session\Handlers\FileHandler' driver.
INFO - 2026-05-13 05:52:12 --> Session: Class initialized using 'CodeIgniter\Session\Handlers\FileHandler' driver.
INFO - 2026-05-13 05:52:13 --> Session: Class initialized using 'CodeIgniter\Session\Handlers\FileHandler' driver.
INFO - 2026-05-13 05:52:14 --> Session: Class initialized using 'CodeIgniter\Session\Handlers\FileHandler' driver.
INFO - 2026-05-13 05:52:16 --> Session: Class initialized using 'CodeIgniter\Session\Handlers\FileHandler' driver.
INFO - 2026-05-13 05:52:18 --> Session: Class initialized using 'CodeIgniter\Session\Handlers\FileHandler' driver.
INFO - 2026-05-13 05:53:22 --> Session: Class initialized using 'CodeIgniter\Session\Handlers\FileHandler' driver.
INFO - 2026-05-13 05:53:25 --> Session: Class initialized using 'CodeIgniter\Session\Handlers\FileHandler' driver.
INFO - 2026-05-13 06:28:19 --> Session: Class initialized using 'CodeIgniter\Session\Handlers\FileHandler' driver.
INFO - 2026-05-13 06:28:22 --> Session: Class initialized using 'CodeIgniter\Session\Handlers\FileHandler' driver.
INFO - 2026-05-13 06:29:10 --> Session: Class initialized using 'CodeIgniter\Session\Handlers\FileHandler' driver.
INFO - 2026-05-13 06:29:22 --> Session: Class initialized using 'CodeIgniter\Session\Handlers\FileHandler' driver.
INFO - 2026-05-13 06:30:55 --> Session: Class initialized using 'CodeIgniter\Session\Handlers\FileHandler' driver.
CRITICAL - 2026-05-13 06:30:55 --> ErrorException: Undefined array key "id_user"
[Method: GET, Route: Pengunjung]
in APPPATH\Views\pengunjung\v_index.php on line 101.
 1 APPPATH\Views\pengunjung\v_index.php(101): CodeIgniter\Debug\Exceptions->errorHandler(2, 'Undefined array key "id_user"', 'C:\\xampp\\htdocs\\si_ekatalog_ci4\\app\\Views\\pengunjung\\v_index.php', 101)
 2 SYSTEMPATH\View\View.php(234): include('C:\\xampp\\htdocs\\si_ekatalog_ci4\\app\\Views\\pengunjung\\v_index.php')
 3 SYSTEMPATH\View\View.php(237): CodeIgniter\View\View->CodeIgniter\View\{closure}()
 4 SYSTEMPATH\Common.php(1171): CodeIgniter\View\View->render('pengunjung/v_index', [], true)
 5 APPPATH\Views\v_template_admin.php(288): view('pengunjung/v_index')
 6 SYSTEMPATH\View\View.php(234): include('C:\\xampp\\htdocs\\si_ekatalog_ci4\\app\\Views\\v_template_admin.php')
 7 SYSTEMPATH\View\View.php(237): CodeIgniter\View\View->CodeIgniter\View\{closure}()
 8 SYSTEMPATH\Common.php(1171): CodeIgniter\View\View->render('v_template_admin', [], true)
 9 APPPATH\Controllers\Pengunjung.php(34): view('v_template_admin', [...])
10 SYSTEMPATH\CodeIgniter.php(933): App\Controllers\Pengunjung->index()
11 SYSTEMPATH\CodeIgniter.php(509): CodeIgniter\CodeIgniter->runController(Object(App\Controllers\Pengunjung))
12 SYSTEMPATH\CodeIgniter.php(355): CodeIgniter\CodeIgniter->handleRequest(null, Object(Config\Cache), false)
13 SYSTEMPATH\Boot.php(325): CodeIgniter\CodeIgniter->run()
14 SYSTEMPATH\Boot.php(67): CodeIgniter\Boot::runCodeIgniter(Object(CodeIgniter\CodeIgniter))
15 FCPATH\index.php(56): CodeIgniter\Boot::bootWeb(Object(Config\Paths))
INFO - 2026-05-13 06:31:07 --> Session: Class initialized using 'CodeIgniter\Session\Handlers\FileHandler' driver.
INFO - 2026-05-13 06:32:57 --> Session: Class initialized using 'CodeIgniter\Session\Handlers\FileHandler' driver.
WARNING - 2026-05-13 06:32:57 --> [DEPRECATED] strtotime(): Passing null to parameter #1 ($datetime) of type string is deprecated in APPPATH\Views\Ebook\v_index.php on line 84.
 1 APPPATH\Views\Ebook\v_index.php(84): strtotime(null)
 2 SYSTEMPATH\View\View.php(234): include('C:\\xampp\\htdocs\\si_ekatalog_ci4\\app\\Views\\Ebook\\v_index.php')
 3 SYSTEMPATH\View\View.php(237): CodeIgniter\View\View->CodeIgniter\View\{closure}()
 4 SYSTEMPATH\Common.php(1171): CodeIgniter\View\View->render('ebook/v_index', [], true)
 5 APPPATH\Views\v_template_admin.php(288): view('ebook/v_index')
 6 SYSTEMPATH\View\View.php(234): include('C:\\xampp\\htdocs\\si_ekatalog_ci4\\app\\Views\\v_template_admin.php')
 7 SYSTEMPATH\View\View.php(237): CodeIgniter\View\View->CodeIgniter\View\{closure}()
 8 SYSTEMPATH\Common.php(1171): CodeIgniter\View\View->render('v_template_admin', [], true)
 9 APPPATH\Controllers\Ebook.php(44): view('v_template_admin', [...])
10 SYSTEMPATH\CodeIgniter.php(933): App\Controllers\Ebook->index()
11 SYSTEMPATH\CodeIgniter.php(509): CodeIgniter\CodeIgniter->runController(Object(App\Controllers\Ebook))
12 SYSTEMPATH\CodeIgniter.php(355): CodeIgniter\CodeIgniter->handleRequest(null, Object(Config\Cache), false)
13 SYSTEMPATH\Boot.php(325): CodeIgniter\CodeIgniter->run()
14 SYSTEMPATH\Boot.php(67): CodeIgniter\Boot::runCodeIgniter(Object(CodeIgniter\CodeIgniter))
15 FCPATH\index.php(56): CodeIgniter\Boot::bootWeb(Object(Config\Paths))
WARNING - 2026-05-13 06:32:57 --> [DEPRECATED] strtotime(): Passing null to parameter #1 ($datetime) of type string is deprecated in APPPATH\Views\Ebook\v_index.php on line 84.
 1 APPPATH\Views\Ebook\v_index.php(84): strtotime(null)
 2 SYSTEMPATH\View\View.php(234): include('C:\\xampp\\htdocs\\si_ekatalog_ci4\\app\\Views\\Ebook\\v_index.php')
 3 SYSTEMPATH\View\View.php(237): CodeIgniter\View\View->CodeIgniter\View\{closure}()
 4 SYSTEMPATH\Common.php(1171): CodeIgniter\View\View->render('ebook/v_index', [], true)
 5 APPPATH\Views\v_template_admin.php(288): view('ebook/v_index')
 6 SYSTEMPATH\View\View.php(234): include('C:\\xampp\\htdocs\\si_ekatalog_ci4\\app\\Views\\v_template_admin.php')
 7 SYSTEMPATH\View\View.php(237): CodeIgniter\View\View->CodeIgniter\View\{closure}()
 8 SYSTEMPATH\Common.php(1171): CodeIgniter\View\View->render('v_template_admin', [], true)
 9 APPPATH\Controllers\Ebook.php(44): view('v_template_admin', [...])
10 SYSTEMPATH\CodeIgniter.php(933): App\Controllers\Ebook->index()
11 SYSTEMPATH\CodeIgniter.php(509): CodeIgniter\CodeIgniter->runController(Object(App\Controllers\Ebook))
12 SYSTEMPATH\CodeIgniter.php(355): CodeIgniter\CodeIgniter->handleRequest(null, Object(Config\Cache), false)
13 SYSTEMPATH\Boot.php(325): CodeIgniter\CodeIgniter->run()
14 SYSTEMPATH\Boot.php(67): CodeIgniter\Boot::runCodeIgniter(Object(CodeIgniter\CodeIgniter))
15 FCPATH\index.php(56): CodeIgniter\Boot::bootWeb(Object(Config\Paths))
WARNING - 2026-05-13 06:32:57 --> [DEPRECATED] strtotime(): Passing null to parameter #1 ($datetime) of type string is deprecated in APPPATH\Views\Ebook\v_index.php on line 84.
 1 APPPATH\Views\Ebook\v_index.php(84): strtotime(null)
 2 SYSTEMPATH\View\View.php(234): include('C:\\xampp\\htdocs\\si_ekatalog_ci4\\app\\Views\\Ebook\\v_index.php')
 3 SYSTEMPATH\View\View.php(237): CodeIgniter\View\View->CodeIgniter\View\{closure}()
 4 SYSTEMPATH\Common.php(1171): CodeIgniter\View\View->render('ebook/v_index', [], true)
 5 APPPATH\Views\v_template_admin.php(288): view('ebook/v_index')
 6 SYSTEMPATH\View\View.php(234): include('C:\\xampp\\htdocs\\si_ekatalog_ci4\\app\\Views\\v_template_admin.php')
 7 SYSTEMPATH\View\View.php(237): CodeIgniter\View\View->CodeIgniter\View\{closure}()
 8 SYSTEMPATH\Common.php(1171): CodeIgniter\View\View->render('v_template_admin', [], true)
 9 APPPATH\Controllers\Ebook.php(44): view('v_template_admin', [...])
10 SYSTEMPATH\CodeIgniter.php(933): App\Controllers\Ebook->index()
11 SYSTEMPATH\CodeIgniter.php(509): CodeIgniter\CodeIgniter->runController(Object(App\Controllers\Ebook))
12 SYSTEMPATH\CodeIgniter.php(355): CodeIgniter\CodeIgniter->handleRequest(null, Object(Config\Cache), false)
13 SYSTEMPATH\Boot.php(325): CodeIgniter\CodeIgniter->run()
14 SYSTEMPATH\Boot.php(67): CodeIgniter\Boot::runCodeIgniter(Object(CodeIgniter\CodeIgniter))
15 FCPATH\index.php(56): CodeIgniter\Boot::bootWeb(Object(Config\Paths))
WARNING - 2026-05-13 06:32:57 --> [DEPRECATED] strtotime(): Passing null to parameter #1 ($datetime) of type string is deprecated in APPPATH\Views\Ebook\v_index.php on line 84.
 1 APPPATH\Views\Ebook\v_index.php(84): strtotime(null)
 2 SYSTEMPATH\View\View.php(234): include('C:\\xampp\\htdocs\\si_ekatalog_ci4\\app\\Views\\Ebook\\v_index.php')
 3 SYSTEMPATH\View\View.php(237): CodeIgniter\View\View->CodeIgniter\View\{closure}()
 4 SYSTEMPATH\Common.php(1171): CodeIgniter\View\View->render('ebook/v_index', [], true)
 5 APPPATH\Views\v_template_admin.php(288): view('ebook/v_index')
 6 SYSTEMPATH\View\View.php(234): include('C:\\xampp\\htdocs\\si_ekatalog_ci4\\app\\Views\\v_template_admin.php')
 7 SYSTEMPATH\View\View.php(237): CodeIgniter\View\View->CodeIgniter\View\{closure}()
 8 SYSTEMPATH\Common.php(1171): CodeIgniter\View\View->render('v_template_admin', [], true)
 9 APPPATH\Controllers\Ebook.php(44): view('v_template_admin', [...])
10 SYSTEMPATH\CodeIgniter.php(933): App\Controllers\Ebook->index()
11 SYSTEMPATH\CodeIgniter.php(509): CodeIgniter\CodeIgniter->runController(Object(App\Controllers\Ebook))
12 SYSTEMPATH\CodeIgniter.php(355): CodeIgniter\CodeIgniter->handleRequest(null, Object(Config\Cache), false)
13 SYSTEMPATH\Boot.php(325): CodeIgniter\CodeIgniter->run()
14 SYSTEMPATH\Boot.php(67): CodeIgniter\Boot::runCodeIgniter(Object(CodeIgniter\CodeIgniter))
15 FCPATH\index.php(56): CodeIgniter\Boot::bootWeb(Object(Config\Paths))
WARNING - 2026-05-13 06:32:57 --> [DEPRECATED] strtotime(): Passing null to parameter #1 ($datetime) of type string is deprecated in APPPATH\Views\Ebook\v_index.php on line 84.
 1 APPPATH\Views\Ebook\v_index.php(84): strtotime(null)
 2 SYSTEMPATH\View\View.php(234): include('C:\\xampp\\htdocs\\si_ekatalog_ci4\\app\\Views\\Ebook\\v_index.php')
 3 SYSTEMPATH\View\View.php(237): CodeIgniter\View\View->CodeIgniter\View\{closure}()
 4 SYSTEMPATH\Common.php(1171): CodeIgniter\View\View->render('ebook/v_index', [], true)
 5 APPPATH\Views\v_template_admin.php(288): view('ebook/v_index')
 6 SYSTEMPATH\View\View.php(234): include('C:\\xampp\\htdocs\\si_ekatalog_ci4\\app\\Views\\v_template_admin.php')
 7 SYSTEMPATH\View\View.php(237): CodeIgniter\View\View->CodeIgniter\View\{closure}()
 8 SYSTEMPATH\Common.php(1171): CodeIgniter\View\View->render('v_template_admin', [], true)
 9 APPPATH\Controllers\Ebook.php(44): view('v_template_admin', [...])
10 SYSTEMPATH\CodeIgniter.php(933): App\Controllers\Ebook->index()
11 SYSTEMPATH\CodeIgniter.php(509): CodeIgniter\CodeIgniter->runController(Object(App\Controllers\Ebook))
12 SYSTEMPATH\CodeIgniter.php(355): CodeIgniter\CodeIgniter->handleRequest(null, Object(Config\Cache), false)
13 SYSTEMPATH\Boot.php(325): CodeIgniter\CodeIgniter->run()
14 SYSTEMPATH\Boot.php(67): CodeIgniter\Boot::runCodeIgniter(Object(CodeIgniter\CodeIgniter))
15 FCPATH\index.php(56): CodeIgniter\Boot::bootWeb(Object(Config\Paths))
WARNING - 2026-05-13 06:32:57 --> [DEPRECATED] strtotime(): Passing null to parameter #1 ($datetime) of type string is deprecated in APPPATH\Views\Ebook\v_index.php on line 84.
 1 APPPATH\Views\Ebook\v_index.php(84): strtotime(null)
 2 SYSTEMPATH\View\View.php(234): include('C:\\xampp\\htdocs\\si_ekatalog_ci4\\app\\Views\\Ebook\\v_index.php')
 3 SYSTEMPATH\View\View.php(237): CodeIgniter\View\View->CodeIgniter\View\{closure}()
 4 SYSTEMPATH\Common.php(1171): CodeIgniter\View\View->render('ebook/v_index', [], true)
 5 APPPATH\Views\v_template_admin.php(288): view('ebook/v_index')
 6 SYSTEMPATH\View\View.php(234): include('C:\\xampp\\htdocs\\si_ekatalog_ci4\\app\\Views\\v_template_admin.php')
 7 SYSTEMPATH\View\View.php(237): CodeIgniter\View\View->CodeIgniter\View\{closure}()
 8 SYSTEMPATH\Common.php(1171): CodeIgniter\View\View->render('v_template_admin', [], true)
 9 APPPATH\Controllers\Ebook.php(44): view('v_template_admin', [...])
10 SYSTEMPATH\CodeIgniter.php(933): App\Controllers\Ebook->index()
11 SYSTEMPATH\CodeIgniter.php(509): CodeIgniter\CodeIgniter->runController(Object(App\Controllers\Ebook))
12 SYSTEMPATH\CodeIgniter.php(355): CodeIgniter\CodeIgniter->handleRequest(null, Object(Config\Cache), false)
13 SYSTEMPATH\Boot.php(325): CodeIgniter\CodeIgniter->run()
14 SYSTEMPATH\Boot.php(67): CodeIgniter\Boot::runCodeIgniter(Object(CodeIgniter\CodeIgniter))
15 FCPATH\index.php(56): CodeIgniter\Boot::bootWeb(Object(Config\Paths))
WARNING - 2026-05-13 06:32:57 --> [DEPRECATED] strtotime(): Passing null to parameter #1 ($datetime) of type string is deprecated in APPPATH\Views\Ebook\v_index.php on line 84.
 1 APPPATH\Views\Ebook\v_index.php(84): strtotime(null)
 2 SYSTEMPATH\View\View.php(234): include('C:\\xampp\\htdocs\\si_ekatalog_ci4\\app\\Views\\Ebook\\v_index.php')
 3 SYSTEMPATH\View\View.php(237): CodeIgniter\View\View->CodeIgniter\View\{closure}()
 4 SYSTEMPATH\Common.php(1171): CodeIgniter\View\View->render('ebook/v_index', [], true)
 5 APPPATH\Views\v_template_admin.php(288): view('ebook/v_index')
 6 SYSTEMPATH\View\View.php(234): include('C:\\xampp\\htdocs\\si_ekatalog_ci4\\app\\Views\\v_template_admin.php')
 7 SYSTEMPATH\View\View.php(237): CodeIgniter\View\View->CodeIgniter\View\{closure}()
 8 SYSTEMPATH\Common.php(1171): CodeIgniter\View\View->render('v_template_admin', [], true)
 9 APPPATH\Controllers\Ebook.php(44): view('v_template_admin', [...])
10 SYSTEMPATH\CodeIgniter.php(933): App\Controllers\Ebook->index()
11 SYSTEMPATH\CodeIgniter.php(509): CodeIgniter\CodeIgniter->runController(Object(App\Controllers\Ebook))
12 SYSTEMPATH\CodeIgniter.php(355): CodeIgniter\CodeIgniter->handleRequest(null, Object(Config\Cache), false)
13 SYSTEMPATH\Boot.php(325): CodeIgniter\CodeIgniter->run()
14 SYSTEMPATH\Boot.php(67): CodeIgniter\Boot::runCodeIgniter(Object(CodeIgniter\CodeIgniter))
15 FCPATH\index.php(56): CodeIgniter\Boot::bootWeb(Object(Config\Paths))
WARNING - 2026-05-13 06:32:57 --> [DEPRECATED] strtotime(): Passing null to parameter #1 ($datetime) of type string is deprecated in APPPATH\Views\Ebook\v_index.php on line 84.
 1 APPPATH\Views\Ebook\v_index.php(84): strtotime(null)
 2 SYSTEMPATH\View\View.php(234): include('C:\\xampp\\htdocs\\si_ekatalog_ci4\\app\\Views\\Ebook\\v_index.php')
 3 SYSTEMPATH\View\View.php(237): CodeIgniter\View\View->CodeIgniter\View\{closure}()
 4 SYSTEMPATH\Common.php(1171): CodeIgniter\View\View->render('ebook/v_index', [], true)
 5 APPPATH\Views\v_template_admin.php(288): view('ebook/v_index')
 6 SYSTEMPATH\View\View.php(234): include('C:\\xampp\\htdocs\\si_ekatalog_ci4\\app\\Views\\v_template_admin.php')
 7 SYSTEMPATH\View\View.php(237): CodeIgniter\View\View->CodeIgniter\View\{closure}()
 8 SYSTEMPATH\Common.php(1171): CodeIgniter\View\View->render('v_template_admin', [], true)
 9 APPPATH\Controllers\Ebook.php(44): view('v_template_admin', [...])
10 SYSTEMPATH\CodeIgniter.php(933): App\Controllers\Ebook->index()
11 SYSTEMPATH\CodeIgniter.php(509): CodeIgniter\CodeIgniter->runController(Object(App\Controllers\Ebook))
12 SYSTEMPATH\CodeIgniter.php(355): CodeIgniter\CodeIgniter->handleRequest(null, Object(Config\Cache), false)
13 SYSTEMPATH\Boot.php(325): CodeIgniter\CodeIgniter->run()
14 SYSTEMPATH\Boot.php(67): CodeIgniter\Boot::runCodeIgniter(Object(CodeIgniter\CodeIgniter))
15 FCPATH\index.php(56): CodeIgniter\Boot::bootWeb(Object(Config\Paths))
WARNING - 2026-05-13 06:32:57 --> [DEPRECATED] strtotime(): Passing null to parameter #1 ($datetime) of type string is deprecated in APPPATH\Views\Ebook\v_index.php on line 84.
 1 APPPATH\Views\Ebook\v_index.php(84): strtotime(null)
 2 SYSTEMPATH\View\View.php(234): include('C:\\xampp\\htdocs\\si_ekatalog_ci4\\app\\Views\\Ebook\\v_index.php')
 3 SYSTEMPATH\View\View.php(237): CodeIgniter\View\View->CodeIgniter\View\{closure}()
 4 SYSTEMPATH\Common.php(1171): CodeIgniter\View\View->render('ebook/v_index', [], true)
 5 APPPATH\Views\v_template_admin.php(288): view('ebook/v_index')
 6 SYSTEMPATH\View\View.php(234): include('C:\\xampp\\htdocs\\si_ekatalog_ci4\\app\\Views\\v_template_admin.php')
 7 SYSTEMPATH\View\View.php(237): CodeIgniter\View\View->CodeIgniter\View\{closure}()
 8 SYSTEMPATH\Common.php(1171): CodeIgniter\View\View->render('v_template_admin', [], true)
 9 APPPATH\Controllers\Ebook.php(44): view('v_template_admin', [...])
10 SYSTEMPATH\CodeIgniter.php(933): App\Controllers\Ebook->index()
11 SYSTEMPATH\CodeIgniter.php(509): CodeIgniter\CodeIgniter->runController(Object(App\Controllers\Ebook))
12 SYSTEMPATH\CodeIgniter.php(355): CodeIgniter\CodeIgniter->handleRequest(null, Object(Config\Cache), false)
13 SYSTEMPATH\Boot.php(325): CodeIgniter\CodeIgniter->run()
14 SYSTEMPATH\Boot.php(67): CodeIgniter\Boot::runCodeIgniter(Object(CodeIgniter\CodeIgniter))
15 FCPATH\index.php(56): CodeIgniter\Boot::bootWeb(Object(Config\Paths))
WARNING - 2026-05-13 06:32:57 --> [DEPRECATED] strtotime(): Passing null to parameter #1 ($datetime) of type string is deprecated in APPPATH\Views\Ebook\v_index.php on line 84.
 1 APPPATH\Views\Ebook\v_index.php(84): strtotime(null)
 2 SYSTEMPATH\View\View.php(234): include('C:\\xampp\\htdocs\\si_ekatalog_ci4\\app\\Views\\Ebook\\v_index.php')
 3 SYSTEMPATH\View\View.php(237): CodeIgniter\View\View->CodeIgniter\View\{closure}()
 4 SYSTEMPATH\Common.php(1171): CodeIgniter\View\View->render('ebook/v_index', [], true)
 5 APPPATH\Views\v_template_admin.php(288): view('ebook/v_index')
 6 SYSTEMPATH\View\View.php(234): include('C:\\xampp\\htdocs\\si_ekatalog_ci4\\app\\Views\\v_template_admin.php')
 7 SYSTEMPATH\View\View.php(237): CodeIgniter\View\View->CodeIgniter\View\{closure}()
 8 SYSTEMPATH\Common.php(1171): CodeIgniter\View\View->render('v_template_admin', [], true)
 9 APPPATH\Controllers\Ebook.php(44): view('v_template_admin', [...])
10 SYSTEMPATH\CodeIgniter.php(933): App\Controllers\Ebook->index()
11 SYSTEMPATH\CodeIgniter.php(509): CodeIgniter\CodeIgniter->runController(Object(App\Controllers\Ebook))
12 SYSTEMPATH\CodeIgniter.php(355): CodeIgniter\CodeIgniter->handleRequest(null, Object(Config\Cache), false)
13 SYSTEMPATH\Boot.php(325): CodeIgniter\CodeIgniter->run()
14 SYSTEMPATH\Boot.php(67): CodeIgniter\Boot::runCodeIgniter(Object(CodeIgniter\CodeIgniter))
15 FCPATH\index.php(56): CodeIgniter\Boot::bootWeb(Object(Config\Paths))
WARNING - 2026-05-13 06:32:57 --> [DEPRECATED] strtotime(): Passing null to parameter #1 ($datetime) of type string is deprecated in APPPATH\Views\Ebook\v_index.php on line 84.
 1 APPPATH\Views\Ebook\v_index.php(84): strtotime(null)
 2 SYSTEMPATH\View\View.php(234): include('C:\\xampp\\htdocs\\si_ekatalog_ci4\\app\\Views\\Ebook\\v_index.php')
 3 SYSTEMPATH\View\View.php(237): CodeIgniter\View\View->CodeIgniter\View\{closure}()
 4 SYSTEMPATH\Common.php(1171): CodeIgniter\View\View->render('ebook/v_index', [], true)
 5 APPPATH\Views\v_template_admin.php(288): view('ebook/v_index')
 6 SYSTEMPATH\View\View.php(234): include('C:\\xampp\\htdocs\\si_ekatalog_ci4\\app\\Views\\v_template_admin.php')
 7 SYSTEMPATH\View\View.php(237): CodeIgniter\View\View->CodeIgniter\View\{closure}()
 8 SYSTEMPATH\Common.php(1171): CodeIgniter\View\View->render('v_template_admin', [], true)
 9 APPPATH\Controllers\Ebook.php(44): view('v_template_admin', [...])
10 SYSTEMPATH\CodeIgniter.php(933): App\Controllers\Ebook->index()
11 SYSTEMPATH\CodeIgniter.php(509): CodeIgniter\CodeIgniter->runController(Object(App\Controllers\Ebook))
12 SYSTEMPATH\CodeIgniter.php(355): CodeIgniter\CodeIgniter->handleRequest(null, Object(Config\Cache), false)
13 SYSTEMPATH\Boot.php(325): CodeIgniter\CodeIgniter->run()
14 SYSTEMPATH\Boot.php(67): CodeIgniter\Boot::runCodeIgniter(Object(CodeIgniter\CodeIgniter))
15 FCPATH\index.php(56): CodeIgniter\Boot::bootWeb(Object(Config\Paths))
WARNING - 2026-05-13 06:32:57 --> [DEPRECATED] strtotime(): Passing null to parameter #1 ($datetime) of type string is deprecated in APPPATH\Views\Ebook\v_index.php on line 84.
 1 APPPATH\Views\Ebook\v_index.php(84): strtotime(null)
 2 SYSTEMPATH\View\View.php(234): include('C:\\xampp\\htdocs\\si_ekatalog_ci4\\app\\Views\\Ebook\\v_index.php')
 3 SYSTEMPATH\View\View.php(237): CodeIgniter\View\View->CodeIgniter\View\{closure}()
 4 SYSTEMPATH\Common.php(1171): CodeIgniter\View\View->render('ebook/v_index', [], true)
 5 APPPATH\Views\v_template_admin.php(288): view('ebook/v_index')
 6 SYSTEMPATH\View\View.php(234): include('C:\\xampp\\htdocs\\si_ekatalog_ci4\\app\\Views\\v_template_admin.php')
 7 SYSTEMPATH\View\View.php(237): CodeIgniter\View\View->CodeIgniter\View\{closure}()
 8 SYSTEMPATH\Common.php(1171): CodeIgniter\View\View->render('v_template_admin', [], true)
 9 APPPATH\Controllers\Ebook.php(44): view('v_template_admin', [...])
10 SYSTEMPATH\CodeIgniter.php(933): App\Controllers\Ebook->index()
11 SYSTEMPATH\CodeIgniter.php(509): CodeIgniter\CodeIgniter->runController(Object(App\Controllers\Ebook))
12 SYSTEMPATH\CodeIgniter.php(355): CodeIgniter\CodeIgniter->handleRequest(null, Object(Config\Cache), false)
13 SYSTEMPATH\Boot.php(325): CodeIgniter\CodeIgniter->run()
14 SYSTEMPATH\Boot.php(67): CodeIgniter\Boot::runCodeIgniter(Object(CodeIgniter\CodeIgniter))
15 FCPATH\index.php(56): CodeIgniter\Boot::bootWeb(Object(Config\Paths))
WARNING - 2026-05-13 06:32:57 --> [DEPRECATED] strtotime(): Passing null to parameter #1 ($datetime) of type string is deprecated in APPPATH\Views\Ebook\v_index.php on line 84.
 1 APPPATH\Views\Ebook\v_index.php(84): strtotime(null)
 2 SYSTEMPATH\View\View.php(234): include('C:\\xampp\\htdocs\\si_ekatalog_ci4\\app\\Views\\Ebook\\v_index.php')
 3 SYSTEMPATH\View\View.php(237): CodeIgniter\View\View->CodeIgniter\View\{closure}()
 4 SYSTEMPATH\Common.php(1171): CodeIgniter\View\View->render('ebook/v_index', [], true)
 5 APPPATH\Views\v_template_admin.php(288): view('ebook/v_index')
 6 SYSTEMPATH\View\View.php(234): include('C:\\xampp\\htdocs\\si_ekatalog_ci4\\app\\Views\\v_template_admin.php')
 7 SYSTEMPATH\View\View.php(237): CodeIgniter\View\View->CodeIgniter\View\{closure}()
 8 SYSTEMPATH\Common.php(1171): CodeIgniter\View\View->render('v_template_admin', [], true)
 9 APPPATH\Controllers\Ebook.php(44): view('v_template_admin', [...])
10 SYSTEMPATH\CodeIgniter.php(933): App\Controllers\Ebook->index()
11 SYSTEMPATH\CodeIgniter.php(509): CodeIgniter\CodeIgniter->runController(Object(App\Controllers\Ebook))
12 SYSTEMPATH\CodeIgniter.php(355): CodeIgniter\CodeIgniter->handleRequest(null, Object(Config\Cache), false)
13 SYSTEMPATH\Boot.php(325): CodeIgniter\CodeIgniter->run()
14 SYSTEMPATH\Boot.php(67): CodeIgniter\Boot::runCodeIgniter(Object(CodeIgniter\CodeIgniter))
15 FCPATH\index.php(56): CodeIgniter\Boot::bootWeb(Object(Config\Paths))
WARNING - 2026-05-13 06:32:57 --> [DEPRECATED] strtotime(): Passing null to parameter #1 ($datetime) of type string is deprecated in APPPATH\Views\Ebook\v_index.php on line 84.
 1 APPPATH\Views\Ebook\v_index.php(84): strtotime(null)
 2 SYSTEMPATH\View\View.php(234): include('C:\\xampp\\htdocs\\si_ekatalog_ci4\\app\\Views\\Ebook\\v_index.php')
 3 SYSTEMPATH\View\View.php(237): CodeIgniter\View\View->CodeIgniter\View\{closure}()
 4 SYSTEMPATH\Common.php(1171): CodeIgniter\View\View->render('ebook/v_index', [], true)
 5 APPPATH\Views\v_template_admin.php(288): view('ebook/v_index')
 6 SYSTEMPATH\View\View.php(234): include('C:\\xampp\\htdocs\\si_ekatalog_ci4\\app\\Views\\v_template_admin.php')
 7 SYSTEMPATH\View\View.php(237): CodeIgniter\View\View->CodeIgniter\View\{closure}()
 8 SYSTEMPATH\Common.php(1171): CodeIgniter\View\View->render('v_template_admin', [], true)
 9 APPPATH\Controllers\Ebook.php(44): view('v_template_admin', [...])
10 SYSTEMPATH\CodeIgniter.php(933): App\Controllers\Ebook->index()
11 SYSTEMPATH\CodeIgniter.php(509): CodeIgniter\CodeIgniter->runController(Object(App\Controllers\Ebook))
12 SYSTEMPATH\CodeIgniter.php(355): CodeIgniter\CodeIgniter->handleRequest(null, Object(Config\Cache), false)
13 SYSTEMPATH\Boot.php(325): CodeIgniter\CodeIgniter->run()
14 SYSTEMPATH\Boot.php(67): CodeIgniter\Boot::runCodeIgniter(Object(CodeIgniter\CodeIgniter))
15 FCPATH\index.php(56): CodeIgniter\Boot::bootWeb(Object(Config\Paths))
WARNING - 2026-05-13 06:32:57 --> [DEPRECATED] strtotime(): Passing null to parameter #1 ($datetime) of type string is deprecated in APPPATH\Views\Ebook\v_index.php on line 84.
 1 APPPATH\Views\Ebook\v_index.php(84): strtotime(null)
 2 SYSTEMPATH\View\View.php(234): include('C:\\xampp\\htdocs\\si_ekatalog_ci4\\app\\Views\\Ebook\\v_index.php')
 3 SYSTEMPATH\View\View.php(237): CodeIgniter\View\View->CodeIgniter\View\{closure}()
 4 SYSTEMPATH\Common.php(1171): CodeIgniter\View\View->render('ebook/v_index', [], true)
 5 APPPATH\Views\v_template_admin.php(288): view('ebook/v_index')
 6 SYSTEMPATH\View\View.php(234): include('C:\\xampp\\htdocs\\si_ekatalog_ci4\\app\\Views\\v_template_admin.php')
 7 SYSTEMPATH\View\View.php(237): CodeIgniter\View\View->CodeIgniter\View\{closure}()
 8 SYSTEMPATH\Common.php(1171): CodeIgniter\View\View->render('v_template_admin', [], true)
 9 APPPATH\Controllers\Ebook.php(44): view('v_template_admin', [...])
10 SYSTEMPATH\CodeIgniter.php(933): App\Controllers\Ebook->index()
11 SYSTEMPATH\CodeIgniter.php(509): CodeIgniter\CodeIgniter->runController(Object(App\Controllers\Ebook))
12 SYSTEMPATH\CodeIgniter.php(355): CodeIgniter\CodeIgniter->handleRequest(null, Object(Config\Cache), false)
13 SYSTEMPATH\Boot.php(325): CodeIgniter\CodeIgniter->run()
14 SYSTEMPATH\Boot.php(67): CodeIgniter\Boot::runCodeIgniter(Object(CodeIgniter\CodeIgniter))
15 FCPATH\index.php(56): CodeIgniter\Boot::bootWeb(Object(Config\Paths))
WARNING - 2026-05-13 06:32:57 --> [DEPRECATED] strtotime(): Passing null to parameter #1 ($datetime) of type string is deprecated in APPPATH\Views\Ebook\v_index.php on line 84.
 1 APPPATH\Views\Ebook\v_index.php(84): strtotime(null)
 2 SYSTEMPATH\View\View.php(234): include('C:\\xampp\\htdocs\\si_ekatalog_ci4\\app\\Views\\Ebook\\v_index.php')
 3 SYSTEMPATH\View\View.php(237): CodeIgniter\View\View->CodeIgniter\View\{closure}()
 4 SYSTEMPATH\Common.php(1171): CodeIgniter\View\View->render('ebook/v_index', [], true)
 5 APPPATH\Views\v_template_admin.php(288): view('ebook/v_index')
 6 SYSTEMPATH\View\View.php(234): include('C:\\xampp\\htdocs\\si_ekatalog_ci4\\app\\Views\\v_template_admin.php')
 7 SYSTEMPATH\View\View.php(237): CodeIgniter\View\View->CodeIgniter\View\{closure}()
 8 SYSTEMPATH\Common.php(1171): CodeIgniter\View\View->render('v_template_admin', [], true)
 9 APPPATH\Controllers\Ebook.php(44): view('v_template_admin', [...])
10 SYSTEMPATH\CodeIgniter.php(933): App\Controllers\Ebook->index()
11 SYSTEMPATH\CodeIgniter.php(509): CodeIgniter\CodeIgniter->runController(Object(App\Controllers\Ebook))
12 SYSTEMPATH\CodeIgniter.php(355): CodeIgniter\CodeIgniter->handleRequest(null, Object(Config\Cache), false)
13 SYSTEMPATH\Boot.php(325): CodeIgniter\CodeIgniter->run()
14 SYSTEMPATH\Boot.php(67): CodeIgniter\Boot::runCodeIgniter(Object(CodeIgniter\CodeIgniter))
15 FCPATH\index.php(56): CodeIgniter\Boot::bootWeb(Object(Config\Paths))
WARNING - 2026-05-13 06:32:57 --> [DEPRECATED] strtotime(): Passing null to parameter #1 ($datetime) of type string is deprecated in APPPATH\Views\Ebook\v_index.php on line 84.
 1 APPPATH\Views\Ebook\v_index.php(84): strtotime(null)
 2 SYSTEMPATH\View\View.php(234): include('C:\\xampp\\htdocs\\si_ekatalog_ci4\\app\\Views\\Ebook\\v_index.php')
 3 SYSTEMPATH\View\View.php(237): CodeIgniter\View\View->CodeIgniter\View\{closure}()
 4 SYSTEMPATH\Common.php(1171): CodeIgniter\View\View->render('ebook/v_index', [], true)
 5 APPPATH\Views\v_template_admin.php(288): view('ebook/v_index')
 6 SYSTEMPATH\View\View.php(234): include('C:\\xampp\\htdocs\\si_ekatalog_ci4\\app\\Views\\v_template_admin.php')
 7 SYSTEMPATH\View\View.php(237): CodeIgniter\View\View->CodeIgniter\View\{closure}()
 8 SYSTEMPATH\Common.php(1171): CodeIgniter\View\View->render('v_template_admin', [], true)
 9 APPPATH\Controllers\Ebook.php(44): view('v_template_admin', [...])
10 SYSTEMPATH\CodeIgniter.php(933): App\Controllers\Ebook->index()
11 SYSTEMPATH\CodeIgniter.php(509): CodeIgniter\CodeIgniter->runController(Object(App\Controllers\Ebook))
12 SYSTEMPATH\CodeIgniter.php(355): CodeIgniter\CodeIgniter->handleRequest(null, Object(Config\Cache), false)
13 SYSTEMPATH\Boot.php(325): CodeIgniter\CodeIgniter->run()
14 SYSTEMPATH\Boot.php(67): CodeIgniter\Boot::runCodeIgniter(Object(CodeIgniter\CodeIgniter))
15 FCPATH\index.php(56): CodeIgniter\Boot::bootWeb(Object(Config\Paths))
WARNING - 2026-05-13 06:32:57 --> [DEPRECATED] strtotime(): Passing null to parameter #1 ($datetime) of type string is deprecated in APPPATH\Views\Ebook\v_index.php on line 84.
 1 APPPATH\Views\Ebook\v_index.php(84): strtotime(null)
 2 SYSTEMPATH\View\View.php(234): include('C:\\xampp\\htdocs\\si_ekatalog_ci4\\app\\Views\\Ebook\\v_index.php')
 3 SYSTEMPATH\View\View.php(237): CodeIgniter\View\View->CodeIgniter\View\{closure}()
 4 SYSTEMPATH\Common.php(1171): CodeIgniter\View\View->render('ebook/v_index', [], true)
 5 APPPATH\Views\v_template_admin.php(288): view('ebook/v_index')
 6 SYSTEMPATH\View\View.php(234): include('C:\\xampp\\htdocs\\si_ekatalog_ci4\\app\\Views\\v_template_admin.php')
 7 SYSTEMPATH\View\View.php(237): CodeIgniter\View\View->CodeIgniter\View\{closure}()
 8 SYSTEMPATH\Common.php(1171): CodeIgniter\View\View->render('v_template_admin', [], true)
 9 APPPATH\Controllers\Ebook.php(44): view('v_template_admin', [...])
10 SYSTEMPATH\CodeIgniter.php(933): App\Controllers\Ebook->index()
11 SYSTEMPATH\CodeIgniter.php(509): CodeIgniter\CodeIgniter->runController(Object(App\Controllers\Ebook))
12 SYSTEMPATH\CodeIgniter.php(355): CodeIgniter\CodeIgniter->handleRequest(null, Object(Config\Cache), false)
13 SYSTEMPATH\Boot.php(325): CodeIgniter\CodeIgniter->run()
14 SYSTEMPATH\Boot.php(67): CodeIgniter\Boot::runCodeIgniter(Object(CodeIgniter\CodeIgniter))
15 FCPATH\index.php(56): CodeIgniter\Boot::bootWeb(Object(Config\Paths))
INFO - 2026-05-13 06:33:36 --> Session: Class initialized using 'CodeIgniter\Session\Handlers\FileHandler' driver.
WARNING - 2026-05-13 06:33:36 --> [DEPRECATED] strtotime(): Passing null to parameter #1 ($datetime) of type string is deprecated in APPPATH\Views\Ebook\v_index.php on line 84.
 1 APPPATH\Views\Ebook\v_index.php(84): strtotime(null)
 2 SYSTEMPATH\View\View.php(234): include('C:\\xampp\\htdocs\\si_ekatalog_ci4\\app\\Views\\Ebook\\v_index.php')
 3 SYSTEMPATH\View\View.php(237): CodeIgniter\View\View->CodeIgniter\View\{closure}()
 4 SYSTEMPATH\Common.php(1171): CodeIgniter\View\View->render('ebook/v_index', [], true)
 5 APPPATH\Views\v_template_admin.php(288): view('ebook/v_index')
 6 SYSTEMPATH\View\View.php(234): include('C:\\xampp\\htdocs\\si_ekatalog_ci4\\app\\Views\\v_template_admin.php')
 7 SYSTEMPATH\View\View.php(237): CodeIgniter\View\View->CodeIgniter\View\{closure}()
 8 SYSTEMPATH\Common.php(1171): CodeIgniter\View\View->render('v_template_admin', [], true)
 9 APPPATH\Controllers\Ebook.php(44): view('v_template_admin', [...])
10 SYSTEMPATH\CodeIgniter.php(933): App\Controllers\Ebook->index()
11 SYSTEMPATH\CodeIgniter.php(509): CodeIgniter\CodeIgniter->runController(Object(App\Controllers\Ebook))
12 SYSTEMPATH\CodeIgniter.php(355): CodeIgniter\CodeIgniter->handleRequest(null, Object(Config\Cache), false)
13 SYSTEMPATH\Boot.php(325): CodeIgniter\CodeIgniter->run()
14 SYSTEMPATH\Boot.php(67): CodeIgniter\Boot::runCodeIgniter(Object(CodeIgniter\CodeIgniter))
15 FCPATH\index.php(56): CodeIgniter\Boot::bootWeb(Object(Config\Paths))
WARNING - 2026-05-13 06:33:36 --> [DEPRECATED] strtotime(): Passing null to parameter #1 ($datetime) of type string is deprecated in APPPATH\Views\Ebook\v_index.php on line 84.
 1 APPPATH\Views\Ebook\v_index.php(84): strtotime(null)
 2 SYSTEMPATH\View\View.php(234): include('C:\\xampp\\htdocs\\si_ekatalog_ci4\\app\\Views\\Ebook\\v_index.php')
 3 SYSTEMPATH\View\View.php(237): CodeIgniter\View\View->CodeIgniter\View\{closure}()
 4 SYSTEMPATH\Common.php(1171): CodeIgniter\View\View->render('ebook/v_index', [], true)
 5 APPPATH\Views\v_template_admin.php(288): view('ebook/v_index')
 6 SYSTEMPATH\View\View.php(234): include('C:\\xampp\\htdocs\\si_ekatalog_ci4\\app\\Views\\v_template_admin.php')
 7 SYSTEMPATH\View\View.php(237): CodeIgniter\View\View->CodeIgniter\View\{closure}()
 8 SYSTEMPATH\Common.php(1171): CodeIgniter\View\View->render('v_template_admin', [], true)
 9 APPPATH\Controllers\Ebook.php(44): view('v_template_admin', [...])
10 SYSTEMPATH\CodeIgniter.php(933): App\Controllers\Ebook->index()
11 SYSTEMPATH\CodeIgniter.php(509): CodeIgniter\CodeIgniter->runController(Object(App\Controllers\Ebook))
12 SYSTEMPATH\CodeIgniter.php(355): CodeIgniter\CodeIgniter->handleRequest(null, Object(Config\Cache), false)
13 SYSTEMPATH\Boot.php(325): CodeIgniter\CodeIgniter->run()
14 SYSTEMPATH\Boot.php(67): CodeIgniter\Boot::runCodeIgniter(Object(CodeIgniter\CodeIgniter))
15 FCPATH\index.php(56): CodeIgniter\Boot::bootWeb(Object(Config\Paths))
WARNING - 2026-05-13 06:33:36 --> [DEPRECATED] strtotime(): Passing null to parameter #1 ($datetime) of type string is deprecated in APPPATH\Views\Ebook\v_index.php on line 84.
 1 APPPATH\Views\Ebook\v_index.php(84): strtotime(null)
 2 SYSTEMPATH\View\View.php(234): include('C:\\xampp\\htdocs\\si_ekatalog_ci4\\app\\Views\\Ebook\\v_index.php')
 3 SYSTEMPATH\View\View.php(237): CodeIgniter\View\View->CodeIgniter\View\{closure}()
 4 SYSTEMPATH\Common.php(1171): CodeIgniter\View\View->render('ebook/v_index', [], true)
 5 APPPATH\Views\v_template_admin.php(288): view('ebook/v_index')
 6 SYSTEMPATH\View\View.php(234): include('C:\\xampp\\htdocs\\si_ekatalog_ci4\\app\\Views\\v_template_admin.php')
 7 SYSTEMPATH\View\View.php(237): CodeIgniter\View\View->CodeIgniter\View\{closure}()
 8 SYSTEMPATH\Common.php(1171): CodeIgniter\View\View->render('v_template_admin', [], true)
 9 APPPATH\Controllers\Ebook.php(44): view('v_template_admin', [...])
10 SYSTEMPATH\CodeIgniter.php(933): App\Controllers\Ebook->index()
11 SYSTEMPATH\CodeIgniter.php(509): CodeIgniter\CodeIgniter->runController(Object(App\Controllers\Ebook))
12 SYSTEMPATH\CodeIgniter.php(355): CodeIgniter\CodeIgniter->handleRequest(null, Object(Config\Cache), false)
13 SYSTEMPATH\Boot.php(325): CodeIgniter\CodeIgniter->run()
14 SYSTEMPATH\Boot.php(67): CodeIgniter\Boot::runCodeIgniter(Object(CodeIgniter\CodeIgniter))
15 FCPATH\index.php(56): CodeIgniter\Boot::bootWeb(Object(Config\Paths))
WARNING - 2026-05-13 06:33:36 --> [DEPRECATED] strtotime(): Passing null to parameter #1 ($datetime) of type string is deprecated in APPPATH\Views\Ebook\v_index.php on line 84.
 1 APPPATH\Views\Ebook\v_index.php(84): strtotime(null)
 2 SYSTEMPATH\View\View.php(234): include('C:\\xampp\\htdocs\\si_ekatalog_ci4\\app\\Views\\Ebook\\v_index.php')
 3 SYSTEMPATH\View\View.php(237): CodeIgniter\View\View->CodeIgniter\View\{closure}()
 4 SYSTEMPATH\Common.php(1171): CodeIgniter\View\View->render('ebook/v_index', [], true)
 5 APPPATH\Views\v_template_admin.php(288): view('ebook/v_index')
 6 SYSTEMPATH\View\View.php(234): include('C:\\xampp\\htdocs\\si_ekatalog_ci4\\app\\Views\\v_template_admin.php')
 7 SYSTEMPATH\View\View.php(237): CodeIgniter\View\View->CodeIgniter\View\{closure}()
 8 SYSTEMPATH\Common.php(1171): CodeIgniter\View\View->render('v_template_admin', [], true)
 9 APPPATH\Controllers\Ebook.php(44): view('v_template_admin', [...])
10 SYSTEMPATH\CodeIgniter.php(933): App\Controllers\Ebook->index()
11 SYSTEMPATH\CodeIgniter.php(509): CodeIgniter\CodeIgniter->runController(Object(App\Controllers\Ebook))
12 SYSTEMPATH\CodeIgniter.php(355): CodeIgniter\CodeIgniter->handleRequest(null, Object(Config\Cache), false)
13 SYSTEMPATH\Boot.php(325): CodeIgniter\CodeIgniter->run()
14 SYSTEMPATH\Boot.php(67): CodeIgniter\Boot::runCodeIgniter(Object(CodeIgniter\CodeIgniter))
15 FCPATH\index.php(56): CodeIgniter\Boot::bootWeb(Object(Config\Paths))
WARNING - 2026-05-13 06:33:36 --> [DEPRECATED] strtotime(): Passing null to parameter #1 ($datetime) of type string is deprecated in APPPATH\Views\Ebook\v_index.php on line 84.
 1 APPPATH\Views\Ebook\v_index.php(84): strtotime(null)
 2 SYSTEMPATH\View\View.php(234): include('C:\\xampp\\htdocs\\si_ekatalog_ci4\\app\\Views\\Ebook\\v_index.php')
 3 SYSTEMPATH\View\View.php(237): CodeIgniter\View\View->CodeIgniter\View\{closure}()
 4 SYSTEMPATH\Common.php(1171): CodeIgniter\View\View->render('ebook/v_index', [], true)
 5 APPPATH\Views\v_template_admin.php(288): view('ebook/v_index')
 6 SYSTEMPATH\View\View.php(234): include('C:\\xampp\\htdocs\\si_ekatalog_ci4\\app\\Views\\v_template_admin.php')
 7 SYSTEMPATH\View\View.php(237): CodeIgniter\View\View->CodeIgniter\View\{closure}()
 8 SYSTEMPATH\Common.php(1171): CodeIgniter\View\View->render('v_template_admin', [], true)
 9 APPPATH\Controllers\Ebook.php(44): view('v_template_admin', [...])
10 SYSTEMPATH\CodeIgniter.php(933): App\Controllers\Ebook->index()
11 SYSTEMPATH\CodeIgniter.php(509): CodeIgniter\CodeIgniter->runController(Object(App\Controllers\Ebook))
12 SYSTEMPATH\CodeIgniter.php(355): CodeIgniter\CodeIgniter->handleRequest(null, Object(Config\Cache), false)
13 SYSTEMPATH\Boot.php(325): CodeIgniter\CodeIgniter->run()
14 SYSTEMPATH\Boot.php(67): CodeIgniter\Boot::runCodeIgniter(Object(CodeIgniter\CodeIgniter))
15 FCPATH\index.php(56): CodeIgniter\Boot::bootWeb(Object(Config\Paths))
WARNING - 2026-05-13 06:33:36 --> [DEPRECATED] strtotime(): Passing null to parameter #1 ($datetime) of type string is deprecated in APPPATH\Views\Ebook\v_index.php on line 84.
 1 APPPATH\Views\Ebook\v_index.php(84): strtotime(null)
 2 SYSTEMPATH\View\View.php(234): include('C:\\xampp\\htdocs\\si_ekatalog_ci4\\app\\Views\\Ebook\\v_index.php')
 3 SYSTEMPATH\View\View.php(237): CodeIgniter\View\View->CodeIgniter\View\{closure}()
 4 SYSTEMPATH\Common.php(1171): CodeIgniter\View\View->render('ebook/v_index', [], true)
 5 APPPATH\Views\v_template_admin.php(288): view('ebook/v_index')
 6 SYSTEMPATH\View\View.php(234): include('C:\\xampp\\htdocs\\si_ekatalog_ci4\\app\\Views\\v_template_admin.php')
 7 SYSTEMPATH\View\View.php(237): CodeIgniter\View\View->CodeIgniter\View\{closure}()
 8 SYSTEMPATH\Common.php(1171): CodeIgniter\View\View->render('v_template_admin', [], true)
 9 APPPATH\Controllers\Ebook.php(44): view('v_template_admin', [...])
10 SYSTEMPATH\CodeIgniter.php(933): App\Controllers\Ebook->index()
11 SYSTEMPATH\CodeIgniter.php(509): CodeIgniter\CodeIgniter->runController(Object(App\Controllers\Ebook))
12 SYSTEMPATH\CodeIgniter.php(355): CodeIgniter\CodeIgniter->handleRequest(null, Object(Config\Cache), false)
13 SYSTEMPATH\Boot.php(325): CodeIgniter\CodeIgniter->run()
14 SYSTEMPATH\Boot.php(67): CodeIgniter\Boot::runCodeIgniter(Object(CodeIgniter\CodeIgniter))
15 FCPATH\index.php(56): CodeIgniter\Boot::bootWeb(Object(Config\Paths))
WARNING - 2026-05-13 06:33:36 --> [DEPRECATED] strtotime(): Passing null to parameter #1 ($datetime) of type string is deprecated in APPPATH\Views\Ebook\v_index.php on line 84.
 1 APPPATH\Views\Ebook\v_index.php(84): strtotime(null)
 2 SYSTEMPATH\View\View.php(234): include('C:\\xampp\\htdocs\\si_ekatalog_ci4\\app\\Views\\Ebook\\v_index.php')
 3 SYSTEMPATH\View\View.php(237): CodeIgniter\View\View->CodeIgniter\View\{closure}()
 4 SYSTEMPATH\Common.php(1171): CodeIgniter\View\View->render('ebook/v_index', [], true)
 5 APPPATH\Views\v_template_admin.php(288): view('ebook/v_index')
 6 SYSTEMPATH\View\View.php(234): include('C:\\xampp\\htdocs\\si_ekatalog_ci4\\app\\Views\\v_template_admin.php')
 7 SYSTEMPATH\View\View.php(237): CodeIgniter\View\View->CodeIgniter\View\{closure}()
 8 SYSTEMPATH\Common.php(1171): CodeIgniter\View\View->render('v_template_admin', [], true)
 9 APPPATH\Controllers\Ebook.php(44): view('v_template_admin', [...])
10 SYSTEMPATH\CodeIgniter.php(933): App\Controllers\Ebook->index()
11 SYSTEMPATH\CodeIgniter.php(509): CodeIgniter\CodeIgniter->runController(Object(App\Controllers\Ebook))
12 SYSTEMPATH\CodeIgniter.php(355): CodeIgniter\CodeIgniter->handleRequest(null, Object(Config\Cache), false)
13 SYSTEMPATH\Boot.php(325): CodeIgniter\CodeIgniter->run()
14 SYSTEMPATH\Boot.php(67): CodeIgniter\Boot::runCodeIgniter(Object(CodeIgniter\CodeIgniter))
15 FCPATH\index.php(56): CodeIgniter\Boot::bootWeb(Object(Config\Paths))
WARNING - 2026-05-13 06:33:36 --> [DEPRECATED] strtotime(): Passing null to parameter #1 ($datetime) of type string is deprecated in APPPATH\Views\Ebook\v_index.php on line 84.
 1 APPPATH\Views\Ebook\v_index.php(84): strtotime(null)
 2 SYSTEMPATH\View\View.php(234): include('C:\\xampp\\htdocs\\si_ekatalog_ci4\\app\\Views\\Ebook\\v_index.php')
 3 SYSTEMPATH\View\View.php(237): CodeIgniter\View\View->CodeIgniter\View\{closure}()
 4 SYSTEMPATH\Common.php(1171): CodeIgniter\View\View->render('ebook/v_index', [], true)
 5 APPPATH\Views\v_template_admin.php(288): view('ebook/v_index')
 6 SYSTEMPATH\View\View.php(234): include('C:\\xampp\\htdocs\\si_ekatalog_ci4\\app\\Views\\v_template_admin.php')
 7 SYSTEMPATH\View\View.php(237): CodeIgniter\View\View->CodeIgniter\View\{closure}()
 8 SYSTEMPATH\Common.php(1171): CodeIgniter\View\View->render('v_template_admin', [], true)
 9 APPPATH\Controllers\Ebook.php(44): view('v_template_admin', [...])
10 SYSTEMPATH\CodeIgniter.php(933): App\Controllers\Ebook->index()
11 SYSTEMPATH\CodeIgniter.php(509): CodeIgniter\CodeIgniter->runController(Object(App\Controllers\Ebook))
12 SYSTEMPATH\CodeIgniter.php(355): CodeIgniter\CodeIgniter->handleRequest(null, Object(Config\Cache), false)
13 SYSTEMPATH\Boot.php(325): CodeIgniter\CodeIgniter->run()
14 SYSTEMPATH\Boot.php(67): CodeIgniter\Boot::runCodeIgniter(Object(CodeIgniter\CodeIgniter))
15 FCPATH\index.php(56): CodeIgniter\Boot::bootWeb(Object(Config\Paths))
WARNING - 2026-05-13 06:33:36 --> [DEPRECATED] strtotime(): Passing null to parameter #1 ($datetime) of type string is deprecated in APPPATH\Views\Ebook\v_index.php on line 84.
 1 APPPATH\Views\Ebook\v_index.php(84): strtotime(null)
 2 SYSTEMPATH\View\View.php(234): include('C:\\xampp\\htdocs\\si_ekatalog_ci4\\app\\Views\\Ebook\\v_index.php')
 3 SYSTEMPATH\View\View.php(237): CodeIgniter\View\View->CodeIgniter\View\{closure}()
 4 SYSTEMPATH\Common.php(1171): CodeIgniter\View\View->render('ebook/v_index', [], true)
 5 APPPATH\Views\v_template_admin.php(288): view('ebook/v_index')
 6 SYSTEMPATH\View\View.php(234): include('C:\\xampp\\htdocs\\si_ekatalog_ci4\\app\\Views\\v_template_admin.php')
 7 SYSTEMPATH\View\View.php(237): CodeIgniter\View\View->CodeIgniter\View\{closure}()
 8 SYSTEMPATH\Common.php(1171): CodeIgniter\View\View->render('v_template_admin', [], true)
 9 APPPATH\Controllers\Ebook.php(44): view('v_template_admin', [...])
10 SYSTEMPATH\CodeIgniter.php(933): App\Controllers\Ebook->index()
11 SYSTEMPATH\CodeIgniter.php(509): CodeIgniter\CodeIgniter->runController(Object(App\Controllers\Ebook))
12 SYSTEMPATH\CodeIgniter.php(355): CodeIgniter\CodeIgniter->handleRequest(null, Object(Config\Cache), false)
13 SYSTEMPATH\Boot.php(325): CodeIgniter\CodeIgniter->run()
14 SYSTEMPATH\Boot.php(67): CodeIgniter\Boot::runCodeIgniter(Object(CodeIgniter\CodeIgniter))
15 FCPATH\index.php(56): CodeIgniter\Boot::bootWeb(Object(Config\Paths))
WARNING - 2026-05-13 06:33:36 --> [DEPRECATED] strtotime(): Passing null to parameter #1 ($datetime) of type string is deprecated in APPPATH\Views\Ebook\v_index.php on line 84.
 1 APPPATH\Views\Ebook\v_index.php(84): strtotime(null)
 2 SYSTEMPATH\View\View.php(234): include('C:\\xampp\\htdocs\\si_ekatalog_ci4\\app\\Views\\Ebook\\v_index.php')
 3 SYSTEMPATH\View\View.php(237): CodeIgniter\View\View->CodeIgniter\View\{closure}()
 4 SYSTEMPATH\Common.php(1171): CodeIgniter\View\View->render('ebook/v_index', [], true)
 5 APPPATH\Views\v_template_admin.php(288): view('ebook/v_index')
 6 SYSTEMPATH\View\View.php(234): include('C:\\xampp\\htdocs\\si_ekatalog_ci4\\app\\Views\\v_template_admin.php')
 7 SYSTEMPATH\View\View.php(237): CodeIgniter\View\View->CodeIgniter\View\{closure}()
 8 SYSTEMPATH\Common.php(1171): CodeIgniter\View\View->render('v_template_admin', [], true)
 9 APPPATH\Controllers\Ebook.php(44): view('v_template_admin', [...])
10 SYSTEMPATH\CodeIgniter.php(933): App\Controllers\Ebook->index()
11 SYSTEMPATH\CodeIgniter.php(509): CodeIgniter\CodeIgniter->runController(Object(App\Controllers\Ebook))
12 SYSTEMPATH\CodeIgniter.php(355): CodeIgniter\CodeIgniter->handleRequest(null, Object(Config\Cache), false)
13 SYSTEMPATH\Boot.php(325): CodeIgniter\CodeIgniter->run()
14 SYSTEMPATH\Boot.php(67): CodeIgniter\Boot::runCodeIgniter(Object(CodeIgniter\CodeIgniter))
15 FCPATH\index.php(56): CodeIgniter\Boot::bootWeb(Object(Config\Paths))
WARNING - 2026-05-13 06:33:36 --> [DEPRECATED] strtotime(): Passing null to parameter #1 ($datetime) of type string is deprecated in APPPATH\Views\Ebook\v_index.php on line 84.
 1 APPPATH\Views\Ebook\v_index.php(84): strtotime(null)
 2 SYSTEMPATH\View\View.php(234): include('C:\\xampp\\htdocs\\si_ekatalog_ci4\\app\\Views\\Ebook\\v_index.php')
 3 SYSTEMPATH\View\View.php(237): CodeIgniter\View\View->CodeIgniter\View\{closure}()
 4 SYSTEMPATH\Common.php(1171): CodeIgniter\View\View->render('ebook/v_index', [], true)
 5 APPPATH\Views\v_template_admin.php(288): view('ebook/v_index')
 6 SYSTEMPATH\View\View.php(234): include('C:\\xampp\\htdocs\\si_ekatalog_ci4\\app\\Views\\v_template_admin.php')
 7 SYSTEMPATH\View\View.php(237): CodeIgniter\View\View->CodeIgniter\View\{closure}()
 8 SYSTEMPATH\Common.php(1171): CodeIgniter\View\View->render('v_template_admin', [], true)
 9 APPPATH\Controllers\Ebook.php(44): view('v_template_admin', [...])
10 SYSTEMPATH\CodeIgniter.php(933): App\Controllers\Ebook->index()
11 SYSTEMPATH\CodeIgniter.php(509): CodeIgniter\CodeIgniter->runController(Object(App\Controllers\Ebook))
12 SYSTEMPATH\CodeIgniter.php(355): CodeIgniter\CodeIgniter->handleRequest(null, Object(Config\Cache), false)
13 SYSTEMPATH\Boot.php(325): CodeIgniter\CodeIgniter->run()
14 SYSTEMPATH\Boot.php(67): CodeIgniter\Boot::runCodeIgniter(Object(CodeIgniter\CodeIgniter))
15 FCPATH\index.php(56): CodeIgniter\Boot::bootWeb(Object(Config\Paths))
WARNING - 2026-05-13 06:33:36 --> [DEPRECATED] strtotime(): Passing null to parameter #1 ($datetime) of type string is deprecated in APPPATH\Views\Ebook\v_index.php on line 84.
 1 APPPATH\Views\Ebook\v_index.php(84): strtotime(null)
 2 SYSTEMPATH\View\View.php(234): include('C:\\xampp\\htdocs\\si_ekatalog_ci4\\app\\Views\\Ebook\\v_index.php')
 3 SYSTEMPATH\View\View.php(237): CodeIgniter\View\View->CodeIgniter\View\{closure}()
 4 SYSTEMPATH\Common.php(1171): CodeIgniter\View\View->render('ebook/v_index', [], true)
 5 APPPATH\Views\v_template_admin.php(288): view('ebook/v_index')
 6 SYSTEMPATH\View\View.php(234): include('C:\\xampp\\htdocs\\si_ekatalog_ci4\\app\\Views\\v_template_admin.php')
 7 SYSTEMPATH\View\View.php(237): CodeIgniter\View\View->CodeIgniter\View\{closure}()
 8 SYSTEMPATH\Common.php(1171): CodeIgniter\View\View->render('v_template_admin', [], true)
 9 APPPATH\Controllers\Ebook.php(44): view('v_template_admin', [...])
10 SYSTEMPATH\CodeIgniter.php(933): App\Controllers\Ebook->index()
11 SYSTEMPATH\CodeIgniter.php(509): CodeIgniter\CodeIgniter->runController(Object(App\Controllers\Ebook))
12 SYSTEMPATH\CodeIgniter.php(355): CodeIgniter\CodeIgniter->handleRequest(null, Object(Config\Cache), false)
13 SYSTEMPATH\Boot.php(325): CodeIgniter\CodeIgniter->run()
14 SYSTEMPATH\Boot.php(67): CodeIgniter\Boot::runCodeIgniter(Object(CodeIgniter\CodeIgniter))
15 FCPATH\index.php(56): CodeIgniter\Boot::bootWeb(Object(Config\Paths))
WARNING - 2026-05-13 06:33:36 --> [DEPRECATED] strtotime(): Passing null to parameter #1 ($datetime) of type string is deprecated in APPPATH\Views\Ebook\v_index.php on line 84.
 1 APPPATH\Views\Ebook\v_index.php(84): strtotime(null)
 2 SYSTEMPATH\View\View.php(234): include('C:\\xampp\\htdocs\\si_ekatalog_ci4\\app\\Views\\Ebook\\v_index.php')
 3 SYSTEMPATH\View\View.php(237): CodeIgniter\View\View->CodeIgniter\View\{closure}()
 4 SYSTEMPATH\Common.php(1171): CodeIgniter\View\View->render('ebook/v_index', [], true)
 5 APPPATH\Views\v_template_admin.php(288): view('ebook/v_index')
 6 SYSTEMPATH\View\View.php(234): include('C:\\xampp\\htdocs\\si_ekatalog_ci4\\app\\Views\\v_template_admin.php')
 7 SYSTEMPATH\View\View.php(237): CodeIgniter\View\View->CodeIgniter\View\{closure}()
 8 SYSTEMPATH\Common.php(1171): CodeIgniter\View\View->render('v_template_admin', [], true)
 9 APPPATH\Controllers\Ebook.php(44): view('v_template_admin', [...])
10 SYSTEMPATH\CodeIgniter.php(933): App\Controllers\Ebook->index()
11 SYSTEMPATH\CodeIgniter.php(509): CodeIgniter\CodeIgniter->runController(Object(App\Controllers\Ebook))
12 SYSTEMPATH\CodeIgniter.php(355): CodeIgniter\CodeIgniter->handleRequest(null, Object(Config\Cache), false)
13 SYSTEMPATH\Boot.php(325): CodeIgniter\CodeIgniter->run()
14 SYSTEMPATH\Boot.php(67): CodeIgniter\Boot::runCodeIgniter(Object(CodeIgniter\CodeIgniter))
15 FCPATH\index.php(56): CodeIgniter\Boot::bootWeb(Object(Config\Paths))
WARNING - 2026-05-13 06:33:36 --> [DEPRECATED] strtotime(): Passing null to parameter #1 ($datetime) of type string is deprecated in APPPATH\Views\Ebook\v_index.php on line 84.
 1 APPPATH\Views\Ebook\v_index.php(84): strtotime(null)
 2 SYSTEMPATH\View\View.php(234): include('C:\\xampp\\htdocs\\si_ekatalog_ci4\\app\\Views\\Ebook\\v_index.php')
 3 SYSTEMPATH\View\View.php(237): CodeIgniter\View\View->CodeIgniter\View\{closure}()
 4 SYSTEMPATH\Common.php(1171): CodeIgniter\View\View->render('ebook/v_index', [], true)
 5 APPPATH\Views\v_template_admin.php(288): view('ebook/v_index')
 6 SYSTEMPATH\View\View.php(234): include('C:\\xampp\\htdocs\\si_ekatalog_ci4\\app\\Views\\v_template_admin.php')
 7 SYSTEMPATH\View\View.php(237): CodeIgniter\View\View->CodeIgniter\View\{closure}()
 8 SYSTEMPATH\Common.php(1171): CodeIgniter\View\View->render('v_template_admin', [], true)
 9 APPPATH\Controllers\Ebook.php(44): view('v_template_admin', [...])
10 SYSTEMPATH\CodeIgniter.php(933): App\Controllers\Ebook->index()
11 SYSTEMPATH\CodeIgniter.php(509): CodeIgniter\CodeIgniter->runController(Object(App\Controllers\Ebook))
12 SYSTEMPATH\CodeIgniter.php(355): CodeIgniter\CodeIgniter->handleRequest(null, Object(Config\Cache), false)
13 SYSTEMPATH\Boot.php(325): CodeIgniter\CodeIgniter->run()
14 SYSTEMPATH\Boot.php(67): CodeIgniter\Boot::runCodeIgniter(Object(CodeIgniter\CodeIgniter))
15 FCPATH\index.php(56): CodeIgniter\Boot::bootWeb(Object(Config\Paths))
WARNING - 2026-05-13 06:33:36 --> [DEPRECATED] strtotime(): Passing null to parameter #1 ($datetime) of type string is deprecated in APPPATH\Views\Ebook\v_index.php on line 84.
 1 APPPATH\Views\Ebook\v_index.php(84): strtotime(null)
 2 SYSTEMPATH\View\View.php(234): include('C:\\xampp\\htdocs\\si_ekatalog_ci4\\app\\Views\\Ebook\\v_index.php')
 3 SYSTEMPATH\View\View.php(237): CodeIgniter\View\View->CodeIgniter\View\{closure}()
 4 SYSTEMPATH\Common.php(1171): CodeIgniter\View\View->render('ebook/v_index', [], true)
 5 APPPATH\Views\v_template_admin.php(288): view('ebook/v_index')
 6 SYSTEMPATH\View\View.php(234): include('C:\\xampp\\htdocs\\si_ekatalog_ci4\\app\\Views\\v_template_admin.php')
 7 SYSTEMPATH\View\View.php(237): CodeIgniter\View\View->CodeIgniter\View\{closure}()
 8 SYSTEMPATH\Common.php(1171): CodeIgniter\View\View->render('v_template_admin', [], true)
 9 APPPATH\Controllers\Ebook.php(44): view('v_template_admin', [...])
10 SYSTEMPATH\CodeIgniter.php(933): App\Controllers\Ebook->index()
11 SYSTEMPATH\CodeIgniter.php(509): CodeIgniter\CodeIgniter->runController(Object(App\Controllers\Ebook))
12 SYSTEMPATH\CodeIgniter.php(355): CodeIgniter\CodeIgniter->handleRequest(null, Object(Config\Cache), false)
13 SYSTEMPATH\Boot.php(325): CodeIgniter\CodeIgniter->run()
14 SYSTEMPATH\Boot.php(67): CodeIgniter\Boot::runCodeIgniter(Object(CodeIgniter\CodeIgniter))
15 FCPATH\index.php(56): CodeIgniter\Boot::bootWeb(Object(Config\Paths))
WARNING - 2026-05-13 06:33:36 --> [DEPRECATED] strtotime(): Passing null to parameter #1 ($datetime) of type string is deprecated in APPPATH\Views\Ebook\v_index.php on line 84.
 1 APPPATH\Views\Ebook\v_index.php(84): strtotime(null)
 2 SYSTEMPATH\View\View.php(234): include('C:\\xampp\\htdocs\\si_ekatalog_ci4\\app\\Views\\Ebook\\v_index.php')
 3 SYSTEMPATH\View\View.php(237): CodeIgniter\View\View->CodeIgniter\View\{closure}()
 4 SYSTEMPATH\Common.php(1171): CodeIgniter\View\View->render('ebook/v_index', [], true)
 5 APPPATH\Views\v_template_admin.php(288): view('ebook/v_index')
 6 SYSTEMPATH\View\View.php(234): include('C:\\xampp\\htdocs\\si_ekatalog_ci4\\app\\Views\\v_template_admin.php')
 7 SYSTEMPATH\View\View.php(237): CodeIgniter\View\View->CodeIgniter\View\{closure}()
 8 SYSTEMPATH\Common.php(1171): CodeIgniter\View\View->render('v_template_admin', [], true)
 9 APPPATH\Controllers\Ebook.php(44): view('v_template_admin', [...])
10 SYSTEMPATH\CodeIgniter.php(933): App\Controllers\Ebook->index()
11 SYSTEMPATH\CodeIgniter.php(509): CodeIgniter\CodeIgniter->runController(Object(App\Controllers\Ebook))
12 SYSTEMPATH\CodeIgniter.php(355): CodeIgniter\CodeIgniter->handleRequest(null, Object(Config\Cache), false)
13 SYSTEMPATH\Boot.php(325): CodeIgniter\CodeIgniter->run()
14 SYSTEMPATH\Boot.php(67): CodeIgniter\Boot::runCodeIgniter(Object(CodeIgniter\CodeIgniter))
15 FCPATH\index.php(56): CodeIgniter\Boot::bootWeb(Object(Config\Paths))
WARNING - 2026-05-13 06:33:36 --> [DEPRECATED] strtotime(): Passing null to parameter #1 ($datetime) of type string is deprecated in APPPATH\Views\Ebook\v_index.php on line 84.
 1 APPPATH\Views\Ebook\v_index.php(84): strtotime(null)
 2 SYSTEMPATH\View\View.php(234): include('C:\\xampp\\htdocs\\si_ekatalog_ci4\\app\\Views\\Ebook\\v_index.php')
 3 SYSTEMPATH\View\View.php(237): CodeIgniter\View\View->CodeIgniter\View\{closure}()
 4 SYSTEMPATH\Common.php(1171): CodeIgniter\View\View->render('ebook/v_index', [], true)
 5 APPPATH\Views\v_template_admin.php(288): view('ebook/v_index')
 6 SYSTEMPATH\View\View.php(234): include('C:\\xampp\\htdocs\\si_ekatalog_ci4\\app\\Views\\v_template_admin.php')
 7 SYSTEMPATH\View\View.php(237): CodeIgniter\View\View->CodeIgniter\View\{closure}()
 8 SYSTEMPATH\Common.php(1171): CodeIgniter\View\View->render('v_template_admin', [], true)
 9 APPPATH\Controllers\Ebook.php(44): view('v_template_admin', [...])
10 SYSTEMPATH\CodeIgniter.php(933): App\Controllers\Ebook->index()
11 SYSTEMPATH\CodeIgniter.php(509): CodeIgniter\CodeIgniter->runController(Object(App\Controllers\Ebook))
12 SYSTEMPATH\CodeIgniter.php(355): CodeIgniter\CodeIgniter->handleRequest(null, Object(Config\Cache), false)
13 SYSTEMPATH\Boot.php(325): CodeIgniter\CodeIgniter->run()
14 SYSTEMPATH\Boot.php(67): CodeIgniter\Boot::runCodeIgniter(Object(CodeIgniter\CodeIgniter))
15 FCPATH\index.php(56): CodeIgniter\Boot::bootWeb(Object(Config\Paths))
WARNING - 2026-05-13 06:33:36 --> [DEPRECATED] strtotime(): Passing null to parameter #1 ($datetime) of type string is deprecated in APPPATH\Views\Ebook\v_index.php on line 84.
 1 APPPATH\Views\Ebook\v_index.php(84): strtotime(null)
 2 SYSTEMPATH\View\View.php(234): include('C:\\xampp\\htdocs\\si_ekatalog_ci4\\app\\Views\\Ebook\\v_index.php')
 3 SYSTEMPATH\View\View.php(237): CodeIgniter\View\View->CodeIgniter\View\{closure}()
 4 SYSTEMPATH\Common.php(1171): CodeIgniter\View\View->render('ebook/v_index', [], true)
 5 APPPATH\Views\v_template_admin.php(288): view('ebook/v_index')
 6 SYSTEMPATH\View\View.php(234): include('C:\\xampp\\htdocs\\si_ekatalog_ci4\\app\\Views\\v_template_admin.php')
 7 SYSTEMPATH\View\View.php(237): CodeIgniter\View\View->CodeIgniter\View\{closure}()
 8 SYSTEMPATH\Common.php(1171): CodeIgniter\View\View->render('v_template_admin', [], true)
 9 APPPATH\Controllers\Ebook.php(44): view('v_template_admin', [...])
10 SYSTEMPATH\CodeIgniter.php(933): App\Controllers\Ebook->index()
11 SYSTEMPATH\CodeIgniter.php(509): CodeIgniter\CodeIgniter->runController(Object(App\Controllers\Ebook))
12 SYSTEMPATH\CodeIgniter.php(355): CodeIgniter\CodeIgniter->handleRequest(null, Object(Config\Cache), false)
13 SYSTEMPATH\Boot.php(325): CodeIgniter\CodeIgniter->run()
14 SYSTEMPATH\Boot.php(67): CodeIgniter\Boot::runCodeIgniter(Object(CodeIgniter\CodeIgniter))
15 FCPATH\index.php(56): CodeIgniter\Boot::bootWeb(Object(Config\Paths))
INFO - 2026-05-13 06:35:26 --> Session: Class initialized using 'CodeIgniter\Session\Handlers\FileHandler' driver.
INFO - 2026-05-13 06:35:49 --> Session: Class initialized using 'CodeIgniter\Session\Handlers\FileHandler' driver.
INFO - 2026-05-13 06:35:54 --> Session: Class initialized using 'CodeIgniter\Session\Handlers\FileHandler' driver.
INFO - 2026-05-13 06:36:55 --> Session: Class initialized using 'CodeIgniter\Session\Handlers\FileHandler' driver.
INFO - 2026-05-13 06:37:16 --> Session: Class initialized using 'CodeIgniter\Session\Handlers\FileHandler' driver.
INFO - 2026-05-13 06:37:18 --> Session: Class initialized using 'CodeIgniter\Session\Handlers\FileHandler' driver.
INFO - 2026-05-13 06:37:20 --> Session: Class initialized using 'CodeIgniter\Session\Handlers\FileHandler' driver.
INFO - 2026-05-13 06:37:23 --> Session: Class initialized using 'CodeIgniter\Session\Handlers\FileHandler' driver.
INFO - 2026-05-13 06:37:27 --> Session: Class initialized using 'CodeIgniter\Session\Handlers\FileHandler' driver.
WARNING - 2026-05-13 06:37:27 --> [DEPRECATED] strtotime(): Passing null to parameter #1 ($datetime) of type string is deprecated in APPPATH\Views\Ebook\v_index.php on line 84.
 1 APPPATH\Views\Ebook\v_index.php(84): strtotime(null)
 2 SYSTEMPATH\View\View.php(234): include('C:\\xampp\\htdocs\\si_ekatalog_ci4\\app\\Views\\Ebook\\v_index.php')
 3 SYSTEMPATH\View\View.php(237): CodeIgniter\View\View->CodeIgniter\View\{closure}()
 4 SYSTEMPATH\Common.php(1171): CodeIgniter\View\View->render('ebook/v_index', [], true)
 5 APPPATH\Views\v_template_admin.php(288): view('ebook/v_index')
 6 SYSTEMPATH\View\View.php(234): include('C:\\xampp\\htdocs\\si_ekatalog_ci4\\app\\Views\\v_template_admin.php')
 7 SYSTEMPATH\View\View.php(237): CodeIgniter\View\View->CodeIgniter\View\{closure}()
 8 SYSTEMPATH\Common.php(1171): CodeIgniter\View\View->render('v_template_admin', [], true)
 9 APPPATH\Controllers\Ebook.php(44): view('v_template_admin', [...])
10 SYSTEMPATH\CodeIgniter.php(933): App\Controllers\Ebook->index()
11 SYSTEMPATH\CodeIgniter.php(509): CodeIgniter\CodeIgniter->runController(Object(App\Controllers\Ebook))
12 SYSTEMPATH\CodeIgniter.php(355): CodeIgniter\CodeIgniter->handleRequest(null, Object(Config\Cache), false)
13 SYSTEMPATH\Boot.php(325): CodeIgniter\CodeIgniter->run()
14 SYSTEMPATH\Boot.php(67): CodeIgniter\Boot::runCodeIgniter(Object(CodeIgniter\CodeIgniter))
15 FCPATH\index.php(56): CodeIgniter\Boot::bootWeb(Object(Config\Paths))
WARNING - 2026-05-13 06:37:27 --> [DEPRECATED] strtotime(): Passing null to parameter #1 ($datetime) of type string is deprecated in APPPATH\Views\Ebook\v_index.php on line 84.
 1 APPPATH\Views\Ebook\v_index.php(84): strtotime(null)
 2 SYSTEMPATH\View\View.php(234): include('C:\\xampp\\htdocs\\si_ekatalog_ci4\\app\\Views\\Ebook\\v_index.php')
 3 SYSTEMPATH\View\View.php(237): CodeIgniter\View\View->CodeIgniter\View\{closure}()
 4 SYSTEMPATH\Common.php(1171): CodeIgniter\View\View->render('ebook/v_index', [], true)
 5 APPPATH\Views\v_template_admin.php(288): view('ebook/v_index')
 6 SYSTEMPATH\View\View.php(234): include('C:\\xampp\\htdocs\\si_ekatalog_ci4\\app\\Views\\v_template_admin.php')
 7 SYSTEMPATH\View\View.php(237): CodeIgniter\View\View->CodeIgniter\View\{closure}()
 8 SYSTEMPATH\Common.php(1171): CodeIgniter\View\View->render('v_template_admin', [], true)
 9 APPPATH\Controllers\Ebook.php(44): view('v_template_admin', [...])
10 SYSTEMPATH\CodeIgniter.php(933): App\Controllers\Ebook->index()
11 SYSTEMPATH\CodeIgniter.php(509): CodeIgniter\CodeIgniter->runController(Object(App\Controllers\Ebook))
12 SYSTEMPATH\CodeIgniter.php(355): CodeIgniter\CodeIgniter->handleRequest(null, Object(Config\Cache), false)
13 SYSTEMPATH\Boot.php(325): CodeIgniter\CodeIgniter->run()
14 SYSTEMPATH\Boot.php(67): CodeIgniter\Boot::runCodeIgniter(Object(CodeIgniter\CodeIgniter))
15 FCPATH\index.php(56): CodeIgniter\Boot::bootWeb(Object(Config\Paths))
WARNING - 2026-05-13 06:37:27 --> [DEPRECATED] strtotime(): Passing null to parameter #1 ($datetime) of type string is deprecated in APPPATH\Views\Ebook\v_index.php on line 84.
 1 APPPATH\Views\Ebook\v_index.php(84): strtotime(null)
 2 SYSTEMPATH\View\View.php(234): include('C:\\xampp\\htdocs\\si_ekatalog_ci4\\app\\Views\\Ebook\\v_index.php')
 3 SYSTEMPATH\View\View.php(237): CodeIgniter\View\View->CodeIgniter\View\{closure}()
 4 SYSTEMPATH\Common.php(1171): CodeIgniter\View\View->render('ebook/v_index', [], true)
 5 APPPATH\Views\v_template_admin.php(288): view('ebook/v_index')
 6 SYSTEMPATH\View\View.php(234): include('C:\\xampp\\htdocs\\si_ekatalog_ci4\\app\\Views\\v_template_admin.php')
 7 SYSTEMPATH\View\View.php(237): CodeIgniter\View\View->CodeIgniter\View\{closure}()
 8 SYSTEMPATH\Common.php(1171): CodeIgniter\View\View->render('v_template_admin', [], true)
 9 APPPATH\Controllers\Ebook.php(44): view('v_template_admin', [...])
10 SYSTEMPATH\CodeIgniter.php(933): App\Controllers\Ebook->index()
11 SYSTEMPATH\CodeIgniter.php(509): CodeIgniter\CodeIgniter->runController(Object(App\Controllers\Ebook))
12 SYSTEMPATH\CodeIgniter.php(355): CodeIgniter\CodeIgniter->handleRequest(null, Object(Config\Cache), false)
13 SYSTEMPATH\Boot.php(325): CodeIgniter\CodeIgniter->run()
14 SYSTEMPATH\Boot.php(67): CodeIgniter\Boot::runCodeIgniter(Object(CodeIgniter\CodeIgniter))
15 FCPATH\index.php(56): CodeIgniter\Boot::bootWeb(Object(Config\Paths))
WARNING - 2026-05-13 06:37:27 --> [DEPRECATED] strtotime(): Passing null to parameter #1 ($datetime) of type string is deprecated in APPPATH\Views\Ebook\v_index.php on line 84.
 1 APPPATH\Views\Ebook\v_index.php(84): strtotime(null)
 2 SYSTEMPATH\View\View.php(234): include('C:\\xampp\\htdocs\\si_ekatalog_ci4\\app\\Views\\Ebook\\v_index.php')
 3 SYSTEMPATH\View\View.php(237): CodeIgniter\View\View->CodeIgniter\View\{closure}()
 4 SYSTEMPATH\Common.php(1171): CodeIgniter\View\View->render('ebook/v_index', [], true)
 5 APPPATH\Views\v_template_admin.php(288): view('ebook/v_index')
 6 SYSTEMPATH\View\View.php(234): include('C:\\xampp\\htdocs\\si_ekatalog_ci4\\app\\Views\\v_template_admin.php')
 7 SYSTEMPATH\View\View.php(237): CodeIgniter\View\View->CodeIgniter\View\{closure}()
 8 SYSTEMPATH\Common.php(1171): CodeIgniter\View\View->render('v_template_admin', [], true)
 9 APPPATH\Controllers\Ebook.php(44): view('v_template_admin', [...])
10 SYSTEMPATH\CodeIgniter.php(933): App\Controllers\Ebook->index()
11 SYSTEMPATH\CodeIgniter.php(509): CodeIgniter\CodeIgniter->runController(Object(App\Controllers\Ebook))
12 SYSTEMPATH\CodeIgniter.php(355): CodeIgniter\CodeIgniter->handleRequest(null, Object(Config\Cache), false)
13 SYSTEMPATH\Boot.php(325): CodeIgniter\CodeIgniter->run()
14 SYSTEMPATH\Boot.php(67): CodeIgniter\Boot::runCodeIgniter(Object(CodeIgniter\CodeIgniter))
15 FCPATH\index.php(56): CodeIgniter\Boot::bootWeb(Object(Config\Paths))
WARNING - 2026-05-13 06:37:27 --> [DEPRECATED] strtotime(): Passing null to parameter #1 ($datetime) of type string is deprecated in APPPATH\Views\Ebook\v_index.php on line 84.
 1 APPPATH\Views\Ebook\v_index.php(84): strtotime(null)
 2 SYSTEMPATH\View\View.php(234): include('C:\\xampp\\htdocs\\si_ekatalog_ci4\\app\\Views\\Ebook\\v_index.php')
 3 SYSTEMPATH\View\View.php(237): CodeIgniter\View\View->CodeIgniter\View\{closure}()
 4 SYSTEMPATH\Common.php(1171): CodeIgniter\View\View->render('ebook/v_index', [], true)
 5 APPPATH\Views\v_template_admin.php(288): view('ebook/v_index')
 6 SYSTEMPATH\View\View.php(234): include('C:\\xampp\\htdocs\\si_ekatalog_ci4\\app\\Views\\v_template_admin.php')
 7 SYSTEMPATH\View\View.php(237): CodeIgniter\View\View->CodeIgniter\View\{closure}()
 8 SYSTEMPATH\Common.php(1171): CodeIgniter\View\View->render('v_template_admin', [], true)
 9 APPPATH\Controllers\Ebook.php(44): view('v_template_admin', [...])
10 SYSTEMPATH\CodeIgniter.php(933): App\Controllers\Ebook->index()
11 SYSTEMPATH\CodeIgniter.php(509): CodeIgniter\CodeIgniter->runController(Object(App\Controllers\Ebook))
12 SYSTEMPATH\CodeIgniter.php(355): CodeIgniter\CodeIgniter->handleRequest(null, Object(Config\Cache), false)
13 SYSTEMPATH\Boot.php(325): CodeIgniter\CodeIgniter->run()
14 SYSTEMPATH\Boot.php(67): CodeIgniter\Boot::runCodeIgniter(Object(CodeIgniter\CodeIgniter))
15 FCPATH\index.php(56): CodeIgniter\Boot::bootWeb(Object(Config\Paths))
WARNING - 2026-05-13 06:37:27 --> [DEPRECATED] strtotime(): Passing null to parameter #1 ($datetime) of type string is deprecated in APPPATH\Views\Ebook\v_index.php on line 84.
 1 APPPATH\Views\Ebook\v_index.php(84): strtotime(null)
 2 SYSTEMPATH\View\View.php(234): include('C:\\xampp\\htdocs\\si_ekatalog_ci4\\app\\Views\\Ebook\\v_index.php')
 3 SYSTEMPATH\View\View.php(237): CodeIgniter\View\View->CodeIgniter\View\{closure}()
 4 SYSTEMPATH\Common.php(1171): CodeIgniter\View\View->render('ebook/v_index', [], true)
 5 APPPATH\Views\v_template_admin.php(288): view('ebook/v_index')
 6 SYSTEMPATH\View\View.php(234): include('C:\\xampp\\htdocs\\si_ekatalog_ci4\\app\\Views\\v_template_admin.php')
 7 SYSTEMPATH\View\View.php(237): CodeIgniter\View\View->CodeIgniter\View\{closure}()
 8 SYSTEMPATH\Common.php(1171): CodeIgniter\View\View->render('v_template_admin', [], true)
 9 APPPATH\Controllers\Ebook.php(44): view('v_template_admin', [...])
10 SYSTEMPATH\CodeIgniter.php(933): App\Controllers\Ebook->index()
11 SYSTEMPATH\CodeIgniter.php(509): CodeIgniter\CodeIgniter->runController(Object(App\Controllers\Ebook))
12 SYSTEMPATH\CodeIgniter.php(355): CodeIgniter\CodeIgniter->handleRequest(null, Object(Config\Cache), false)
13 SYSTEMPATH\Boot.php(325): CodeIgniter\CodeIgniter->run()
14 SYSTEMPATH\Boot.php(67): CodeIgniter\Boot::runCodeIgniter(Object(CodeIgniter\CodeIgniter))
15 FCPATH\index.php(56): CodeIgniter\Boot::bootWeb(Object(Config\Paths))
WARNING - 2026-05-13 06:37:27 --> [DEPRECATED] strtotime(): Passing null to parameter #1 ($datetime) of type string is deprecated in APPPATH\Views\Ebook\v_index.php on line 84.
 1 APPPATH\Views\Ebook\v_index.php(84): strtotime(null)
 2 SYSTEMPATH\View\View.php(234): include('C:\\xampp\\htdocs\\si_ekatalog_ci4\\app\\Views\\Ebook\\v_index.php')
 3 SYSTEMPATH\View\View.php(237): CodeIgniter\View\View->CodeIgniter\View\{closure}()
 4 SYSTEMPATH\Common.php(1171): CodeIgniter\View\View->render('ebook/v_index', [], true)
 5 APPPATH\Views\v_template_admin.php(288): view('ebook/v_index')
 6 SYSTEMPATH\View\View.php(234): include('C:\\xampp\\htdocs\\si_ekatalog_ci4\\app\\Views\\v_template_admin.php')
 7 SYSTEMPATH\View\View.php(237): CodeIgniter\View\View->CodeIgniter\View\{closure}()
 8 SYSTEMPATH\Common.php(1171): CodeIgniter\View\View->render('v_template_admin', [], true)
 9 APPPATH\Controllers\Ebook.php(44): view('v_template_admin', [...])
10 SYSTEMPATH\CodeIgniter.php(933): App\Controllers\Ebook->index()
11 SYSTEMPATH\CodeIgniter.php(509): CodeIgniter\CodeIgniter->runController(Object(App\Controllers\Ebook))
12 SYSTEMPATH\CodeIgniter.php(355): CodeIgniter\CodeIgniter->handleRequest(null, Object(Config\Cache), false)
13 SYSTEMPATH\Boot.php(325): CodeIgniter\CodeIgniter->run()
14 SYSTEMPATH\Boot.php(67): CodeIgniter\Boot::runCodeIgniter(Object(CodeIgniter\CodeIgniter))
15 FCPATH\index.php(56): CodeIgniter\Boot::bootWeb(Object(Config\Paths))
WARNING - 2026-05-13 06:37:27 --> [DEPRECATED] strtotime(): Passing null to parameter #1 ($datetime) of type string is deprecated in APPPATH\Views\Ebook\v_index.php on line 84.
 1 APPPATH\Views\Ebook\v_index.php(84): strtotime(null)
 2 SYSTEMPATH\View\View.php(234): include('C:\\xampp\\htdocs\\si_ekatalog_ci4\\app\\Views\\Ebook\\v_index.php')
 3 SYSTEMPATH\View\View.php(237): CodeIgniter\View\View->CodeIgniter\View\{closure}()
 4 SYSTEMPATH\Common.php(1171): CodeIgniter\View\View->render('ebook/v_index', [], true)
 5 APPPATH\Views\v_template_admin.php(288): view('ebook/v_index')
 6 SYSTEMPATH\View\View.php(234): include('C:\\xampp\\htdocs\\si_ekatalog_ci4\\app\\Views\\v_template_admin.php')
 7 SYSTEMPATH\View\View.php(237): CodeIgniter\View\View->CodeIgniter\View\{closure}()
 8 SYSTEMPATH\Common.php(1171): CodeIgniter\View\View->render('v_template_admin', [], true)
 9 APPPATH\Controllers\Ebook.php(44): view('v_template_admin', [...])
10 SYSTEMPATH\CodeIgniter.php(933): App\Controllers\Ebook->index()
11 SYSTEMPATH\CodeIgniter.php(509): CodeIgniter\CodeIgniter->runController(Object(App\Controllers\Ebook))
12 SYSTEMPATH\CodeIgniter.php(355): CodeIgniter\CodeIgniter->handleRequest(null, Object(Config\Cache), false)
13 SYSTEMPATH\Boot.php(325): CodeIgniter\CodeIgniter->run()
14 SYSTEMPATH\Boot.php(67): CodeIgniter\Boot::runCodeIgniter(Object(CodeIgniter\CodeIgniter))
15 FCPATH\index.php(56): CodeIgniter\Boot::bootWeb(Object(Config\Paths))
WARNING - 2026-05-13 06:37:27 --> [DEPRECATED] strtotime(): Passing null to parameter #1 ($datetime) of type string is deprecated in APPPATH\Views\Ebook\v_index.php on line 84.
 1 APPPATH\Views\Ebook\v_index.php(84): strtotime(null)
 2 SYSTEMPATH\View\View.php(234): include('C:\\xampp\\htdocs\\si_ekatalog_ci4\\app\\Views\\Ebook\\v_index.php')
 3 SYSTEMPATH\View\View.php(237): CodeIgniter\View\View->CodeIgniter\View\{closure}()
 4 SYSTEMPATH\Common.php(1171): CodeIgniter\View\View->render('ebook/v_index', [], true)
 5 APPPATH\Views\v_template_admin.php(288): view('ebook/v_index')
 6 SYSTEMPATH\View\View.php(234): include('C:\\xampp\\htdocs\\si_ekatalog_ci4\\app\\Views\\v_template_admin.php')
 7 SYSTEMPATH\View\View.php(237): CodeIgniter\View\View->CodeIgniter\View\{closure}()
 8 SYSTEMPATH\Common.php(1171): CodeIgniter\View\View->render('v_template_admin', [], true)
 9 APPPATH\Controllers\Ebook.php(44): view('v_template_admin', [...])
10 SYSTEMPATH\CodeIgniter.php(933): App\Controllers\Ebook->index()
11 SYSTEMPATH\CodeIgniter.php(509): CodeIgniter\CodeIgniter->runController(Object(App\Controllers\Ebook))
12 SYSTEMPATH\CodeIgniter.php(355): CodeIgniter\CodeIgniter->handleRequest(null, Object(Config\Cache), false)
13 SYSTEMPATH\Boot.php(325): CodeIgniter\CodeIgniter->run()
14 SYSTEMPATH\Boot.php(67): CodeIgniter\Boot::runCodeIgniter(Object(CodeIgniter\CodeIgniter))
15 FCPATH\index.php(56): CodeIgniter\Boot::bootWeb(Object(Config\Paths))
WARNING - 2026-05-13 06:37:27 --> [DEPRECATED] strtotime(): Passing null to parameter #1 ($datetime) of type string is deprecated in APPPATH\Views\Ebook\v_index.php on line 84.
 1 APPPATH\Views\Ebook\v_index.php(84): strtotime(null)
 2 SYSTEMPATH\View\View.php(234): include('C:\\xampp\\htdocs\\si_ekatalog_ci4\\app\\Views\\Ebook\\v_index.php')
 3 SYSTEMPATH\View\View.php(237): CodeIgniter\View\View->CodeIgniter\View\{closure}()
 4 SYSTEMPATH\Common.php(1171): CodeIgniter\View\View->render('ebook/v_index', [], true)
 5 APPPATH\Views\v_template_admin.php(288): view('ebook/v_index')
 6 SYSTEMPATH\View\View.php(234): include('C:\\xampp\\htdocs\\si_ekatalog_ci4\\app\\Views\\v_template_admin.php')
 7 SYSTEMPATH\View\View.php(237): CodeIgniter\View\View->CodeIgniter\View\{closure}()
 8 SYSTEMPATH\Common.php(1171): CodeIgniter\View\View->render('v_template_admin', [], true)
 9 APPPATH\Controllers\Ebook.php(44): view('v_template_admin', [...])
10 SYSTEMPATH\CodeIgniter.php(933): App\Controllers\Ebook->index()
11 SYSTEMPATH\CodeIgniter.php(509): CodeIgniter\CodeIgniter->runController(Object(App\Controllers\Ebook))
12 SYSTEMPATH\CodeIgniter.php(355): CodeIgniter\CodeIgniter->handleRequest(null, Object(Config\Cache), false)
13 SYSTEMPATH\Boot.php(325): CodeIgniter\CodeIgniter->run()
14 SYSTEMPATH\Boot.php(67): CodeIgniter\Boot::runCodeIgniter(Object(CodeIgniter\CodeIgniter))
15 FCPATH\index.php(56): CodeIgniter\Boot::bootWeb(Object(Config\Paths))
WARNING - 2026-05-13 06:37:27 --> [DEPRECATED] strtotime(): Passing null to parameter #1 ($datetime) of type string is deprecated in APPPATH\Views\Ebook\v_index.php on line 84.
 1 APPPATH\Views\Ebook\v_index.php(84): strtotime(null)
 2 SYSTEMPATH\View\View.php(234): include('C:\\xampp\\htdocs\\si_ekatalog_ci4\\app\\Views\\Ebook\\v_index.php')
 3 SYSTEMPATH\View\View.php(237): CodeIgniter\View\View->CodeIgniter\View\{closure}()
 4 SYSTEMPATH\Common.php(1171): CodeIgniter\View\View->render('ebook/v_index', [], true)
 5 APPPATH\Views\v_template_admin.php(288): view('ebook/v_index')
 6 SYSTEMPATH\View\View.php(234): include('C:\\xampp\\htdocs\\si_ekatalog_ci4\\app\\Views\\v_template_admin.php')
 7 SYSTEMPATH\View\View.php(237): CodeIgniter\View\View->CodeIgniter\View\{closure}()
 8 SYSTEMPATH\Common.php(1171): CodeIgniter\View\View->render('v_template_admin', [], true)
 9 APPPATH\Controllers\Ebook.php(44): view('v_template_admin', [...])
10 SYSTEMPATH\CodeIgniter.php(933): App\Controllers\Ebook->index()
11 SYSTEMPATH\CodeIgniter.php(509): CodeIgniter\CodeIgniter->runController(Object(App\Controllers\Ebook))
12 SYSTEMPATH\CodeIgniter.php(355): CodeIgniter\CodeIgniter->handleRequest(null, Object(Config\Cache), false)
13 SYSTEMPATH\Boot.php(325): CodeIgniter\CodeIgniter->run()
14 SYSTEMPATH\Boot.php(67): CodeIgniter\Boot::runCodeIgniter(Object(CodeIgniter\CodeIgniter))
15 FCPATH\index.php(56): CodeIgniter\Boot::bootWeb(Object(Config\Paths))
WARNING - 2026-05-13 06:37:27 --> [DEPRECATED] strtotime(): Passing null to parameter #1 ($datetime) of type string is deprecated in APPPATH\Views\Ebook\v_index.php on line 84.
 1 APPPATH\Views\Ebook\v_index.php(84): strtotime(null)
 2 SYSTEMPATH\View\View.php(234): include('C:\\xampp\\htdocs\\si_ekatalog_ci4\\app\\Views\\Ebook\\v_index.php')
 3 SYSTEMPATH\View\View.php(237): CodeIgniter\View\View->CodeIgniter\View\{closure}()
 4 SYSTEMPATH\Common.php(1171): CodeIgniter\View\View->render('ebook/v_index', [], true)
 5 APPPATH\Views\v_template_admin.php(288): view('ebook/v_index')
 6 SYSTEMPATH\View\View.php(234): include('C:\\xampp\\htdocs\\si_ekatalog_ci4\\app\\Views\\v_template_admin.php')
 7 SYSTEMPATH\View\View.php(237): CodeIgniter\View\View->CodeIgniter\View\{closure}()
 8 SYSTEMPATH\Common.php(1171): CodeIgniter\View\View->render('v_template_admin', [], true)
 9 APPPATH\Controllers\Ebook.php(44): view('v_template_admin', [...])
10 SYSTEMPATH\CodeIgniter.php(933): App\Controllers\Ebook->index()
11 SYSTEMPATH\CodeIgniter.php(509): CodeIgniter\CodeIgniter->runController(Object(App\Controllers\Ebook))
12 SYSTEMPATH\CodeIgniter.php(355): CodeIgniter\CodeIgniter->handleRequest(null, Object(Config\Cache), false)
13 SYSTEMPATH\Boot.php(325): CodeIgniter\CodeIgniter->run()
14 SYSTEMPATH\Boot.php(67): CodeIgniter\Boot::runCodeIgniter(Object(CodeIgniter\CodeIgniter))
15 FCPATH\index.php(56): CodeIgniter\Boot::bootWeb(Object(Config\Paths))
WARNING - 2026-05-13 06:37:27 --> [DEPRECATED] strtotime(): Passing null to parameter #1 ($datetime) of type string is deprecated in APPPATH\Views\Ebook\v_index.php on line 84.
 1 APPPATH\Views\Ebook\v_index.php(84): strtotime(null)
 2 SYSTEMPATH\View\View.php(234): include('C:\\xampp\\htdocs\\si_ekatalog_ci4\\app\\Views\\Ebook\\v_index.php')
 3 SYSTEMPATH\View\View.php(237): CodeIgniter\View\View->CodeIgniter\View\{closure}()
 4 SYSTEMPATH\Common.php(1171): CodeIgniter\View\View->render('ebook/v_index', [], true)
 5 APPPATH\Views\v_template_admin.php(288): view('ebook/v_index')
 6 SYSTEMPATH\View\View.php(234): include('C:\\xampp\\htdocs\\si_ekatalog_ci4\\app\\Views\\v_template_admin.php')
 7 SYSTEMPATH\View\View.php(237): CodeIgniter\View\View->CodeIgniter\View\{closure}()
 8 SYSTEMPATH\Common.php(1171): CodeIgniter\View\View->render('v_template_admin', [], true)
 9 APPPATH\Controllers\Ebook.php(44): view('v_template_admin', [...])
10 SYSTEMPATH\CodeIgniter.php(933): App\Controllers\Ebook->index()
11 SYSTEMPATH\CodeIgniter.php(509): CodeIgniter\CodeIgniter->runController(Object(App\Controllers\Ebook))
12 SYSTEMPATH\CodeIgniter.php(355): CodeIgniter\CodeIgniter->handleRequest(null, Object(Config\Cache), false)
13 SYSTEMPATH\Boot.php(325): CodeIgniter\CodeIgniter->run()
14 SYSTEMPATH\Boot.php(67): CodeIgniter\Boot::runCodeIgniter(Object(CodeIgniter\CodeIgniter))
15 FCPATH\index.php(56): CodeIgniter\Boot::bootWeb(Object(Config\Paths))
WARNING - 2026-05-13 06:37:27 --> [DEPRECATED] strtotime(): Passing null to parameter #1 ($datetime) of type string is deprecated in APPPATH\Views\Ebook\v_index.php on line 84.
 1 APPPATH\Views\Ebook\v_index.php(84): strtotime(null)
 2 SYSTEMPATH\View\View.php(234): include('C:\\xampp\\htdocs\\si_ekatalog_ci4\\app\\Views\\Ebook\\v_index.php')
 3 SYSTEMPATH\View\View.php(237): CodeIgniter\View\View->CodeIgniter\View\{closure}()
 4 SYSTEMPATH\Common.php(1171): CodeIgniter\View\View->render('ebook/v_index', [], true)
 5 APPPATH\Views\v_template_admin.php(288): view('ebook/v_index')
 6 SYSTEMPATH\View\View.php(234): include('C:\\xampp\\htdocs\\si_ekatalog_ci4\\app\\Views\\v_template_admin.php')
 7 SYSTEMPATH\View\View.php(237): CodeIgniter\View\View->CodeIgniter\View\{closure}()
 8 SYSTEMPATH\Common.php(1171): CodeIgniter\View\View->render('v_template_admin', [], true)
 9 APPPATH\Controllers\Ebook.php(44): view('v_template_admin', [...])
10 SYSTEMPATH\CodeIgniter.php(933): App\Controllers\Ebook->index()
11 SYSTEMPATH\CodeIgniter.php(509): CodeIgniter\CodeIgniter->runController(Object(App\Controllers\Ebook))
12 SYSTEMPATH\CodeIgniter.php(355): CodeIgniter\CodeIgniter->handleRequest(null, Object(Config\Cache), false)
13 SYSTEMPATH\Boot.php(325): CodeIgniter\CodeIgniter->run()
14 SYSTEMPATH\Boot.php(67): CodeIgniter\Boot::runCodeIgniter(Object(CodeIgniter\CodeIgniter))
15 FCPATH\index.php(56): CodeIgniter\Boot::bootWeb(Object(Config\Paths))
WARNING - 2026-05-13 06:37:27 --> [DEPRECATED] strtotime(): Passing null to parameter #1 ($datetime) of type string is deprecated in APPPATH\Views\Ebook\v_index.php on line 84.
 1 APPPATH\Views\Ebook\v_index.php(84): strtotime(null)
 2 SYSTEMPATH\View\View.php(234): include('C:\\xampp\\htdocs\\si_ekatalog_ci4\\app\\Views\\Ebook\\v_index.php')
 3 SYSTEMPATH\View\View.php(237): CodeIgniter\View\View->CodeIgniter\View\{closure}()
 4 SYSTEMPATH\Common.php(1171): CodeIgniter\View\View->render('ebook/v_index', [], true)
 5 APPPATH\Views\v_template_admin.php(288): view('ebook/v_index')
 6 SYSTEMPATH\View\View.php(234): include('C:\\xampp\\htdocs\\si_ekatalog_ci4\\app\\Views\\v_template_admin.php')
 7 SYSTEMPATH\View\View.php(237): CodeIgniter\View\View->CodeIgniter\View\{closure}()
 8 SYSTEMPATH\Common.php(1171): CodeIgniter\View\View->render('v_template_admin', [], true)
 9 APPPATH\Controllers\Ebook.php(44): view('v_template_admin', [...])
10 SYSTEMPATH\CodeIgniter.php(933): App\Controllers\Ebook->index()
11 SYSTEMPATH\CodeIgniter.php(509): CodeIgniter\CodeIgniter->runController(Object(App\Controllers\Ebook))
12 SYSTEMPATH\CodeIgniter.php(355): CodeIgniter\CodeIgniter->handleRequest(null, Object(Config\Cache), false)
13 SYSTEMPATH\Boot.php(325): CodeIgniter\CodeIgniter->run()
14 SYSTEMPATH\Boot.php(67): CodeIgniter\Boot::runCodeIgniter(Object(CodeIgniter\CodeIgniter))
15 FCPATH\index.php(56): CodeIgniter\Boot::bootWeb(Object(Config\Paths))
WARNING - 2026-05-13 06:37:27 --> [DEPRECATED] strtotime(): Passing null to parameter #1 ($datetime) of type string is deprecated in APPPATH\Views\Ebook\v_index.php on line 84.
 1 APPPATH\Views\Ebook\v_index.php(84): strtotime(null)
 2 SYSTEMPATH\View\View.php(234): include('C:\\xampp\\htdocs\\si_ekatalog_ci4\\app\\Views\\Ebook\\v_index.php')
 3 SYSTEMPATH\View\View.php(237): CodeIgniter\View\View->CodeIgniter\View\{closure}()
 4 SYSTEMPATH\Common.php(1171): CodeIgniter\View\View->render('ebook/v_index', [], true)
 5 APPPATH\Views\v_template_admin.php(288): view('ebook/v_index')
 6 SYSTEMPATH\View\View.php(234): include('C:\\xampp\\htdocs\\si_ekatalog_ci4\\app\\Views\\v_template_admin.php')
 7 SYSTEMPATH\View\View.php(237): CodeIgniter\View\View->CodeIgniter\View\{closure}()
 8 SYSTEMPATH\Common.php(1171): CodeIgniter\View\View->render('v_template_admin', [], true)
 9 APPPATH\Controllers\Ebook.php(44): view('v_template_admin', [...])
10 SYSTEMPATH\CodeIgniter.php(933): App\Controllers\Ebook->index()
11 SYSTEMPATH\CodeIgniter.php(509): CodeIgniter\CodeIgniter->runController(Object(App\Controllers\Ebook))
12 SYSTEMPATH\CodeIgniter.php(355): CodeIgniter\CodeIgniter->handleRequest(null, Object(Config\Cache), false)
13 SYSTEMPATH\Boot.php(325): CodeIgniter\CodeIgniter->run()
14 SYSTEMPATH\Boot.php(67): CodeIgniter\Boot::runCodeIgniter(Object(CodeIgniter\CodeIgniter))
15 FCPATH\index.php(56): CodeIgniter\Boot::bootWeb(Object(Config\Paths))
WARNING - 2026-05-13 06:37:27 --> [DEPRECATED] strtotime(): Passing null to parameter #1 ($datetime) of type string is deprecated in APPPATH\Views\Ebook\v_index.php on line 84.
 1 APPPATH\Views\Ebook\v_index.php(84): strtotime(null)
 2 SYSTEMPATH\View\View.php(234): include('C:\\xampp\\htdocs\\si_ekatalog_ci4\\app\\Views\\Ebook\\v_index.php')
 3 SYSTEMPATH\View\View.php(237): CodeIgniter\View\View->CodeIgniter\View\{closure}()
 4 SYSTEMPATH\Common.php(1171): CodeIgniter\View\View->render('ebook/v_index', [], true)
 5 APPPATH\Views\v_template_admin.php(288): view('ebook/v_index')
 6 SYSTEMPATH\View\View.php(234): include('C:\\xampp\\htdocs\\si_ekatalog_ci4\\app\\Views\\v_template_admin.php')
 7 SYSTEMPATH\View\View.php(237): CodeIgniter\View\View->CodeIgniter\View\{closure}()
 8 SYSTEMPATH\Common.php(1171): CodeIgniter\View\View->render('v_template_admin', [], true)
 9 APPPATH\Controllers\Ebook.php(44): view('v_template_admin', [...])
10 SYSTEMPATH\CodeIgniter.php(933): App\Controllers\Ebook->index()
11 SYSTEMPATH\CodeIgniter.php(509): CodeIgniter\CodeIgniter->runController(Object(App\Controllers\Ebook))
12 SYSTEMPATH\CodeIgniter.php(355): CodeIgniter\CodeIgniter->handleRequest(null, Object(Config\Cache), false)
13 SYSTEMPATH\Boot.php(325): CodeIgniter\CodeIgniter->run()
14 SYSTEMPATH\Boot.php(67): CodeIgniter\Boot::runCodeIgniter(Object(CodeIgniter\CodeIgniter))
15 FCPATH\index.php(56): CodeIgniter\Boot::bootWeb(Object(Config\Paths))
WARNING - 2026-05-13 06:37:27 --> [DEPRECATED] strtotime(): Passing null to parameter #1 ($datetime) of type string is deprecated in APPPATH\Views\Ebook\v_index.php on line 84.
 1 APPPATH\Views\Ebook\v_index.php(84): strtotime(null)
 2 SYSTEMPATH\View\View.php(234): include('C:\\xampp\\htdocs\\si_ekatalog_ci4\\app\\Views\\Ebook\\v_index.php')
 3 SYSTEMPATH\View\View.php(237): CodeIgniter\View\View->CodeIgniter\View\{closure}()
 4 SYSTEMPATH\Common.php(1171): CodeIgniter\View\View->render('ebook/v_index', [], true)
 5 APPPATH\Views\v_template_admin.php(288): view('ebook/v_index')
 6 SYSTEMPATH\View\View.php(234): include('C:\\xampp\\htdocs\\si_ekatalog_ci4\\app\\Views\\v_template_admin.php')
 7 SYSTEMPATH\View\View.php(237): CodeIgniter\View\View->CodeIgniter\View\{closure}()
 8 SYSTEMPATH\Common.php(1171): CodeIgniter\View\View->render('v_template_admin', [], true)
 9 APPPATH\Controllers\Ebook.php(44): view('v_template_admin', [...])
10 SYSTEMPATH\CodeIgniter.php(933): App\Controllers\Ebook->index()
11 SYSTEMPATH\CodeIgniter.php(509): CodeIgniter\CodeIgniter->runController(Object(App\Controllers\Ebook))
12 SYSTEMPATH\CodeIgniter.php(355): CodeIgniter\CodeIgniter->handleRequest(null, Object(Config\Cache), false)
13 SYSTEMPATH\Boot.php(325): CodeIgniter\CodeIgniter->run()
14 SYSTEMPATH\Boot.php(67): CodeIgniter\Boot::runCodeIgniter(Object(CodeIgniter\CodeIgniter))
15 FCPATH\index.php(56): CodeIgniter\Boot::bootWeb(Object(Config\Paths))
INFO - 2026-05-13 06:37:29 --> Session: Class initialized using 'CodeIgniter\Session\Handlers\FileHandler' driver.
INFO - 2026-05-13 06:37:32 --> Session: Class initialized using 'CodeIgniter\Session\Handlers\FileHandler' driver.
INFO - 2026-05-13 08:29:14 --> Session: Class initialized using 'CodeIgniter\Session\Handlers\FileHandler' driver.
INFO - 2026-05-13 08:29:18 --> Session: Class initialized using 'CodeIgniter\Session\Handlers\FileHandler' driver.
INFO - 2026-05-13 12:55:58 --> Session: Class initialized using 'CodeIgniter\Session\Handlers\FileHandler' driver.
INFO - 2026-05-13 12:56:00 --> Session: Class initialized using 'CodeIgniter\Session\Handlers\FileHandler' driver.
INFO - 2026-05-13 12:56:08 --> Session: Class initialized using 'CodeIgniter\Session\Handlers\FileHandler' driver.
INFO - 2026-05-13 13:43:40 --> Session: Class initialized using 'CodeIgniter\Session\Handlers\FileHandler' driver.
INFO - 2026-05-13 13:43:43 --> Session: Class initialized using 'CodeIgniter\Session\Handlers\FileHandler' driver.
INFO - 2026-05-13 13:44:22 --> Session: Class initialized using 'CodeIgniter\Session\Handlers\FileHandler' driver.
INFO - 2026-05-13 13:44:22 --> Session: Class initialized using 'CodeIgniter\Session\Handlers\FileHandler' driver.
INFO - 2026-05-13 13:44:27 --> Session: Class initialized using 'CodeIgniter\Session\Handlers\FileHandler' driver.
INFO - 2026-05-13 13:44:35 --> Session: Class initialized using 'CodeIgniter\Session\Handlers\FileHandler' driver.
INFO - 2026-05-13 13:44:36 --> Session: Class initialized using 'CodeIgniter\Session\Handlers\FileHandler' driver.
INFO - 2026-05-13 13:44:39 --> Session: Class initialized using 'CodeIgniter\Session\Handlers\FileHandler' driver.
INFO - 2026-05-13 13:44:43 --> Session: Class initialized using 'CodeIgniter\Session\Handlers\FileHandler' driver.
INFO - 2026-05-13 13:44:45 --> Session: Class initialized using 'CodeIgniter\Session\Handlers\FileHandler' driver.
INFO - 2026-05-13 13:44:57 --> Session: Class initialized using 'CodeIgniter\Session\Handlers\FileHandler' driver.
INFO - 2026-05-13 13:53:53 --> Session: Class initialized using 'CodeIgniter\Session\Handlers\FileHandler' driver.
INFO - 2026-05-13 13:54:45 --> Session: Class initialized using 'CodeIgniter\Session\Handlers\FileHandler' driver.
INFO - 2026-05-13 13:54:50 --> Session: Class initialized using 'CodeIgniter\Session\Handlers\FileHandler' driver.
INFO - 2026-05-13 14:01:57 --> Session: Class initialized using 'CodeIgniter\Session\Handlers\FileHandler' driver.
INFO - 2026-05-13 14:02:01 --> Session: Class initialized using 'CodeIgniter\Session\Handlers\FileHandler' driver.
INFO - 2026-05-13 14:02:04 --> Session: Class initialized using 'CodeIgniter\Session\Handlers\FileHandler' driver.
INFO - 2026-05-13 14:02:17 --> Session: Class initialized using 'CodeIgniter\Session\Handlers\FileHandler' driver.
INFO - 2026-05-13 14:02:17 --> Session: Class initialized using 'CodeIgniter\Session\Handlers\FileHandler' driver.
INFO - 2026-05-13 14:02:21 --> Session: Class initialized using 'CodeIgniter\Session\Handlers\FileHandler' driver.
INFO - 2026-05-13 14:05:33 --> Session: Class initialized using 'CodeIgniter\Session\Handlers\FileHandler' driver.
INFO - 2026-05-13 14:05:35 --> Session: Class initialized using 'CodeIgniter\Session\Handlers\FileHandler' driver.
INFO - 2026-05-13 14:05:36 --> Session: Class initialized using 'CodeIgniter\Session\Handlers\FileHandler' driver.
INFO - 2026-05-13 14:05:37 --> Session: Class initialized using 'CodeIgniter\Session\Handlers\FileHandler' driver.
INFO - 2026-05-13 14:11:03 --> Session: Class initialized using 'CodeIgniter\Session\Handlers\FileHandler' driver.
INFO - 2026-05-13 14:11:07 --> Session: Class initialized using 'CodeIgniter\Session\Handlers\FileHandler' driver.
INFO - 2026-05-13 14:11:11 --> Session: Class initialized using 'CodeIgniter\Session\Handlers\FileHandler' driver.
INFO - 2026-05-13 14:14:05 --> Session: Class initialized using 'CodeIgniter\Session\Handlers\FileHandler' driver.
INFO - 2026-05-13 14:14:11 --> Session: Class initialized using 'CodeIgniter\Session\Handlers\FileHandler' driver.
INFO - 2026-05-13 14:14:13 --> Session: Class initialized using 'CodeIgniter\Session\Handlers\FileHandler' driver.
INFO - 2026-05-13 14:14:24 --> Session: Class initialized using 'CodeIgniter\Session\Handlers\FileHandler' driver.
INFO - 2026-05-13 14:14:24 --> Session: Class initialized using 'CodeIgniter\Session\Handlers\FileHandler' driver.
INFO - 2026-05-13 14:14:27 --> Session: Class initialized using 'CodeIgniter\Session\Handlers\FileHandler' driver.
INFO - 2026-05-13 14:14:34 --> Session: Class initialized using 'CodeIgniter\Session\Handlers\FileHandler' driver.
INFO - 2026-05-13 14:14:37 --> Session: Class initialized using 'CodeIgniter\Session\Handlers\FileHandler' driver.
INFO - 2026-05-13 14:14:41 --> Session: Class initialized using 'CodeIgniter\Session\Handlers\FileHandler' driver.
INFO - 2026-05-13 14:14:42 --> Session: Class initialized using 'CodeIgniter\Session\Handlers\FileHandler' driver.
INFO - 2026-05-13 14:14:44 --> Session: Class initialized using 'CodeIgniter\Session\Handlers\FileHandler' driver.
INFO - 2026-05-13 14:14:55 --> Session: Class initialized using 'CodeIgniter\Session\Handlers\FileHandler' driver.
INFO - 2026-05-13 14:14:55 --> Session: Class initialized using 'CodeIgniter\Session\Handlers\FileHandler' driver.
INFO - 2026-05-13 14:15:01 --> Session: Class initialized using 'CodeIgniter\Session\Handlers\FileHandler' driver.
INFO - 2026-05-13 14:53:21 --> Session: Class initialized using 'CodeIgniter\Session\Handlers\FileHandler' driver.
INFO - 2026-05-13 14:53:25 --> Session: Class initialized using 'CodeIgniter\Session\Handlers\FileHandler' driver.
INFO - 2026-05-13 14:53:28 --> Session: Class initialized using 'CodeIgniter\Session\Handlers\FileHandler' driver.
INFO - 2026-05-13 14:53:29 --> Session: Class initialized using 'CodeIgniter\Session\Handlers\FileHandler' driver.
INFO - 2026-05-13 14:53:35 --> Session: Class initialized using 'CodeIgniter\Session\Handlers\FileHandler' driver.
INFO - 2026-05-13 14:53:43 --> Session: Class initialized using 'CodeIgniter\Session\Handlers\FileHandler' driver.
INFO - 2026-05-13 14:53:44 --> Session: Class initialized using 'CodeIgniter\Session\Handlers\FileHandler' driver.
INFO - 2026-05-13 14:53:51 --> Session: Class initialized using 'CodeIgniter\Session\Handlers\FileHandler' driver.
INFO - 2026-05-13 14:53:54 --> Session: Class initialized using 'CodeIgniter\Session\Handlers\FileHandler' driver.
INFO - 2026-05-13 14:56:32 --> Session: Class initialized using 'CodeIgniter\Session\Handlers\FileHandler' driver.
INFO - 2026-05-13 14:56:34 --> Session: Class initialized using 'CodeIgniter\Session\Handlers\FileHandler' driver.
INFO - 2026-05-13 14:56:38 --> Session: Class initialized using 'CodeIgniter\Session\Handlers\FileHandler' driver.
INFO - 2026-05-13 14:56:41 --> Session: Class initialized using 'CodeIgniter\Session\Handlers\FileHandler' driver.
INFO - 2026-05-13 14:56:52 --> Session: Class initialized using 'CodeIgniter\Session\Handlers\FileHandler' driver.
INFO - 2026-05-13 14:56:52 --> Session: Class initialized using 'CodeIgniter\Session\Handlers\FileHandler' driver.
INFO - 2026-05-13 14:56:55 --> Session: Class initialized using 'CodeIgniter\Session\Handlers\FileHandler' driver.
INFO - 2026-05-13 15:05:14 --> Session: Class initialized using 'CodeIgniter\Session\Handlers\FileHandler' driver.
