INFO - 2026-05-07 13:07:20 --> Session: Class initialized using 'CodeIgniter\Session\Handlers\FileHandler' driver.
CRITICAL - 2026-05-07 13:07:22 --> ErrorException: unlink(C:\xampp\htdocs\si_ekatalog_ci4\writable\debugbar/debugbar_1777866342.474815.json): Permission denied
[Method: GET, Route: /]
in SYSTEMPATH\Debug\Toolbar\Collectors\History.php on line 82.
 1 [internal function]: CodeIgniter\Debug\Exceptions->errorHandler(2, 'unlink(C:\\xampp\\htdocs\\si_ekatalog_ci4\\writable\\debugbar/debugbar_1777866342.474815.json): Permission denied', 'C:\\xampp\\htdocs\\si_ekatalog_ci4\\system\\Debug\\Toolbar\\Collectors\\History.php', 82)
 2 SYSTEMPATH\Debug\Toolbar\Collectors\History.php(82): unlink('C:\\xampp\\htdocs\\si_ekatalog_ci4\\writable\\debugbar/debugbar_1777866342.474815.json')
 3 SYSTEMPATH\Debug\Toolbar.php(518): CodeIgniter\Debug\Toolbar\Collectors\History->setFiles('1778159240.231486', 20)
 4 SYSTEMPATH\Debug\Toolbar.php(497): CodeIgniter\Debug\Toolbar->format([...], 'html')
 5 APPPATH\Config\Events.php(47): CodeIgniter\Debug\Toolbar->respond()
 6 SYSTEMPATH\Events\Events.php(155): CodeIgniter\Events\Events::Config\{closure}()
 7 SYSTEMPATH\CodeIgniter.php(340): CodeIgniter\Events\Events::trigger('pre_system')
 8 SYSTEMPATH\Boot.php(325): CodeIgniter\CodeIgniter->run()
 9 SYSTEMPATH\Boot.php(67): CodeIgniter\Boot::runCodeIgniter(Object(CodeIgniter\CodeIgniter))
10 FCPATH\index.php(56): CodeIgniter\Boot::bootWeb(Object(Config\Paths))
INFO - 2026-05-07 13:11:31 --> Session: Class initialized using 'CodeIgniter\Session\Handlers\FileHandler' driver.
INFO - 2026-05-07 13:11:34 --> Session: Class initialized using 'CodeIgniter\Session\Handlers\FileHandler' driver.
INFO - 2026-05-07 13:11:43 --> Session: Class initialized using 'CodeIgniter\Session\Handlers\FileHandler' driver.
INFO - 2026-05-07 13:11:43 --> Session: Class initialized using 'CodeIgniter\Session\Handlers\FileHandler' driver.
INFO - 2026-05-07 13:11:47 --> Session: Class initialized using 'CodeIgniter\Session\Handlers\FileHandler' driver.
INFO - 2026-05-07 13:45:14 --> Session: Class initialized using 'CodeIgniter\Session\Handlers\FileHandler' driver.
INFO - 2026-05-07 13:45:14 --> Session: Class initialized using 'CodeIgniter\Session\Handlers\FileHandler' driver.
INFO - 2026-05-07 13:45:27 --> Session: Class initialized using 'CodeIgniter\Session\Handlers\FileHandler' driver.
INFO - 2026-05-07 13:45:27 --> Session: Class initialized using 'CodeIgniter\Session\Handlers\FileHandler' driver.
INFO - 2026-05-07 13:48:18 --> Session: Class initialized using 'CodeIgniter\Session\Handlers\FileHandler' driver.
INFO - 2026-05-07 13:48:34 --> Session: Class initialized using 'CodeIgniter\Session\Handlers\FileHandler' driver.
INFO - 2026-05-07 13:48:35 --> Session: Class initialized using 'CodeIgniter\Session\Handlers\FileHandler' driver.
INFO - 2026-05-07 13:48:42 --> Session: Class initialized using 'CodeIgniter\Session\Handlers\FileHandler' driver.
INFO - 2026-05-07 13:48:43 --> Session: Class initialized using 'CodeIgniter\Session\Handlers\FileHandler' driver.
INFO - 2026-05-07 13:48:59 --> Session: Class initialized using 'CodeIgniter\Session\Handlers\FileHandler' driver.
INFO - 2026-05-07 13:48:59 --> Session: Class initialized using 'CodeIgniter\Session\Handlers\FileHandler' driver.
INFO - 2026-05-07 13:49:11 --> Session: Class initialized using 'CodeIgniter\Session\Handlers\FileHandler' driver.
INFO - 2026-05-07 13:49:11 --> Session: Class initialized using 'CodeIgniter\Session\Handlers\FileHandler' driver.
CRITICAL - 2026-05-07 13:49:11 --> ErrorException: Trying to access array offset on value of type null
[Method: GET, Route: DashboardPengunjung]
in APPPATH\Views\v_template_pengunjung.php on line 63.
 1 APPPATH\Views\v_template_pengunjung.php(63): CodeIgniter\Debug\Exceptions->errorHandler(2, 'Trying to access array offset on value of type null', 'C:\\xampp\\htdocs\\si_ekatalog_ci4\\app\\Views\\v_template_pengunjung.php', 63)
 2 SYSTEMPATH\View\View.php(234): include('C:\\xampp\\htdocs\\si_ekatalog_ci4\\app\\Views\\v_template_pengunjung.php')
 3 SYSTEMPATH\View\View.php(237): CodeIgniter\View\View->CodeIgniter\View\{closure}()
 4 SYSTEMPATH\Common.php(1171): CodeIgniter\View\View->render('v_template_pengunjung', [], true)
 5 APPPATH\Controllers\DashboardPengunjung.php(30): view('v_template_pengunjung', [...])
 6 SYSTEMPATH\CodeIgniter.php(933): App\Controllers\DashboardPengunjung->index()
 7 SYSTEMPATH\CodeIgniter.php(509): CodeIgniter\CodeIgniter->runController(Object(App\Controllers\DashboardPengunjung))
 8 SYSTEMPATH\CodeIgniter.php(355): CodeIgniter\CodeIgniter->handleRequest(null, Object(Config\Cache), false)
 9 SYSTEMPATH\Boot.php(325): CodeIgniter\CodeIgniter->run()
10 SYSTEMPATH\Boot.php(67): CodeIgniter\Boot::runCodeIgniter(Object(CodeIgniter\CodeIgniter))
11 FCPATH\index.php(56): CodeIgniter\Boot::bootWeb(Object(Config\Paths))
INFO - 2026-05-07 13:49:31 --> Session: Class initialized using 'CodeIgniter\Session\Handlers\FileHandler' driver.
INFO - 2026-05-07 13:49:50 --> Session: Class initialized using 'CodeIgniter\Session\Handlers\FileHandler' driver.
INFO - 2026-05-07 13:49:51 --> Session: Class initialized using 'CodeIgniter\Session\Handlers\FileHandler' driver.
CRITICAL - 2026-05-07 13:49:51 --> ErrorException: Trying to access array offset on value of type null
[Method: GET, Route: DashboardPengunjung]
in APPPATH\Views\v_template_pengunjung.php on line 63.
 1 APPPATH\Views\v_template_pengunjung.php(63): CodeIgniter\Debug\Exceptions->errorHandler(2, 'Trying to access array offset on value of type null', 'C:\\xampp\\htdocs\\si_ekatalog_ci4\\app\\Views\\v_template_pengunjung.php', 63)
 2 SYSTEMPATH\View\View.php(234): include('C:\\xampp\\htdocs\\si_ekatalog_ci4\\app\\Views\\v_template_pengunjung.php')
 3 SYSTEMPATH\View\View.php(237): CodeIgniter\View\View->CodeIgniter\View\{closure}()
 4 SYSTEMPATH\Common.php(1171): CodeIgniter\View\View->render('v_template_pengunjung', [], true)
 5 APPPATH\Controllers\DashboardPengunjung.php(30): view('v_template_pengunjung', [...])
 6 SYSTEMPATH\CodeIgniter.php(933): App\Controllers\DashboardPengunjung->index()
 7 SYSTEMPATH\CodeIgniter.php(509): CodeIgniter\CodeIgniter->runController(Object(App\Controllers\DashboardPengunjung))
 8 SYSTEMPATH\CodeIgniter.php(355): CodeIgniter\CodeIgniter->handleRequest(null, Object(Config\Cache), false)
 9 SYSTEMPATH\Boot.php(325): CodeIgniter\CodeIgniter->run()
10 SYSTEMPATH\Boot.php(67): CodeIgniter\Boot::runCodeIgniter(Object(CodeIgniter\CodeIgniter))
11 FCPATH\index.php(56): CodeIgniter\Boot::bootWeb(Object(Config\Paths))
INFO - 2026-05-07 13:49:54 --> Session: Class initialized using 'CodeIgniter\Session\Handlers\FileHandler' driver.
CRITICAL - 2026-05-07 13:49:54 --> ErrorException: Trying to access array offset on value of type null
[Method: GET, Route: DashboardPengunjung]
in APPPATH\Views\v_template_pengunjung.php on line 63.
 1 APPPATH\Views\v_template_pengunjung.php(63): CodeIgniter\Debug\Exceptions->errorHandler(2, 'Trying to access array offset on value of type null', 'C:\\xampp\\htdocs\\si_ekatalog_ci4\\app\\Views\\v_template_pengunjung.php', 63)
 2 SYSTEMPATH\View\View.php(234): include('C:\\xampp\\htdocs\\si_ekatalog_ci4\\app\\Views\\v_template_pengunjung.php')
 3 SYSTEMPATH\View\View.php(237): CodeIgniter\View\View->CodeIgniter\View\{closure}()
 4 SYSTEMPATH\Common.php(1171): CodeIgniter\View\View->render('v_template_pengunjung', [], true)
 5 APPPATH\Controllers\DashboardPengunjung.php(30): view('v_template_pengunjung', [...])
 6 SYSTEMPATH\CodeIgniter.php(933): App\Controllers\DashboardPengunjung->index()
 7 SYSTEMPATH\CodeIgniter.php(509): CodeIgniter\CodeIgniter->runController(Object(App\Controllers\DashboardPengunjung))
 8 SYSTEMPATH\CodeIgniter.php(355): CodeIgniter\CodeIgniter->handleRequest(null, Object(Config\Cache), false)
 9 SYSTEMPATH\Boot.php(325): CodeIgniter\CodeIgniter->run()
10 SYSTEMPATH\Boot.php(67): CodeIgniter\Boot::runCodeIgniter(Object(CodeIgniter\CodeIgniter))
11 FCPATH\index.php(56): CodeIgniter\Boot::bootWeb(Object(Config\Paths))
INFO - 2026-05-07 13:49:55 --> Session: Class initialized using 'CodeIgniter\Session\Handlers\FileHandler' driver.
CRITICAL - 2026-05-07 13:49:55 --> ErrorException: Trying to access array offset on value of type null
[Method: GET, Route: DashboardPengunjung]
in APPPATH\Views\v_template_pengunjung.php on line 63.
 1 APPPATH\Views\v_template_pengunjung.php(63): CodeIgniter\Debug\Exceptions->errorHandler(2, 'Trying to access array offset on value of type null', 'C:\\xampp\\htdocs\\si_ekatalog_ci4\\app\\Views\\v_template_pengunjung.php', 63)
 2 SYSTEMPATH\View\View.php(234): include('C:\\xampp\\htdocs\\si_ekatalog_ci4\\app\\Views\\v_template_pengunjung.php')
 3 SYSTEMPATH\View\View.php(237): CodeIgniter\View\View->CodeIgniter\View\{closure}()
 4 SYSTEMPATH\Common.php(1171): CodeIgniter\View\View->render('v_template_pengunjung', [], true)
 5 APPPATH\Controllers\DashboardPengunjung.php(30): view('v_template_pengunjung', [...])
 6 SYSTEMPATH\CodeIgniter.php(933): App\Controllers\DashboardPengunjung->index()
 7 SYSTEMPATH\CodeIgniter.php(509): CodeIgniter\CodeIgniter->runController(Object(App\Controllers\DashboardPengunjung))
 8 SYSTEMPATH\CodeIgniter.php(355): CodeIgniter\CodeIgniter->handleRequest(null, Object(Config\Cache), false)
 9 SYSTEMPATH\Boot.php(325): CodeIgniter\CodeIgniter->run()
10 SYSTEMPATH\Boot.php(67): CodeIgniter\Boot::runCodeIgniter(Object(CodeIgniter\CodeIgniter))
11 FCPATH\index.php(56): CodeIgniter\Boot::bootWeb(Object(Config\Paths))
INFO - 2026-05-07 13:50:02 --> Session: Class initialized using 'CodeIgniter\Session\Handlers\FileHandler' driver.
INFO - 2026-05-07 13:50:09 --> Session: Class initialized using 'CodeIgniter\Session\Handlers\FileHandler' driver.
INFO - 2026-05-07 13:50:10 --> Session: Class initialized using 'CodeIgniter\Session\Handlers\FileHandler' driver.
INFO - 2026-05-07 13:50:15 --> Session: Class initialized using 'CodeIgniter\Session\Handlers\FileHandler' driver.
INFO - 2026-05-07 13:50:36 --> Session: Class initialized using 'CodeIgniter\Session\Handlers\FileHandler' driver.
INFO - 2026-05-07 13:50:47 --> Session: Class initialized using 'CodeIgniter\Session\Handlers\FileHandler' driver.
INFO - 2026-05-07 13:50:47 --> Session: Class initialized using 'CodeIgniter\Session\Handlers\FileHandler' driver.
INFO - 2026-05-07 13:50:51 --> Session: Class initialized using 'CodeIgniter\Session\Handlers\FileHandler' driver.
INFO - 2026-05-07 13:50:52 --> Session: Class initialized using 'CodeIgniter\Session\Handlers\FileHandler' driver.
INFO - 2026-05-07 13:50:58 --> Session: Class initialized using 'CodeIgniter\Session\Handlers\FileHandler' driver.
INFO - 2026-05-07 13:50:58 --> Session: Class initialized using 'CodeIgniter\Session\Handlers\FileHandler' driver.
INFO - 2026-05-07 13:51:11 --> Session: Class initialized using 'CodeIgniter\Session\Handlers\FileHandler' driver.
INFO - 2026-05-07 13:51:11 --> Session: Class initialized using 'CodeIgniter\Session\Handlers\FileHandler' driver.
INFO - 2026-05-07 13:51:16 --> Session: Class initialized using 'CodeIgniter\Session\Handlers\FileHandler' driver.
INFO - 2026-05-07 13:51:16 --> Session: Class initialized using 'CodeIgniter\Session\Handlers\FileHandler' driver.
INFO - 2026-05-07 14:00:21 --> Session: Class initialized using 'CodeIgniter\Session\Handlers\FileHandler' driver.
INFO - 2026-05-07 14:00:25 --> Session: Class initialized using 'CodeIgniter\Session\Handlers\FileHandler' driver.
INFO - 2026-05-07 14:00:26 --> Session: Class initialized using 'CodeIgniter\Session\Handlers\FileHandler' driver.
INFO - 2026-05-07 14:00:29 --> Session: Class initialized using 'CodeIgniter\Session\Handlers\FileHandler' driver.
INFO - 2026-05-07 14:00:45 --> Session: Class initialized using 'CodeIgniter\Session\Handlers\FileHandler' driver.
INFO - 2026-05-07 14:00:55 --> Session: Class initialized using 'CodeIgniter\Session\Handlers\FileHandler' driver.
INFO - 2026-05-07 14:00:55 --> Session: Class initialized using 'CodeIgniter\Session\Handlers\FileHandler' driver.
INFO - 2026-05-07 14:01:18 --> Session: Class initialized using 'CodeIgniter\Session\Handlers\FileHandler' driver.
INFO - 2026-05-07 14:08:10 --> Session: Class initialized using 'CodeIgniter\Session\Handlers\FileHandler' driver.
INFO - 2026-05-07 14:08:13 --> Session: Class initialized using 'CodeIgniter\Session\Handlers\FileHandler' driver.
INFO - 2026-05-07 14:08:14 --> Session: Class initialized using 'CodeIgniter\Session\Handlers\FileHandler' driver.
INFO - 2026-05-07 14:08:15 --> Session: Class initialized using 'CodeIgniter\Session\Handlers\FileHandler' driver.
INFO - 2026-05-07 14:08:17 --> Session: Class initialized using 'CodeIgniter\Session\Handlers\FileHandler' driver.
INFO - 2026-05-07 14:08:18 --> Session: Class initialized using 'CodeIgniter\Session\Handlers\FileHandler' driver.
INFO - 2026-05-07 14:08:18 --> Session: Class initialized using 'CodeIgniter\Session\Handlers\FileHandler' driver.
INFO - 2026-05-07 14:10:04 --> Session: Class initialized using 'CodeIgniter\Session\Handlers\FileHandler' driver.
INFO - 2026-05-07 14:10:05 --> Session: Class initialized using 'CodeIgniter\Session\Handlers\FileHandler' driver.
INFO - 2026-05-07 14:13:52 --> Session: Class initialized using 'CodeIgniter\Session\Handlers\FileHandler' driver.
INFO - 2026-05-07 14:13:54 --> Session: Class initialized using 'CodeIgniter\Session\Handlers\FileHandler' driver.
INFO - 2026-05-07 14:13:55 --> Session: Class initialized using 'CodeIgniter\Session\Handlers\FileHandler' driver.
INFO - 2026-05-07 14:13:56 --> Session: Class initialized using 'CodeIgniter\Session\Handlers\FileHandler' driver.
INFO - 2026-05-07 14:13:59 --> Session: Class initialized using 'CodeIgniter\Session\Handlers\FileHandler' driver.
INFO - 2026-05-07 14:14:01 --> Session: Class initialized using 'CodeIgniter\Session\Handlers\FileHandler' driver.
INFO - 2026-05-07 14:14:38 --> Session: Class initialized using 'CodeIgniter\Session\Handlers\FileHandler' driver.
INFO - 2026-05-07 14:14:40 --> Session: Class initialized using 'CodeIgniter\Session\Handlers\FileHandler' driver.
INFO - 2026-05-07 14:16:05 --> Session: Class initialized using 'CodeIgniter\Session\Handlers\FileHandler' driver.
INFO - 2026-05-07 14:16:18 --> Session: Class initialized using 'CodeIgniter\Session\Handlers\FileHandler' driver.
INFO - 2026-05-07 14:16:20 --> Session: Class initialized using 'CodeIgniter\Session\Handlers\FileHandler' driver.
INFO - 2026-05-07 14:16:53 --> Session: Class initialized using 'CodeIgniter\Session\Handlers\FileHandler' driver.
INFO - 2026-05-07 14:17:00 --> Session: Class initialized using 'CodeIgniter\Session\Handlers\FileHandler' driver.
INFO - 2026-05-07 14:17:01 --> Session: Class initialized using 'CodeIgniter\Session\Handlers\FileHandler' driver.
INFO - 2026-05-07 14:17:31 --> Session: Class initialized using 'CodeIgniter\Session\Handlers\FileHandler' driver.
INFO - 2026-05-07 14:17:31 --> Session: Class initialized using 'CodeIgniter\Session\Handlers\FileHandler' driver.
INFO - 2026-05-07 14:17:37 --> Session: Class initialized using 'CodeIgniter\Session\Handlers\FileHandler' driver.
INFO - 2026-05-07 14:17:37 --> Session: Class initialized using 'CodeIgniter\Session\Handlers\FileHandler' driver.
INFO - 2026-05-07 14:17:38 --> Session: Class initialized using 'CodeIgniter\Session\Handlers\FileHandler' driver.
INFO - 2026-05-07 14:17:38 --> Session: Class initialized using 'CodeIgniter\Session\Handlers\FileHandler' driver.
INFO - 2026-05-07 14:17:41 --> Session: Class initialized using 'CodeIgniter\Session\Handlers\FileHandler' driver.
INFO - 2026-05-07 14:17:41 --> Session: Class initialized using 'CodeIgniter\Session\Handlers\FileHandler' driver.
INFO - 2026-05-07 14:17:44 --> Session: Class initialized using 'CodeIgniter\Session\Handlers\FileHandler' driver.
INFO - 2026-05-07 14:17:54 --> Session: Class initialized using 'CodeIgniter\Session\Handlers\FileHandler' driver.
INFO - 2026-05-07 14:17:54 --> Session: Class initialized using 'CodeIgniter\Session\Handlers\FileHandler' driver.
INFO - 2026-05-07 14:17:58 --> Session: Class initialized using 'CodeIgniter\Session\Handlers\FileHandler' driver.
INFO - 2026-05-07 14:18:00 --> Session: Class initialized using 'CodeIgniter\Session\Handlers\FileHandler' driver.
INFO - 2026-05-07 14:18:01 --> Session: Class initialized using 'CodeIgniter\Session\Handlers\FileHandler' driver.
INFO - 2026-05-07 14:18:02 --> Session: Class initialized using 'CodeIgniter\Session\Handlers\FileHandler' driver.
INFO - 2026-05-07 14:18:03 --> Session: Class initialized using 'CodeIgniter\Session\Handlers\FileHandler' driver.
INFO - 2026-05-07 14:18:04 --> Session: Class initialized using 'CodeIgniter\Session\Handlers\FileHandler' driver.
INFO - 2026-05-07 14:21:36 --> Session: Class initialized using 'CodeIgniter\Session\Handlers\FileHandler' driver.
INFO - 2026-05-07 14:22:19 --> Session: Class initialized using 'CodeIgniter\Session\Handlers\FileHandler' driver.
INFO - 2026-05-07 14:22:20 --> Session: Class initialized using 'CodeIgniter\Session\Handlers\FileHandler' driver.
INFO - 2026-05-07 14:22:53 --> Session: Class initialized using 'CodeIgniter\Session\Handlers\FileHandler' driver.
INFO - 2026-05-07 14:22:54 --> Session: Class initialized using 'CodeIgniter\Session\Handlers\FileHandler' driver.
INFO - 2026-05-07 14:24:59 --> Session: Class initialized using 'CodeIgniter\Session\Handlers\FileHandler' driver.
INFO - 2026-05-07 14:25:00 --> Session: Class initialized using 'CodeIgniter\Session\Handlers\FileHandler' driver.
INFO - 2026-05-07 14:25:01 --> Session: Class initialized using 'CodeIgniter\Session\Handlers\FileHandler' driver.
INFO - 2026-05-07 14:25:01 --> Session: Class initialized using 'CodeIgniter\Session\Handlers\FileHandler' driver.
INFO - 2026-05-07 14:25:02 --> Session: Class initialized using 'CodeIgniter\Session\Handlers\FileHandler' driver.
INFO - 2026-05-07 14:25:10 --> Session: Class initialized using 'CodeIgniter\Session\Handlers\FileHandler' driver.
INFO - 2026-05-07 14:25:11 --> Session: Class initialized using 'CodeIgniter\Session\Handlers\FileHandler' driver.
INFO - 2026-05-07 14:25:12 --> Session: Class initialized using 'CodeIgniter\Session\Handlers\FileHandler' driver.
INFO - 2026-05-07 14:28:16 --> Session: Class initialized using 'CodeIgniter\Session\Handlers\FileHandler' driver.
INFO - 2026-05-07 14:28:17 --> Session: Class initialized using 'CodeIgniter\Session\Handlers\FileHandler' driver.
INFO - 2026-05-07 14:29:45 --> Session: Class initialized using 'CodeIgniter\Session\Handlers\FileHandler' driver.
INFO - 2026-05-07 14:29:46 --> Session: Class initialized using 'CodeIgniter\Session\Handlers\FileHandler' driver.
INFO - 2026-05-07 14:29:47 --> Session: Class initialized using 'CodeIgniter\Session\Handlers\FileHandler' driver.
INFO - 2026-05-07 14:29:48 --> Session: Class initialized using 'CodeIgniter\Session\Handlers\FileHandler' driver.
INFO - 2026-05-07 14:29:48 --> Session: Class initialized using 'CodeIgniter\Session\Handlers\FileHandler' driver.
INFO - 2026-05-07 14:30:07 --> Session: Class initialized using 'CodeIgniter\Session\Handlers\FileHandler' driver.
INFO - 2026-05-07 14:30:07 --> Session: Class initialized using 'CodeIgniter\Session\Handlers\FileHandler' driver.
INFO - 2026-05-07 14:30:17 --> Session: Class initialized using 'CodeIgniter\Session\Handlers\FileHandler' driver.
INFO - 2026-05-07 14:30:18 --> Session: Class initialized using 'CodeIgniter\Session\Handlers\FileHandler' driver.
ERROR - 2026-05-07 14:30:18 --> mysqli_sql_exception: Unknown column 'id_pengunjung' in 'field list' in C:\xampp\htdocs\si_ekatalog_ci4\system\Database\MySQLi\Connection.php:312
Stack trace:
#0 C:\xampp\htdocs\si_ekatalog_ci4\system\Database\MySQLi\Connection.php(312): mysqli->query('INSERT INTO `tb...', 0)
#1 C:\xampp\htdocs\si_ekatalog_ci4\system\Database\BaseConnection.php(734): CodeIgniter\Database\MySQLi\Connection->execute('INSERT INTO `tb...')
#2 C:\xampp\htdocs\si_ekatalog_ci4\system\Database\BaseConnection.php(648): CodeIgniter\Database\BaseConnection->simpleQuery('INSERT INTO `tb...')
#3 C:\xampp\htdocs\si_ekatalog_ci4\system\Database\BaseBuilder.php(2340): CodeIgniter\Database\BaseConnection->query('INSERT INTO `tb...', Array, false)
#4 C:\xampp\htdocs\si_ekatalog_ci4\app\Models\ModelDownload.php(23): CodeIgniter\Database\BaseBuilder->insert(Array)
#5 C:\xampp\htdocs\si_ekatalog_ci4\app\Controllers\Ebook.php(434): App\Models\ModelDownload->AddData(Array)
#6 C:\xampp\htdocs\si_ekatalog_ci4\system\CodeIgniter.php(933): App\Controllers\Ebook->download('2')
#7 C:\xampp\htdocs\si_ekatalog_ci4\system\CodeIgniter.php(509): CodeIgniter\CodeIgniter->runController(Object(App\Controllers\Ebook))
#8 C:\xampp\htdocs\si_ekatalog_ci4\system\CodeIgniter.php(355): CodeIgniter\CodeIgniter->handleRequest(NULL, Object(Config\Cache), false)
#9 C:\xampp\htdocs\si_ekatalog_ci4\system\Boot.php(325): CodeIgniter\CodeIgniter->run()
#10 C:\xampp\htdocs\si_ekatalog_ci4\system\Boot.php(67): CodeIgniter\Boot::runCodeIgniter(Object(CodeIgniter\CodeIgniter))
#11 C:\xampp\htdocs\si_ekatalog_ci4\public\index.php(56): CodeIgniter\Boot::bootWeb(Object(Config\Paths))
#12 {main}
CRITICAL - 2026-05-07 14:30:18 --> CodeIgniter\Database\Exceptions\DatabaseException: You must set the database table to be used with your query.
[Method: GET, Route: Ebook/download/2]
in SYSTEMPATH\Database\BaseConnection.php on line 927.
 1 SYSTEMPATH\Model.php(716): CodeIgniter\Database\BaseConnection->table(null)
 2 SYSTEMPATH\Model.php(922): CodeIgniter\Model->builder()
 3 APPPATH\Controllers\Ebook.php(439): CodeIgniter\Model->__call('TambahDownload', [...])
 4 SYSTEMPATH\CodeIgniter.php(933): App\Controllers\Ebook->download('2')
 5 SYSTEMPATH\CodeIgniter.php(509): CodeIgniter\CodeIgniter->runController(Object(App\Controllers\Ebook))
 6 SYSTEMPATH\CodeIgniter.php(355): CodeIgniter\CodeIgniter->handleRequest(null, Object(Config\Cache), false)
 7 SYSTEMPATH\Boot.php(325): CodeIgniter\CodeIgniter->run()
 8 SYSTEMPATH\Boot.php(67): CodeIgniter\Boot::runCodeIgniter(Object(CodeIgniter\CodeIgniter))
 9 FCPATH\index.php(56): CodeIgniter\Boot::bootWeb(Object(Config\Paths))
INFO - 2026-05-07 14:32:04 --> Session: Class initialized using 'CodeIgniter\Session\Handlers\FileHandler' driver.
INFO - 2026-05-07 14:32:05 --> Session: Class initialized using 'CodeIgniter\Session\Handlers\FileHandler' driver.
INFO - 2026-05-07 14:32:08 --> Session: Class initialized using 'CodeIgniter\Session\Handlers\FileHandler' driver.
ERROR - 2026-05-07 14:32:08 --> mysqli_sql_exception: Unknown column 'id_pengunjung' in 'field list' in C:\xampp\htdocs\si_ekatalog_ci4\system\Database\MySQLi\Connection.php:312
Stack trace:
#0 C:\xampp\htdocs\si_ekatalog_ci4\system\Database\MySQLi\Connection.php(312): mysqli->query('INSERT INTO `tb...', 0)
#1 C:\xampp\htdocs\si_ekatalog_ci4\system\Database\BaseConnection.php(734): CodeIgniter\Database\MySQLi\Connection->execute('INSERT INTO `tb...')
#2 C:\xampp\htdocs\si_ekatalog_ci4\system\Database\BaseConnection.php(648): CodeIgniter\Database\BaseConnection->simpleQuery('INSERT INTO `tb...')
#3 C:\xampp\htdocs\si_ekatalog_ci4\system\Database\BaseBuilder.php(2340): CodeIgniter\Database\BaseConnection->query('INSERT INTO `tb...', Array, false)
#4 C:\xampp\htdocs\si_ekatalog_ci4\app\Models\ModelDownload.php(23): CodeIgniter\Database\BaseBuilder->insert(Array)
#5 C:\xampp\htdocs\si_ekatalog_ci4\app\Controllers\Ebook.php(434): App\Models\ModelDownload->AddData(Array)
#6 C:\xampp\htdocs\si_ekatalog_ci4\system\CodeIgniter.php(933): App\Controllers\Ebook->download('2')
#7 C:\xampp\htdocs\si_ekatalog_ci4\system\CodeIgniter.php(509): CodeIgniter\CodeIgniter->runController(Object(App\Controllers\Ebook))
#8 C:\xampp\htdocs\si_ekatalog_ci4\system\CodeIgniter.php(355): CodeIgniter\CodeIgniter->handleRequest(NULL, Object(Config\Cache), false)
#9 C:\xampp\htdocs\si_ekatalog_ci4\system\Boot.php(325): CodeIgniter\CodeIgniter->run()
#10 C:\xampp\htdocs\si_ekatalog_ci4\system\Boot.php(67): CodeIgniter\Boot::runCodeIgniter(Object(CodeIgniter\CodeIgniter))
#11 C:\xampp\htdocs\si_ekatalog_ci4\public\index.php(56): CodeIgniter\Boot::bootWeb(Object(Config\Paths))
#12 {main}
CRITICAL - 2026-05-07 14:32:08 --> CodeIgniter\Database\Exceptions\DatabaseException: You must set the database table to be used with your query.
[Method: GET, Route: Ebook/download/2]
in SYSTEMPATH\Database\BaseConnection.php on line 927.
 1 SYSTEMPATH\Model.php(716): CodeIgniter\Database\BaseConnection->table(null)
 2 SYSTEMPATH\Model.php(922): CodeIgniter\Model->builder()
 3 APPPATH\Controllers\Ebook.php(439): CodeIgniter\Model->__call('TambahDownload', [...])
 4 SYSTEMPATH\CodeIgniter.php(933): App\Controllers\Ebook->download('2')
 5 SYSTEMPATH\CodeIgniter.php(509): CodeIgniter\CodeIgniter->runController(Object(App\Controllers\Ebook))
 6 SYSTEMPATH\CodeIgniter.php(355): CodeIgniter\CodeIgniter->handleRequest(null, Object(Config\Cache), false)
 7 SYSTEMPATH\Boot.php(325): CodeIgniter\CodeIgniter->run()
 8 SYSTEMPATH\Boot.php(67): CodeIgniter\Boot::runCodeIgniter(Object(CodeIgniter\CodeIgniter))
 9 FCPATH\index.php(56): CodeIgniter\Boot::bootWeb(Object(Config\Paths))
INFO - 2026-05-07 14:32:19 --> Session: Class initialized using 'CodeIgniter\Session\Handlers\FileHandler' driver.
INFO - 2026-05-07 14:32:35 --> Session: Class initialized using 'CodeIgniter\Session\Handlers\FileHandler' driver.
INFO - 2026-05-07 14:32:35 --> Session: Class initialized using 'CodeIgniter\Session\Handlers\FileHandler' driver.
INFO - 2026-05-07 14:32:45 --> Session: Class initialized using 'CodeIgniter\Session\Handlers\FileHandler' driver.
INFO - 2026-05-07 14:32:45 --> Session: Class initialized using 'CodeIgniter\Session\Handlers\FileHandler' driver.
INFO - 2026-05-07 14:33:57 --> Session: Class initialized using 'CodeIgniter\Session\Handlers\FileHandler' driver.
INFO - 2026-05-07 14:34:06 --> Session: Class initialized using 'CodeIgniter\Session\Handlers\FileHandler' driver.
INFO - 2026-05-07 14:34:08 --> Session: Class initialized using 'CodeIgniter\Session\Handlers\FileHandler' driver.
INFO - 2026-05-07 14:34:11 --> Session: Class initialized using 'CodeIgniter\Session\Handlers\FileHandler' driver.
INFO - 2026-05-07 14:34:15 --> Session: Class initialized using 'CodeIgniter\Session\Handlers\FileHandler' driver.
INFO - 2026-05-07 14:34:24 --> Session: Class initialized using 'CodeIgniter\Session\Handlers\FileHandler' driver.
INFO - 2026-05-07 14:34:24 --> Session: Class initialized using 'CodeIgniter\Session\Handlers\FileHandler' driver.
INFO - 2026-05-07 14:34:32 --> Session: Class initialized using 'CodeIgniter\Session\Handlers\FileHandler' driver.
INFO - 2026-05-07 14:34:33 --> Session: Class initialized using 'CodeIgniter\Session\Handlers\FileHandler' driver.
INFO - 2026-05-07 14:34:41 --> Session: Class initialized using 'CodeIgniter\Session\Handlers\FileHandler' driver.
INFO - 2026-05-07 14:34:59 --> Session: Class initialized using 'CodeIgniter\Session\Handlers\FileHandler' driver.
INFO - 2026-05-07 14:35:00 --> Session: Class initialized using 'CodeIgniter\Session\Handlers\FileHandler' driver.
INFO - 2026-05-07 14:35:06 --> Session: Class initialized using 'CodeIgniter\Session\Handlers\FileHandler' driver.
INFO - 2026-05-07 14:35:14 --> Session: Class initialized using 'CodeIgniter\Session\Handlers\FileHandler' driver.
INFO - 2026-05-07 14:35:18 --> Session: Class initialized using 'CodeIgniter\Session\Handlers\FileHandler' driver.
INFO - 2026-05-07 14:35:19 --> Session: Class initialized using 'CodeIgniter\Session\Handlers\FileHandler' driver.
INFO - 2026-05-07 14:35:20 --> Session: Class initialized using 'CodeIgniter\Session\Handlers\FileHandler' driver.
ERROR - 2026-05-07 14:35:20 --> mysqli_sql_exception: Unknown column 'id_pengunjung' in 'field list' in C:\xampp\htdocs\si_ekatalog_ci4\system\Database\MySQLi\Connection.php:312
Stack trace:
#0 C:\xampp\htdocs\si_ekatalog_ci4\system\Database\MySQLi\Connection.php(312): mysqli->query('INSERT INTO `tb...', 0)
#1 C:\xampp\htdocs\si_ekatalog_ci4\system\Database\BaseConnection.php(734): CodeIgniter\Database\MySQLi\Connection->execute('INSERT INTO `tb...')
#2 C:\xampp\htdocs\si_ekatalog_ci4\system\Database\BaseConnection.php(648): CodeIgniter\Database\BaseConnection->simpleQuery('INSERT INTO `tb...')
#3 C:\xampp\htdocs\si_ekatalog_ci4\system\Database\BaseBuilder.php(2340): CodeIgniter\Database\BaseConnection->query('INSERT INTO `tb...', Array, false)
#4 C:\xampp\htdocs\si_ekatalog_ci4\app\Models\ModelDownload.php(23): CodeIgniter\Database\BaseBuilder->insert(Array)
#5 C:\xampp\htdocs\si_ekatalog_ci4\app\Controllers\Ebook.php(434): App\Models\ModelDownload->AddData(Array)
#6 C:\xampp\htdocs\si_ekatalog_ci4\system\CodeIgniter.php(933): App\Controllers\Ebook->download('2')
#7 C:\xampp\htdocs\si_ekatalog_ci4\system\CodeIgniter.php(509): CodeIgniter\CodeIgniter->runController(Object(App\Controllers\Ebook))
#8 C:\xampp\htdocs\si_ekatalog_ci4\system\CodeIgniter.php(355): CodeIgniter\CodeIgniter->handleRequest(NULL, Object(Config\Cache), false)
#9 C:\xampp\htdocs\si_ekatalog_ci4\system\Boot.php(325): CodeIgniter\CodeIgniter->run()
#10 C:\xampp\htdocs\si_ekatalog_ci4\system\Boot.php(67): CodeIgniter\Boot::runCodeIgniter(Object(CodeIgniter\CodeIgniter))
#11 C:\xampp\htdocs\si_ekatalog_ci4\public\index.php(56): CodeIgniter\Boot::bootWeb(Object(Config\Paths))
#12 {main}
CRITICAL - 2026-05-07 14:35:20 --> CodeIgniter\Database\Exceptions\DatabaseException: You must set the database table to be used with your query.
[Method: GET, Route: Ebook/download/2]
in SYSTEMPATH\Database\BaseConnection.php on line 927.
 1 SYSTEMPATH\Model.php(716): CodeIgniter\Database\BaseConnection->table(null)
 2 SYSTEMPATH\Model.php(922): CodeIgniter\Model->builder()
 3 APPPATH\Controllers\Ebook.php(439): CodeIgniter\Model->__call('TambahDownload', [...])
 4 SYSTEMPATH\CodeIgniter.php(933): App\Controllers\Ebook->download('2')
 5 SYSTEMPATH\CodeIgniter.php(509): CodeIgniter\CodeIgniter->runController(Object(App\Controllers\Ebook))
 6 SYSTEMPATH\CodeIgniter.php(355): CodeIgniter\CodeIgniter->handleRequest(null, Object(Config\Cache), false)
 7 SYSTEMPATH\Boot.php(325): CodeIgniter\CodeIgniter->run()
 8 SYSTEMPATH\Boot.php(67): CodeIgniter\Boot::runCodeIgniter(Object(CodeIgniter\CodeIgniter))
 9 FCPATH\index.php(56): CodeIgniter\Boot::bootWeb(Object(Config\Paths))
INFO - 2026-05-07 14:41:16 --> Session: Class initialized using 'CodeIgniter\Session\Handlers\FileHandler' driver.
ERROR - 2026-05-07 14:41:16 --> mysqli_sql_exception: Unknown column 'id_pengunjung' in 'field list' in C:\xampp\htdocs\si_ekatalog_ci4\system\Database\MySQLi\Connection.php:312
Stack trace:
#0 C:\xampp\htdocs\si_ekatalog_ci4\system\Database\MySQLi\Connection.php(312): mysqli->query('INSERT INTO `tb...', 0)
#1 C:\xampp\htdocs\si_ekatalog_ci4\system\Database\BaseConnection.php(734): CodeIgniter\Database\MySQLi\Connection->execute('INSERT INTO `tb...')
#2 C:\xampp\htdocs\si_ekatalog_ci4\system\Database\BaseConnection.php(648): CodeIgniter\Database\BaseConnection->simpleQuery('INSERT INTO `tb...')
#3 C:\xampp\htdocs\si_ekatalog_ci4\system\Database\BaseBuilder.php(2340): CodeIgniter\Database\BaseConnection->query('INSERT INTO `tb...', Array, false)
#4 C:\xampp\htdocs\si_ekatalog_ci4\app\Models\ModelDownload.php(23): CodeIgniter\Database\BaseBuilder->insert(Array)
#5 C:\xampp\htdocs\si_ekatalog_ci4\app\Controllers\Ebook.php(434): App\Models\ModelDownload->AddData(Array)
#6 C:\xampp\htdocs\si_ekatalog_ci4\system\CodeIgniter.php(933): App\Controllers\Ebook->download('2')
#7 C:\xampp\htdocs\si_ekatalog_ci4\system\CodeIgniter.php(509): CodeIgniter\CodeIgniter->runController(Object(App\Controllers\Ebook))
#8 C:\xampp\htdocs\si_ekatalog_ci4\system\CodeIgniter.php(355): CodeIgniter\CodeIgniter->handleRequest(NULL, Object(Config\Cache), false)
#9 C:\xampp\htdocs\si_ekatalog_ci4\system\Boot.php(325): CodeIgniter\CodeIgniter->run()
#10 C:\xampp\htdocs\si_ekatalog_ci4\system\Boot.php(67): CodeIgniter\Boot::runCodeIgniter(Object(CodeIgniter\CodeIgniter))
#11 C:\xampp\htdocs\si_ekatalog_ci4\public\index.php(56): CodeIgniter\Boot::bootWeb(Object(Config\Paths))
#12 {main}
CRITICAL - 2026-05-07 14:41:16 --> CodeIgniter\Database\Exceptions\DatabaseException: You must set the database table to be used with your query.
[Method: GET, Route: Ebook/download/2]
in SYSTEMPATH\Database\BaseConnection.php on line 927.
 1 SYSTEMPATH\Model.php(716): CodeIgniter\Database\BaseConnection->table(null)
 2 SYSTEMPATH\Model.php(922): CodeIgniter\Model->builder()
 3 APPPATH\Controllers\Ebook.php(439): CodeIgniter\Model->__call('TambahDownload', [...])
 4 SYSTEMPATH\CodeIgniter.php(933): App\Controllers\Ebook->download('2')
 5 SYSTEMPATH\CodeIgniter.php(509): CodeIgniter\CodeIgniter->runController(Object(App\Controllers\Ebook))
 6 SYSTEMPATH\CodeIgniter.php(355): CodeIgniter\CodeIgniter->handleRequest(null, Object(Config\Cache), false)
 7 SYSTEMPATH\Boot.php(325): CodeIgniter\CodeIgniter->run()
 8 SYSTEMPATH\Boot.php(67): CodeIgniter\Boot::runCodeIgniter(Object(CodeIgniter\CodeIgniter))
 9 FCPATH\index.php(56): CodeIgniter\Boot::bootWeb(Object(Config\Paths))
INFO - 2026-05-07 14:41:18 --> Session: Class initialized using 'CodeIgniter\Session\Handlers\FileHandler' driver.
ERROR - 2026-05-07 14:41:18 --> mysqli_sql_exception: Unknown column 'id_pengunjung' in 'field list' in C:\xampp\htdocs\si_ekatalog_ci4\system\Database\MySQLi\Connection.php:312
Stack trace:
#0 C:\xampp\htdocs\si_ekatalog_ci4\system\Database\MySQLi\Connection.php(312): mysqli->query('INSERT INTO `tb...', 0)
#1 C:\xampp\htdocs\si_ekatalog_ci4\system\Database\BaseConnection.php(734): CodeIgniter\Database\MySQLi\Connection->execute('INSERT INTO `tb...')
#2 C:\xampp\htdocs\si_ekatalog_ci4\system\Database\BaseConnection.php(648): CodeIgniter\Database\BaseConnection->simpleQuery('INSERT INTO `tb...')
#3 C:\xampp\htdocs\si_ekatalog_ci4\system\Database\BaseBuilder.php(2340): CodeIgniter\Database\BaseConnection->query('INSERT INTO `tb...', Array, false)
#4 C:\xampp\htdocs\si_ekatalog_ci4\app\Models\ModelDownload.php(23): CodeIgniter\Database\BaseBuilder->insert(Array)
#5 C:\xampp\htdocs\si_ekatalog_ci4\app\Controllers\Ebook.php(434): App\Models\ModelDownload->AddData(Array)
#6 C:\xampp\htdocs\si_ekatalog_ci4\system\CodeIgniter.php(933): App\Controllers\Ebook->download('2')
#7 C:\xampp\htdocs\si_ekatalog_ci4\system\CodeIgniter.php(509): CodeIgniter\CodeIgniter->runController(Object(App\Controllers\Ebook))
#8 C:\xampp\htdocs\si_ekatalog_ci4\system\CodeIgniter.php(355): CodeIgniter\CodeIgniter->handleRequest(NULL, Object(Config\Cache), false)
#9 C:\xampp\htdocs\si_ekatalog_ci4\system\Boot.php(325): CodeIgniter\CodeIgniter->run()
#10 C:\xampp\htdocs\si_ekatalog_ci4\system\Boot.php(67): CodeIgniter\Boot::runCodeIgniter(Object(CodeIgniter\CodeIgniter))
#11 C:\xampp\htdocs\si_ekatalog_ci4\public\index.php(56): CodeIgniter\Boot::bootWeb(Object(Config\Paths))
#12 {main}
CRITICAL - 2026-05-07 14:41:18 --> CodeIgniter\Database\Exceptions\DatabaseException: You must set the database table to be used with your query.
[Method: GET, Route: Ebook/download/2]
in SYSTEMPATH\Database\BaseConnection.php on line 927.
 1 SYSTEMPATH\Model.php(716): CodeIgniter\Database\BaseConnection->table(null)
 2 SYSTEMPATH\Model.php(922): CodeIgniter\Model->builder()
 3 APPPATH\Controllers\Ebook.php(439): CodeIgniter\Model->__call('TambahDownload', [...])
 4 SYSTEMPATH\CodeIgniter.php(933): App\Controllers\Ebook->download('2')
 5 SYSTEMPATH\CodeIgniter.php(509): CodeIgniter\CodeIgniter->runController(Object(App\Controllers\Ebook))
 6 SYSTEMPATH\CodeIgniter.php(355): CodeIgniter\CodeIgniter->handleRequest(null, Object(Config\Cache), false)
 7 SYSTEMPATH\Boot.php(325): CodeIgniter\CodeIgniter->run()
 8 SYSTEMPATH\Boot.php(67): CodeIgniter\Boot::runCodeIgniter(Object(CodeIgniter\CodeIgniter))
 9 FCPATH\index.php(56): CodeIgniter\Boot::bootWeb(Object(Config\Paths))
INFO - 2026-05-07 14:43:30 --> Session: Class initialized using 'CodeIgniter\Session\Handlers\FileHandler' driver.
ERROR - 2026-05-07 14:43:30 --> mysqli_sql_exception: Unknown column 'id_pengunjung' in 'field list' in C:\xampp\htdocs\si_ekatalog_ci4\system\Database\MySQLi\Connection.php:312
Stack trace:
#0 C:\xampp\htdocs\si_ekatalog_ci4\system\Database\MySQLi\Connection.php(312): mysqli->query('INSERT INTO `tb...', 0)
#1 C:\xampp\htdocs\si_ekatalog_ci4\system\Database\BaseConnection.php(734): CodeIgniter\Database\MySQLi\Connection->execute('INSERT INTO `tb...')
#2 C:\xampp\htdocs\si_ekatalog_ci4\system\Database\BaseConnection.php(648): CodeIgniter\Database\BaseConnection->simpleQuery('INSERT INTO `tb...')
#3 C:\xampp\htdocs\si_ekatalog_ci4\system\Database\BaseBuilder.php(2340): CodeIgniter\Database\BaseConnection->query('INSERT INTO `tb...', Array, false)
#4 C:\xampp\htdocs\si_ekatalog_ci4\app\Models\ModelDownload.php(23): CodeIgniter\Database\BaseBuilder->insert(Array)
#5 C:\xampp\htdocs\si_ekatalog_ci4\app\Controllers\Ebook.php(434): App\Models\ModelDownload->AddData(Array)
#6 C:\xampp\htdocs\si_ekatalog_ci4\system\CodeIgniter.php(933): App\Controllers\Ebook->download('2')
#7 C:\xampp\htdocs\si_ekatalog_ci4\system\CodeIgniter.php(509): CodeIgniter\CodeIgniter->runController(Object(App\Controllers\Ebook))
#8 C:\xampp\htdocs\si_ekatalog_ci4\system\CodeIgniter.php(355): CodeIgniter\CodeIgniter->handleRequest(NULL, Object(Config\Cache), false)
#9 C:\xampp\htdocs\si_ekatalog_ci4\system\Boot.php(325): CodeIgniter\CodeIgniter->run()
#10 C:\xampp\htdocs\si_ekatalog_ci4\system\Boot.php(67): CodeIgniter\Boot::runCodeIgniter(Object(CodeIgniter\CodeIgniter))
#11 C:\xampp\htdocs\si_ekatalog_ci4\public\index.php(56): CodeIgniter\Boot::bootWeb(Object(Config\Paths))
#12 {main}
INFO - 2026-05-07 14:43:30 --> Session: Class initialized using 'CodeIgniter\Session\Handlers\FileHandler' driver.
INFO - 2026-05-07 14:43:32 --> Session: Class initialized using 'CodeIgniter\Session\Handlers\FileHandler' driver.
INFO - 2026-05-07 14:43:45 --> Session: Class initialized using 'CodeIgniter\Session\Handlers\FileHandler' driver.
INFO - 2026-05-07 14:43:46 --> Session: Class initialized using 'CodeIgniter\Session\Handlers\FileHandler' driver.
INFO - 2026-05-07 14:43:48 --> Session: Class initialized using 'CodeIgniter\Session\Handlers\FileHandler' driver.
INFO - 2026-05-07 14:43:50 --> Session: Class initialized using 'CodeIgniter\Session\Handlers\FileHandler' driver.
INFO - 2026-05-07 14:43:51 --> Session: Class initialized using 'CodeIgniter\Session\Handlers\FileHandler' driver.
INFO - 2026-05-07 14:43:53 --> Session: Class initialized using 'CodeIgniter\Session\Handlers\FileHandler' driver.
INFO - 2026-05-07 14:43:53 --> Session: Class initialized using 'CodeIgniter\Session\Handlers\FileHandler' driver.
CRITICAL - 2026-05-07 14:43:53 --> ErrorException: Trying to access array offset on value of type null
[Method: GET, Route: DashboardPengunjung]
in APPPATH\Views\v_template_pengunjung.php on line 63.
 1 APPPATH\Views\v_template_pengunjung.php(63): CodeIgniter\Debug\Exceptions->errorHandler(2, 'Trying to access array offset on value of type null', 'C:\\xampp\\htdocs\\si_ekatalog_ci4\\app\\Views\\v_template_pengunjung.php', 63)
 2 SYSTEMPATH\View\View.php(234): include('C:\\xampp\\htdocs\\si_ekatalog_ci4\\app\\Views\\v_template_pengunjung.php')
 3 SYSTEMPATH\View\View.php(237): CodeIgniter\View\View->CodeIgniter\View\{closure}()
 4 SYSTEMPATH\Common.php(1171): CodeIgniter\View\View->render('v_template_pengunjung', [], true)
 5 APPPATH\Controllers\DashboardPengunjung.php(30): view('v_template_pengunjung', [...])
 6 SYSTEMPATH\CodeIgniter.php(933): App\Controllers\DashboardPengunjung->index()
 7 SYSTEMPATH\CodeIgniter.php(509): CodeIgniter\CodeIgniter->runController(Object(App\Controllers\DashboardPengunjung))
 8 SYSTEMPATH\CodeIgniter.php(355): CodeIgniter\CodeIgniter->handleRequest(null, Object(Config\Cache), false)
 9 SYSTEMPATH\Boot.php(325): CodeIgniter\CodeIgniter->run()
10 SYSTEMPATH\Boot.php(67): CodeIgniter\Boot::runCodeIgniter(Object(CodeIgniter\CodeIgniter))
11 FCPATH\index.php(56): CodeIgniter\Boot::bootWeb(Object(Config\Paths))
INFO - 2026-05-07 14:44:33 --> Session: Class initialized using 'CodeIgniter\Session\Handlers\FileHandler' driver.
CRITICAL - 2026-05-07 14:44:33 --> ErrorException: Trying to access array offset on value of type null
[Method: GET, Route: DashboardPengunjung]
in APPPATH\Views\v_template_pengunjung.php on line 63.
 1 APPPATH\Views\v_template_pengunjung.php(63): CodeIgniter\Debug\Exceptions->errorHandler(2, 'Trying to access array offset on value of type null', 'C:\\xampp\\htdocs\\si_ekatalog_ci4\\app\\Views\\v_template_pengunjung.php', 63)
 2 SYSTEMPATH\View\View.php(234): include('C:\\xampp\\htdocs\\si_ekatalog_ci4\\app\\Views\\v_template_pengunjung.php')
 3 SYSTEMPATH\View\View.php(237): CodeIgniter\View\View->CodeIgniter\View\{closure}()
 4 SYSTEMPATH\Common.php(1171): CodeIgniter\View\View->render('v_template_pengunjung', [], true)
 5 APPPATH\Controllers\DashboardPengunjung.php(30): view('v_template_pengunjung', [...])
 6 SYSTEMPATH\CodeIgniter.php(933): App\Controllers\DashboardPengunjung->index()
 7 SYSTEMPATH\CodeIgniter.php(509): CodeIgniter\CodeIgniter->runController(Object(App\Controllers\DashboardPengunjung))
 8 SYSTEMPATH\CodeIgniter.php(355): CodeIgniter\CodeIgniter->handleRequest(null, Object(Config\Cache), false)
 9 SYSTEMPATH\Boot.php(325): CodeIgniter\CodeIgniter->run()
10 SYSTEMPATH\Boot.php(67): CodeIgniter\Boot::runCodeIgniter(Object(CodeIgniter\CodeIgniter))
11 FCPATH\index.php(56): CodeIgniter\Boot::bootWeb(Object(Config\Paths))
INFO - 2026-05-07 14:46:43 --> Session: Class initialized using 'CodeIgniter\Session\Handlers\FileHandler' driver.
CRITICAL - 2026-05-07 14:46:43 --> ErrorException: Trying to access array offset on value of type null
[Method: GET, Route: DashboardPengunjung]
in APPPATH\Views\v_template_pengunjung.php on line 63.
 1 APPPATH\Views\v_template_pengunjung.php(63): CodeIgniter\Debug\Exceptions->errorHandler(2, 'Trying to access array offset on value of type null', 'C:\\xampp\\htdocs\\si_ekatalog_ci4\\app\\Views\\v_template_pengunjung.php', 63)
 2 SYSTEMPATH\View\View.php(234): include('C:\\xampp\\htdocs\\si_ekatalog_ci4\\app\\Views\\v_template_pengunjung.php')
 3 SYSTEMPATH\View\View.php(237): CodeIgniter\View\View->CodeIgniter\View\{closure}()
 4 SYSTEMPATH\Common.php(1171): CodeIgniter\View\View->render('v_template_pengunjung', [], true)
 5 APPPATH\Controllers\DashboardPengunjung.php(30): view('v_template_pengunjung', [...])
 6 SYSTEMPATH\CodeIgniter.php(933): App\Controllers\DashboardPengunjung->index()
 7 SYSTEMPATH\CodeIgniter.php(509): CodeIgniter\CodeIgniter->runController(Object(App\Controllers\DashboardPengunjung))
 8 SYSTEMPATH\CodeIgniter.php(355): CodeIgniter\CodeIgniter->handleRequest(null, Object(Config\Cache), false)
 9 SYSTEMPATH\Boot.php(325): CodeIgniter\CodeIgniter->run()
10 SYSTEMPATH\Boot.php(67): CodeIgniter\Boot::runCodeIgniter(Object(CodeIgniter\CodeIgniter))
11 FCPATH\index.php(56): CodeIgniter\Boot::bootWeb(Object(Config\Paths))
INFO - 2026-05-07 14:46:44 --> Session: Class initialized using 'CodeIgniter\Session\Handlers\FileHandler' driver.
CRITICAL - 2026-05-07 14:46:44 --> ErrorException: Trying to access array offset on value of type null
[Method: GET, Route: DashboardPengunjung]
in APPPATH\Views\v_template_pengunjung.php on line 63.
 1 APPPATH\Views\v_template_pengunjung.php(63): CodeIgniter\Debug\Exceptions->errorHandler(2, 'Trying to access array offset on value of type null', 'C:\\xampp\\htdocs\\si_ekatalog_ci4\\app\\Views\\v_template_pengunjung.php', 63)
 2 SYSTEMPATH\View\View.php(234): include('C:\\xampp\\htdocs\\si_ekatalog_ci4\\app\\Views\\v_template_pengunjung.php')
 3 SYSTEMPATH\View\View.php(237): CodeIgniter\View\View->CodeIgniter\View\{closure}()
 4 SYSTEMPATH\Common.php(1171): CodeIgniter\View\View->render('v_template_pengunjung', [], true)
 5 APPPATH\Controllers\DashboardPengunjung.php(30): view('v_template_pengunjung', [...])
 6 SYSTEMPATH\CodeIgniter.php(933): App\Controllers\DashboardPengunjung->index()
 7 SYSTEMPATH\CodeIgniter.php(509): CodeIgniter\CodeIgniter->runController(Object(App\Controllers\DashboardPengunjung))
 8 SYSTEMPATH\CodeIgniter.php(355): CodeIgniter\CodeIgniter->handleRequest(null, Object(Config\Cache), false)
 9 SYSTEMPATH\Boot.php(325): CodeIgniter\CodeIgniter->run()
10 SYSTEMPATH\Boot.php(67): CodeIgniter\Boot::runCodeIgniter(Object(CodeIgniter\CodeIgniter))
11 FCPATH\index.php(56): CodeIgniter\Boot::bootWeb(Object(Config\Paths))
INFO - 2026-05-07 14:46:46 --> Session: Class initialized using 'CodeIgniter\Session\Handlers\FileHandler' driver.
CRITICAL - 2026-05-07 14:46:46 --> ErrorException: Trying to access array offset on value of type null
[Method: GET, Route: DashboardPengunjung]
in APPPATH\Views\v_template_pengunjung.php on line 63.
 1 APPPATH\Views\v_template_pengunjung.php(63): CodeIgniter\Debug\Exceptions->errorHandler(2, 'Trying to access array offset on value of type null', 'C:\\xampp\\htdocs\\si_ekatalog_ci4\\app\\Views\\v_template_pengunjung.php', 63)
 2 SYSTEMPATH\View\View.php(234): include('C:\\xampp\\htdocs\\si_ekatalog_ci4\\app\\Views\\v_template_pengunjung.php')
 3 SYSTEMPATH\View\View.php(237): CodeIgniter\View\View->CodeIgniter\View\{closure}()
 4 SYSTEMPATH\Common.php(1171): CodeIgniter\View\View->render('v_template_pengunjung', [], true)
 5 APPPATH\Controllers\DashboardPengunjung.php(30): view('v_template_pengunjung', [...])
 6 SYSTEMPATH\CodeIgniter.php(933): App\Controllers\DashboardPengunjung->index()
 7 SYSTEMPATH\CodeIgniter.php(509): CodeIgniter\CodeIgniter->runController(Object(App\Controllers\DashboardPengunjung))
 8 SYSTEMPATH\CodeIgniter.php(355): CodeIgniter\CodeIgniter->handleRequest(null, Object(Config\Cache), false)
 9 SYSTEMPATH\Boot.php(325): CodeIgniter\CodeIgniter->run()
10 SYSTEMPATH\Boot.php(67): CodeIgniter\Boot::runCodeIgniter(Object(CodeIgniter\CodeIgniter))
11 FCPATH\index.php(56): CodeIgniter\Boot::bootWeb(Object(Config\Paths))
INFO - 2026-05-07 14:46:47 --> Session: Class initialized using 'CodeIgniter\Session\Handlers\FileHandler' driver.
INFO - 2026-05-07 14:46:48 --> Session: Class initialized using 'CodeIgniter\Session\Handlers\FileHandler' driver.
INFO - 2026-05-07 14:46:51 --> Session: Class initialized using 'CodeIgniter\Session\Handlers\FileHandler' driver.
INFO - 2026-05-07 14:46:51 --> Session: Class initialized using 'CodeIgniter\Session\Handlers\FileHandler' driver.
INFO - 2026-05-07 14:46:53 --> Session: Class initialized using 'CodeIgniter\Session\Handlers\FileHandler' driver.
CRITICAL - 2026-05-07 14:46:53 --> ErrorException: Trying to access array offset on value of type null
[Method: GET, Route: DashboardPengunjung]
in APPPATH\Views\v_template_pengunjung.php on line 63.
 1 APPPATH\Views\v_template_pengunjung.php(63): CodeIgniter\Debug\Exceptions->errorHandler(2, 'Trying to access array offset on value of type null', 'C:\\xampp\\htdocs\\si_ekatalog_ci4\\app\\Views\\v_template_pengunjung.php', 63)
 2 SYSTEMPATH\View\View.php(234): include('C:\\xampp\\htdocs\\si_ekatalog_ci4\\app\\Views\\v_template_pengunjung.php')
 3 SYSTEMPATH\View\View.php(237): CodeIgniter\View\View->CodeIgniter\View\{closure}()
 4 SYSTEMPATH\Common.php(1171): CodeIgniter\View\View->render('v_template_pengunjung', [], true)
 5 APPPATH\Controllers\DashboardPengunjung.php(30): view('v_template_pengunjung', [...])
 6 SYSTEMPATH\CodeIgniter.php(933): App\Controllers\DashboardPengunjung->index()
 7 SYSTEMPATH\CodeIgniter.php(509): CodeIgniter\CodeIgniter->runController(Object(App\Controllers\DashboardPengunjung))
 8 SYSTEMPATH\CodeIgniter.php(355): CodeIgniter\CodeIgniter->handleRequest(null, Object(Config\Cache), false)
 9 SYSTEMPATH\Boot.php(325): CodeIgniter\CodeIgniter->run()
10 SYSTEMPATH\Boot.php(67): CodeIgniter\Boot::runCodeIgniter(Object(CodeIgniter\CodeIgniter))
11 FCPATH\index.php(56): CodeIgniter\Boot::bootWeb(Object(Config\Paths))
INFO - 2026-05-07 14:46:54 --> Session: Class initialized using 'CodeIgniter\Session\Handlers\FileHandler' driver.
INFO - 2026-05-07 14:46:55 --> Session: Class initialized using 'CodeIgniter\Session\Handlers\FileHandler' driver.
INFO - 2026-05-07 14:46:55 --> Session: Class initialized using 'CodeIgniter\Session\Handlers\FileHandler' driver.
INFO - 2026-05-07 14:46:58 --> Session: Class initialized using 'CodeIgniter\Session\Handlers\FileHandler' driver.
INFO - 2026-05-07 14:47:02 --> Session: Class initialized using 'CodeIgniter\Session\Handlers\FileHandler' driver.
INFO - 2026-05-07 14:47:04 --> Session: Class initialized using 'CodeIgniter\Session\Handlers\FileHandler' driver.
INFO - 2026-05-07 14:47:05 --> Session: Class initialized using 'CodeIgniter\Session\Handlers\FileHandler' driver.
INFO - 2026-05-07 14:47:05 --> Session: Class initialized using 'CodeIgniter\Session\Handlers\FileHandler' driver.
CRITICAL - 2026-05-07 14:47:05 --> ErrorException: Trying to access array offset on value of type null
[Method: GET, Route: DashboardPengunjung]
in APPPATH\Views\v_template_pengunjung.php on line 63.
 1 APPPATH\Views\v_template_pengunjung.php(63): CodeIgniter\Debug\Exceptions->errorHandler(2, 'Trying to access array offset on value of type null', 'C:\\xampp\\htdocs\\si_ekatalog_ci4\\app\\Views\\v_template_pengunjung.php', 63)
 2 SYSTEMPATH\View\View.php(234): include('C:\\xampp\\htdocs\\si_ekatalog_ci4\\app\\Views\\v_template_pengunjung.php')
 3 SYSTEMPATH\View\View.php(237): CodeIgniter\View\View->CodeIgniter\View\{closure}()
 4 SYSTEMPATH\Common.php(1171): CodeIgniter\View\View->render('v_template_pengunjung', [], true)
 5 APPPATH\Controllers\DashboardPengunjung.php(30): view('v_template_pengunjung', [...])
 6 SYSTEMPATH\CodeIgniter.php(933): App\Controllers\DashboardPengunjung->index()
 7 SYSTEMPATH\CodeIgniter.php(509): CodeIgniter\CodeIgniter->runController(Object(App\Controllers\DashboardPengunjung))
 8 SYSTEMPATH\CodeIgniter.php(355): CodeIgniter\CodeIgniter->handleRequest(null, Object(Config\Cache), false)
 9 SYSTEMPATH\Boot.php(325): CodeIgniter\CodeIgniter->run()
10 SYSTEMPATH\Boot.php(67): CodeIgniter\Boot::runCodeIgniter(Object(CodeIgniter\CodeIgniter))
11 FCPATH\index.php(56): CodeIgniter\Boot::bootWeb(Object(Config\Paths))
INFO - 2026-05-07 14:48:44 --> Session: Class initialized using 'CodeIgniter\Session\Handlers\FileHandler' driver.
CRITICAL - 2026-05-07 14:48:44 --> ErrorException: Trying to access array offset on value of type null
[Method: GET, Route: DashboardPengunjung]
in APPPATH\Views\v_dashboard_pengunjung.php on line 27.
 1 APPPATH\Views\v_dashboard_pengunjung.php(27): CodeIgniter\Debug\Exceptions->errorHandler(2, 'Trying to access array offset on value of type null', 'C:\\xampp\\htdocs\\si_ekatalog_ci4\\app\\Views\\v_dashboard_pengunjung.php', 27)
 2 SYSTEMPATH\View\View.php(234): include('C:\\xampp\\htdocs\\si_ekatalog_ci4\\app\\Views\\v_dashboard_pengunjung.php')
 3 SYSTEMPATH\View\View.php(237): CodeIgniter\View\View->CodeIgniter\View\{closure}()
 4 SYSTEMPATH\Common.php(1171): CodeIgniter\View\View->render('v_dashboard_pengunjung', [], true)
 5 APPPATH\Views\v_template_pengunjung.php(160): view('v_dashboard_pengunjung')
 6 SYSTEMPATH\View\View.php(234): include('C:\\xampp\\htdocs\\si_ekatalog_ci4\\app\\Views\\v_template_pengunjung.php')
 7 SYSTEMPATH\View\View.php(237): CodeIgniter\View\View->CodeIgniter\View\{closure}()
 8 SYSTEMPATH\Common.php(1171): CodeIgniter\View\View->render('v_template_pengunjung', [], true)
 9 APPPATH\Controllers\DashboardPengunjung.php(30): view('v_template_pengunjung', [...])
10 SYSTEMPATH\CodeIgniter.php(933): App\Controllers\DashboardPengunjung->index()
11 SYSTEMPATH\CodeIgniter.php(509): CodeIgniter\CodeIgniter->runController(Object(App\Controllers\DashboardPengunjung))
12 SYSTEMPATH\CodeIgniter.php(355): CodeIgniter\CodeIgniter->handleRequest(null, Object(Config\Cache), false)
13 SYSTEMPATH\Boot.php(325): CodeIgniter\CodeIgniter->run()
14 SYSTEMPATH\Boot.php(67): CodeIgniter\Boot::runCodeIgniter(Object(CodeIgniter\CodeIgniter))
15 FCPATH\index.php(56): CodeIgniter\Boot::bootWeb(Object(Config\Paths))
INFO - 2026-05-07 14:48:45 --> Session: Class initialized using 'CodeIgniter\Session\Handlers\FileHandler' driver.
CRITICAL - 2026-05-07 14:48:45 --> ErrorException: Trying to access array offset on value of type null
[Method: GET, Route: DashboardPengunjung]
in APPPATH\Views\v_dashboard_pengunjung.php on line 27.
 1 APPPATH\Views\v_dashboard_pengunjung.php(27): CodeIgniter\Debug\Exceptions->errorHandler(2, 'Trying to access array offset on value of type null', 'C:\\xampp\\htdocs\\si_ekatalog_ci4\\app\\Views\\v_dashboard_pengunjung.php', 27)
 2 SYSTEMPATH\View\View.php(234): include('C:\\xampp\\htdocs\\si_ekatalog_ci4\\app\\Views\\v_dashboard_pengunjung.php')
 3 SYSTEMPATH\View\View.php(237): CodeIgniter\View\View->CodeIgniter\View\{closure}()
 4 SYSTEMPATH\Common.php(1171): CodeIgniter\View\View->render('v_dashboard_pengunjung', [], true)
 5 APPPATH\Views\v_template_pengunjung.php(160): view('v_dashboard_pengunjung')
 6 SYSTEMPATH\View\View.php(234): include('C:\\xampp\\htdocs\\si_ekatalog_ci4\\app\\Views\\v_template_pengunjung.php')
 7 SYSTEMPATH\View\View.php(237): CodeIgniter\View\View->CodeIgniter\View\{closure}()
 8 SYSTEMPATH\Common.php(1171): CodeIgniter\View\View->render('v_template_pengunjung', [], true)
 9 APPPATH\Controllers\DashboardPengunjung.php(30): view('v_template_pengunjung', [...])
10 SYSTEMPATH\CodeIgniter.php(933): App\Controllers\DashboardPengunjung->index()
11 SYSTEMPATH\CodeIgniter.php(509): CodeIgniter\CodeIgniter->runController(Object(App\Controllers\DashboardPengunjung))
12 SYSTEMPATH\CodeIgniter.php(355): CodeIgniter\CodeIgniter->handleRequest(null, Object(Config\Cache), false)
13 SYSTEMPATH\Boot.php(325): CodeIgniter\CodeIgniter->run()
14 SYSTEMPATH\Boot.php(67): CodeIgniter\Boot::runCodeIgniter(Object(CodeIgniter\CodeIgniter))
15 FCPATH\index.php(56): CodeIgniter\Boot::bootWeb(Object(Config\Paths))
INFO - 2026-05-07 14:48:46 --> Session: Class initialized using 'CodeIgniter\Session\Handlers\FileHandler' driver.
CRITICAL - 2026-05-07 14:48:46 --> ErrorException: Trying to access array offset on value of type null
[Method: GET, Route: DashboardPengunjung]
in APPPATH\Views\v_dashboard_pengunjung.php on line 27.
 1 APPPATH\Views\v_dashboard_pengunjung.php(27): CodeIgniter\Debug\Exceptions->errorHandler(2, 'Trying to access array offset on value of type null', 'C:\\xampp\\htdocs\\si_ekatalog_ci4\\app\\Views\\v_dashboard_pengunjung.php', 27)
 2 SYSTEMPATH\View\View.php(234): include('C:\\xampp\\htdocs\\si_ekatalog_ci4\\app\\Views\\v_dashboard_pengunjung.php')
 3 SYSTEMPATH\View\View.php(237): CodeIgniter\View\View->CodeIgniter\View\{closure}()
 4 SYSTEMPATH\Common.php(1171): CodeIgniter\View\View->render('v_dashboard_pengunjung', [], true)
 5 APPPATH\Views\v_template_pengunjung.php(160): view('v_dashboard_pengunjung')
 6 SYSTEMPATH\View\View.php(234): include('C:\\xampp\\htdocs\\si_ekatalog_ci4\\app\\Views\\v_template_pengunjung.php')
 7 SYSTEMPATH\View\View.php(237): CodeIgniter\View\View->CodeIgniter\View\{closure}()
 8 SYSTEMPATH\Common.php(1171): CodeIgniter\View\View->render('v_template_pengunjung', [], true)
 9 APPPATH\Controllers\DashboardPengunjung.php(30): view('v_template_pengunjung', [...])
10 SYSTEMPATH\CodeIgniter.php(933): App\Controllers\DashboardPengunjung->index()
11 SYSTEMPATH\CodeIgniter.php(509): CodeIgniter\CodeIgniter->runController(Object(App\Controllers\DashboardPengunjung))
12 SYSTEMPATH\CodeIgniter.php(355): CodeIgniter\CodeIgniter->handleRequest(null, Object(Config\Cache), false)
13 SYSTEMPATH\Boot.php(325): CodeIgniter\CodeIgniter->run()
14 SYSTEMPATH\Boot.php(67): CodeIgniter\Boot::runCodeIgniter(Object(CodeIgniter\CodeIgniter))
15 FCPATH\index.php(56): CodeIgniter\Boot::bootWeb(Object(Config\Paths))
INFO - 2026-05-07 14:48:48 --> Session: Class initialized using 'CodeIgniter\Session\Handlers\FileHandler' driver.
INFO - 2026-05-07 14:48:53 --> Session: Class initialized using 'CodeIgniter\Session\Handlers\FileHandler' driver.
INFO - 2026-05-07 14:48:53 --> Session: Class initialized using 'CodeIgniter\Session\Handlers\FileHandler' driver.
CRITICAL - 2026-05-07 14:48:53 --> ErrorException: Trying to access array offset on value of type null
[Method: GET, Route: DashboardPengunjung]
in APPPATH\Views\v_dashboard_pengunjung.php on line 27.
 1 APPPATH\Views\v_dashboard_pengunjung.php(27): CodeIgniter\Debug\Exceptions->errorHandler(2, 'Trying to access array offset on value of type null', 'C:\\xampp\\htdocs\\si_ekatalog_ci4\\app\\Views\\v_dashboard_pengunjung.php', 27)
 2 SYSTEMPATH\View\View.php(234): include('C:\\xampp\\htdocs\\si_ekatalog_ci4\\app\\Views\\v_dashboard_pengunjung.php')
 3 SYSTEMPATH\View\View.php(237): CodeIgniter\View\View->CodeIgniter\View\{closure}()
 4 SYSTEMPATH\Common.php(1171): CodeIgniter\View\View->render('v_dashboard_pengunjung', [], true)
 5 APPPATH\Views\v_template_pengunjung.php(160): view('v_dashboard_pengunjung')
 6 SYSTEMPATH\View\View.php(234): include('C:\\xampp\\htdocs\\si_ekatalog_ci4\\app\\Views\\v_template_pengunjung.php')
 7 SYSTEMPATH\View\View.php(237): CodeIgniter\View\View->CodeIgniter\View\{closure}()
 8 SYSTEMPATH\Common.php(1171): CodeIgniter\View\View->render('v_template_pengunjung', [], true)
 9 APPPATH\Controllers\DashboardPengunjung.php(30): view('v_template_pengunjung', [...])
10 SYSTEMPATH\CodeIgniter.php(933): App\Controllers\DashboardPengunjung->index()
11 SYSTEMPATH\CodeIgniter.php(509): CodeIgniter\CodeIgniter->runController(Object(App\Controllers\DashboardPengunjung))
12 SYSTEMPATH\CodeIgniter.php(355): CodeIgniter\CodeIgniter->handleRequest(null, Object(Config\Cache), false)
13 SYSTEMPATH\Boot.php(325): CodeIgniter\CodeIgniter->run()
14 SYSTEMPATH\Boot.php(67): CodeIgniter\Boot::runCodeIgniter(Object(CodeIgniter\CodeIgniter))
15 FCPATH\index.php(56): CodeIgniter\Boot::bootWeb(Object(Config\Paths))
INFO - 2026-05-07 14:51:19 --> Session: Class initialized using 'CodeIgniter\Session\Handlers\FileHandler' driver.
CRITICAL - 2026-05-07 14:51:19 --> ErrorException: Trying to access array offset on value of type null
[Method: GET, Route: DashboardPengunjung]
in APPPATH\Views\v_dashboard_pengunjung.php on line 51.
 1 APPPATH\Views\v_dashboard_pengunjung.php(51): CodeIgniter\Debug\Exceptions->errorHandler(2, 'Trying to access array offset on value of type null', 'C:\\xampp\\htdocs\\si_ekatalog_ci4\\app\\Views\\v_dashboard_pengunjung.php', 51)
 2 SYSTEMPATH\View\View.php(234): include('C:\\xampp\\htdocs\\si_ekatalog_ci4\\app\\Views\\v_dashboard_pengunjung.php')
 3 SYSTEMPATH\View\View.php(237): CodeIgniter\View\View->CodeIgniter\View\{closure}()
 4 SYSTEMPATH\Common.php(1171): CodeIgniter\View\View->render('v_dashboard_pengunjung', [], true)
 5 APPPATH\Views\v_template_pengunjung.php(160): view('v_dashboard_pengunjung')
 6 SYSTEMPATH\View\View.php(234): include('C:\\xampp\\htdocs\\si_ekatalog_ci4\\app\\Views\\v_template_pengunjung.php')
 7 SYSTEMPATH\View\View.php(237): CodeIgniter\View\View->CodeIgniter\View\{closure}()
 8 SYSTEMPATH\Common.php(1171): CodeIgniter\View\View->render('v_template_pengunjung', [], true)
 9 APPPATH\Controllers\DashboardPengunjung.php(30): view('v_template_pengunjung', [...])
10 SYSTEMPATH\CodeIgniter.php(933): App\Controllers\DashboardPengunjung->index()
11 SYSTEMPATH\CodeIgniter.php(509): CodeIgniter\CodeIgniter->runController(Object(App\Controllers\DashboardPengunjung))
12 SYSTEMPATH\CodeIgniter.php(355): CodeIgniter\CodeIgniter->handleRequest(null, Object(Config\Cache), false)
13 SYSTEMPATH\Boot.php(325): CodeIgniter\CodeIgniter->run()
14 SYSTEMPATH\Boot.php(67): CodeIgniter\Boot::runCodeIgniter(Object(CodeIgniter\CodeIgniter))
15 FCPATH\index.php(56): CodeIgniter\Boot::bootWeb(Object(Config\Paths))
INFO - 2026-05-07 14:52:48 --> Session: Class initialized using 'CodeIgniter\Session\Handlers\FileHandler' driver.
CRITICAL - 2026-05-07 14:52:48 --> ErrorException: Trying to access array offset on value of type null
[Method: GET, Route: DashboardPengunjung]
in APPPATH\Views\v_template_pengunjung.php on line 63.
 1 APPPATH\Views\v_template_pengunjung.php(63): CodeIgniter\Debug\Exceptions->errorHandler(2, 'Trying to access array offset on value of type null', 'C:\\xampp\\htdocs\\si_ekatalog_ci4\\app\\Views\\v_template_pengunjung.php', 63)
 2 SYSTEMPATH\View\View.php(234): include('C:\\xampp\\htdocs\\si_ekatalog_ci4\\app\\Views\\v_template_pengunjung.php')
 3 SYSTEMPATH\View\View.php(237): CodeIgniter\View\View->CodeIgniter\View\{closure}()
 4 SYSTEMPATH\Common.php(1171): CodeIgniter\View\View->render('v_template_pengunjung', [], true)
 5 APPPATH\Controllers\DashboardPengunjung.php(30): view('v_template_pengunjung', [...])
 6 SYSTEMPATH\CodeIgniter.php(933): App\Controllers\DashboardPengunjung->index()
 7 SYSTEMPATH\CodeIgniter.php(509): CodeIgniter\CodeIgniter->runController(Object(App\Controllers\DashboardPengunjung))
 8 SYSTEMPATH\CodeIgniter.php(355): CodeIgniter\CodeIgniter->handleRequest(null, Object(Config\Cache), false)
 9 SYSTEMPATH\Boot.php(325): CodeIgniter\CodeIgniter->run()
10 SYSTEMPATH\Boot.php(67): CodeIgniter\Boot::runCodeIgniter(Object(CodeIgniter\CodeIgniter))
11 FCPATH\index.php(56): CodeIgniter\Boot::bootWeb(Object(Config\Paths))
INFO - 2026-05-07 14:53:16 --> Session: Class initialized using 'CodeIgniter\Session\Handlers\FileHandler' driver.
CRITICAL - 2026-05-07 14:53:16 --> ErrorException: Trying to access array offset on value of type null
[Method: GET, Route: DashboardPengunjung]
in APPPATH\Views\v_template_pengunjung.php on line 63.
 1 APPPATH\Views\v_template_pengunjung.php(63): CodeIgniter\Debug\Exceptions->errorHandler(2, 'Trying to access array offset on value of type null', 'C:\\xampp\\htdocs\\si_ekatalog_ci4\\app\\Views\\v_template_pengunjung.php', 63)
 2 SYSTEMPATH\View\View.php(234): include('C:\\xampp\\htdocs\\si_ekatalog_ci4\\app\\Views\\v_template_pengunjung.php')
 3 SYSTEMPATH\View\View.php(237): CodeIgniter\View\View->CodeIgniter\View\{closure}()
 4 SYSTEMPATH\Common.php(1171): CodeIgniter\View\View->render('v_template_pengunjung', [], true)
 5 APPPATH\Controllers\DashboardPengunjung.php(30): view('v_template_pengunjung', [...])
 6 SYSTEMPATH\CodeIgniter.php(933): App\Controllers\DashboardPengunjung->index()
 7 SYSTEMPATH\CodeIgniter.php(509): CodeIgniter\CodeIgniter->runController(Object(App\Controllers\DashboardPengunjung))
 8 SYSTEMPATH\CodeIgniter.php(355): CodeIgniter\CodeIgniter->handleRequest(null, Object(Config\Cache), false)
 9 SYSTEMPATH\Boot.php(325): CodeIgniter\CodeIgniter->run()
10 SYSTEMPATH\Boot.php(67): CodeIgniter\Boot::runCodeIgniter(Object(CodeIgniter\CodeIgniter))
11 FCPATH\index.php(56): CodeIgniter\Boot::bootWeb(Object(Config\Paths))
INFO - 2026-05-07 14:53:18 --> Session: Class initialized using 'CodeIgniter\Session\Handlers\FileHandler' driver.
CRITICAL - 2026-05-07 14:53:18 --> ErrorException: Trying to access array offset on value of type null
[Method: GET, Route: DashboardPengunjung]
in APPPATH\Views\v_template_pengunjung.php on line 63.
 1 APPPATH\Views\v_template_pengunjung.php(63): CodeIgniter\Debug\Exceptions->errorHandler(2, 'Trying to access array offset on value of type null', 'C:\\xampp\\htdocs\\si_ekatalog_ci4\\app\\Views\\v_template_pengunjung.php', 63)
 2 SYSTEMPATH\View\View.php(234): include('C:\\xampp\\htdocs\\si_ekatalog_ci4\\app\\Views\\v_template_pengunjung.php')
 3 SYSTEMPATH\View\View.php(237): CodeIgniter\View\View->CodeIgniter\View\{closure}()
 4 SYSTEMPATH\Common.php(1171): CodeIgniter\View\View->render('v_template_pengunjung', [], true)
 5 APPPATH\Controllers\DashboardPengunjung.php(30): view('v_template_pengunjung', [...])
 6 SYSTEMPATH\CodeIgniter.php(933): App\Controllers\DashboardPengunjung->index()
 7 SYSTEMPATH\CodeIgniter.php(509): CodeIgniter\CodeIgniter->runController(Object(App\Controllers\DashboardPengunjung))
 8 SYSTEMPATH\CodeIgniter.php(355): CodeIgniter\CodeIgniter->handleRequest(null, Object(Config\Cache), false)
 9 SYSTEMPATH\Boot.php(325): CodeIgniter\CodeIgniter->run()
10 SYSTEMPATH\Boot.php(67): CodeIgniter\Boot::runCodeIgniter(Object(CodeIgniter\CodeIgniter))
11 FCPATH\index.php(56): CodeIgniter\Boot::bootWeb(Object(Config\Paths))
INFO - 2026-05-07 14:53:19 --> Session: Class initialized using 'CodeIgniter\Session\Handlers\FileHandler' driver.
CRITICAL - 2026-05-07 14:53:19 --> ErrorException: Trying to access array offset on value of type null
[Method: GET, Route: DashboardPengunjung]
in APPPATH\Views\v_template_pengunjung.php on line 63.
 1 APPPATH\Views\v_template_pengunjung.php(63): CodeIgniter\Debug\Exceptions->errorHandler(2, 'Trying to access array offset on value of type null', 'C:\\xampp\\htdocs\\si_ekatalog_ci4\\app\\Views\\v_template_pengunjung.php', 63)
 2 SYSTEMPATH\View\View.php(234): include('C:\\xampp\\htdocs\\si_ekatalog_ci4\\app\\Views\\v_template_pengunjung.php')
 3 SYSTEMPATH\View\View.php(237): CodeIgniter\View\View->CodeIgniter\View\{closure}()
 4 SYSTEMPATH\Common.php(1171): CodeIgniter\View\View->render('v_template_pengunjung', [], true)
 5 APPPATH\Controllers\DashboardPengunjung.php(30): view('v_template_pengunjung', [...])
 6 SYSTEMPATH\CodeIgniter.php(933): App\Controllers\DashboardPengunjung->index()
 7 SYSTEMPATH\CodeIgniter.php(509): CodeIgniter\CodeIgniter->runController(Object(App\Controllers\DashboardPengunjung))
 8 SYSTEMPATH\CodeIgniter.php(355): CodeIgniter\CodeIgniter->handleRequest(null, Object(Config\Cache), false)
 9 SYSTEMPATH\Boot.php(325): CodeIgniter\CodeIgniter->run()
10 SYSTEMPATH\Boot.php(67): CodeIgniter\Boot::runCodeIgniter(Object(CodeIgniter\CodeIgniter))
11 FCPATH\index.php(56): CodeIgniter\Boot::bootWeb(Object(Config\Paths))
INFO - 2026-05-07 14:53:19 --> Session: Class initialized using 'CodeIgniter\Session\Handlers\FileHandler' driver.
CRITICAL - 2026-05-07 14:53:19 --> ErrorException: Trying to access array offset on value of type null
[Method: GET, Route: DashboardPengunjung]
in APPPATH\Views\v_template_pengunjung.php on line 63.
 1 APPPATH\Views\v_template_pengunjung.php(63): CodeIgniter\Debug\Exceptions->errorHandler(2, 'Trying to access array offset on value of type null', 'C:\\xampp\\htdocs\\si_ekatalog_ci4\\app\\Views\\v_template_pengunjung.php', 63)
 2 SYSTEMPATH\View\View.php(234): include('C:\\xampp\\htdocs\\si_ekatalog_ci4\\app\\Views\\v_template_pengunjung.php')
 3 SYSTEMPATH\View\View.php(237): CodeIgniter\View\View->CodeIgniter\View\{closure}()
 4 SYSTEMPATH\Common.php(1171): CodeIgniter\View\View->render('v_template_pengunjung', [], true)
 5 APPPATH\Controllers\DashboardPengunjung.php(30): view('v_template_pengunjung', [...])
 6 SYSTEMPATH\CodeIgniter.php(933): App\Controllers\DashboardPengunjung->index()
 7 SYSTEMPATH\CodeIgniter.php(509): CodeIgniter\CodeIgniter->runController(Object(App\Controllers\DashboardPengunjung))
 8 SYSTEMPATH\CodeIgniter.php(355): CodeIgniter\CodeIgniter->handleRequest(null, Object(Config\Cache), false)
 9 SYSTEMPATH\Boot.php(325): CodeIgniter\CodeIgniter->run()
10 SYSTEMPATH\Boot.php(67): CodeIgniter\Boot::runCodeIgniter(Object(CodeIgniter\CodeIgniter))
11 FCPATH\index.php(56): CodeIgniter\Boot::bootWeb(Object(Config\Paths))
INFO - 2026-05-07 14:53:20 --> Session: Class initialized using 'CodeIgniter\Session\Handlers\FileHandler' driver.
CRITICAL - 2026-05-07 14:53:20 --> ErrorException: Trying to access array offset on value of type null
[Method: GET, Route: DashboardPengunjung]
in APPPATH\Views\v_template_pengunjung.php on line 63.
 1 APPPATH\Views\v_template_pengunjung.php(63): CodeIgniter\Debug\Exceptions->errorHandler(2, 'Trying to access array offset on value of type null', 'C:\\xampp\\htdocs\\si_ekatalog_ci4\\app\\Views\\v_template_pengunjung.php', 63)
 2 SYSTEMPATH\View\View.php(234): include('C:\\xampp\\htdocs\\si_ekatalog_ci4\\app\\Views\\v_template_pengunjung.php')
 3 SYSTEMPATH\View\View.php(237): CodeIgniter\View\View->CodeIgniter\View\{closure}()
 4 SYSTEMPATH\Common.php(1171): CodeIgniter\View\View->render('v_template_pengunjung', [], true)
 5 APPPATH\Controllers\DashboardPengunjung.php(30): view('v_template_pengunjung', [...])
 6 SYSTEMPATH\CodeIgniter.php(933): App\Controllers\DashboardPengunjung->index()
 7 SYSTEMPATH\CodeIgniter.php(509): CodeIgniter\CodeIgniter->runController(Object(App\Controllers\DashboardPengunjung))
 8 SYSTEMPATH\CodeIgniter.php(355): CodeIgniter\CodeIgniter->handleRequest(null, Object(Config\Cache), false)
 9 SYSTEMPATH\Boot.php(325): CodeIgniter\CodeIgniter->run()
10 SYSTEMPATH\Boot.php(67): CodeIgniter\Boot::runCodeIgniter(Object(CodeIgniter\CodeIgniter))
11 FCPATH\index.php(56): CodeIgniter\Boot::bootWeb(Object(Config\Paths))
INFO - 2026-05-07 14:53:20 --> Session: Class initialized using 'CodeIgniter\Session\Handlers\FileHandler' driver.
CRITICAL - 2026-05-07 14:53:20 --> ErrorException: Trying to access array offset on value of type null
[Method: GET, Route: DashboardPengunjung]
in APPPATH\Views\v_template_pengunjung.php on line 63.
 1 APPPATH\Views\v_template_pengunjung.php(63): CodeIgniter\Debug\Exceptions->errorHandler(2, 'Trying to access array offset on value of type null', 'C:\\xampp\\htdocs\\si_ekatalog_ci4\\app\\Views\\v_template_pengunjung.php', 63)
 2 SYSTEMPATH\View\View.php(234): include('C:\\xampp\\htdocs\\si_ekatalog_ci4\\app\\Views\\v_template_pengunjung.php')
 3 SYSTEMPATH\View\View.php(237): CodeIgniter\View\View->CodeIgniter\View\{closure}()
 4 SYSTEMPATH\Common.php(1171): CodeIgniter\View\View->render('v_template_pengunjung', [], true)
 5 APPPATH\Controllers\DashboardPengunjung.php(30): view('v_template_pengunjung', [...])
 6 SYSTEMPATH\CodeIgniter.php(933): App\Controllers\DashboardPengunjung->index()
 7 SYSTEMPATH\CodeIgniter.php(509): CodeIgniter\CodeIgniter->runController(Object(App\Controllers\DashboardPengunjung))
 8 SYSTEMPATH\CodeIgniter.php(355): CodeIgniter\CodeIgniter->handleRequest(null, Object(Config\Cache), false)
 9 SYSTEMPATH\Boot.php(325): CodeIgniter\CodeIgniter->run()
10 SYSTEMPATH\Boot.php(67): CodeIgniter\Boot::runCodeIgniter(Object(CodeIgniter\CodeIgniter))
11 FCPATH\index.php(56): CodeIgniter\Boot::bootWeb(Object(Config\Paths))
INFO - 2026-05-07 14:53:21 --> Session: Class initialized using 'CodeIgniter\Session\Handlers\FileHandler' driver.
CRITICAL - 2026-05-07 14:53:21 --> ErrorException: Trying to access array offset on value of type null
[Method: GET, Route: DashboardPengunjung]
in APPPATH\Views\v_template_pengunjung.php on line 63.
 1 APPPATH\Views\v_template_pengunjung.php(63): CodeIgniter\Debug\Exceptions->errorHandler(2, 'Trying to access array offset on value of type null', 'C:\\xampp\\htdocs\\si_ekatalog_ci4\\app\\Views\\v_template_pengunjung.php', 63)
 2 SYSTEMPATH\View\View.php(234): include('C:\\xampp\\htdocs\\si_ekatalog_ci4\\app\\Views\\v_template_pengunjung.php')
 3 SYSTEMPATH\View\View.php(237): CodeIgniter\View\View->CodeIgniter\View\{closure}()
 4 SYSTEMPATH\Common.php(1171): CodeIgniter\View\View->render('v_template_pengunjung', [], true)
 5 APPPATH\Controllers\DashboardPengunjung.php(30): view('v_template_pengunjung', [...])
 6 SYSTEMPATH\CodeIgniter.php(933): App\Controllers\DashboardPengunjung->index()
 7 SYSTEMPATH\CodeIgniter.php(509): CodeIgniter\CodeIgniter->runController(Object(App\Controllers\DashboardPengunjung))
 8 SYSTEMPATH\CodeIgniter.php(355): CodeIgniter\CodeIgniter->handleRequest(null, Object(Config\Cache), false)
 9 SYSTEMPATH\Boot.php(325): CodeIgniter\CodeIgniter->run()
10 SYSTEMPATH\Boot.php(67): CodeIgniter\Boot::runCodeIgniter(Object(CodeIgniter\CodeIgniter))
11 FCPATH\index.php(56): CodeIgniter\Boot::bootWeb(Object(Config\Paths))
INFO - 2026-05-07 14:56:45 --> Session: Class initialized using 'CodeIgniter\Session\Handlers\FileHandler' driver.
INFO - 2026-05-07 14:56:49 --> Session: Class initialized using 'CodeIgniter\Session\Handlers\FileHandler' driver.
INFO - 2026-05-07 14:57:00 --> Session: Class initialized using 'CodeIgniter\Session\Handlers\FileHandler' driver.
INFO - 2026-05-07 14:57:00 --> Session: Class initialized using 'CodeIgniter\Session\Handlers\FileHandler' driver.
INFO - 2026-05-07 14:57:06 --> Session: Class initialized using 'CodeIgniter\Session\Handlers\FileHandler' driver.
INFO - 2026-05-07 14:57:08 --> Session: Class initialized using 'CodeIgniter\Session\Handlers\FileHandler' driver.
INFO - 2026-05-07 14:57:10 --> Session: Class initialized using 'CodeIgniter\Session\Handlers\FileHandler' driver.
INFO - 2026-05-07 14:57:11 --> Session: Class initialized using 'CodeIgniter\Session\Handlers\FileHandler' driver.
ERROR - 2026-05-07 14:57:11 --> mysqli_sql_exception: Unknown column 'id_pengunjung' in 'field list' in C:\xampp\htdocs\si_ekatalog_ci4\system\Database\MySQLi\Connection.php:312
Stack trace:
#0 C:\xampp\htdocs\si_ekatalog_ci4\system\Database\MySQLi\Connection.php(312): mysqli->query('INSERT INTO `tb...', 0)
#1 C:\xampp\htdocs\si_ekatalog_ci4\system\Database\BaseConnection.php(734): CodeIgniter\Database\MySQLi\Connection->execute('INSERT INTO `tb...')
#2 C:\xampp\htdocs\si_ekatalog_ci4\system\Database\BaseConnection.php(648): CodeIgniter\Database\BaseConnection->simpleQuery('INSERT INTO `tb...')
#3 C:\xampp\htdocs\si_ekatalog_ci4\system\Database\BaseBuilder.php(2340): CodeIgniter\Database\BaseConnection->query('INSERT INTO `tb...', Array, false)
#4 C:\xampp\htdocs\si_ekatalog_ci4\app\Models\ModelDownload.php(23): CodeIgniter\Database\BaseBuilder->insert(Array)
#5 C:\xampp\htdocs\si_ekatalog_ci4\app\Controllers\Ebook.php(434): App\Models\ModelDownload->AddData(Array)
#6 C:\xampp\htdocs\si_ekatalog_ci4\system\CodeIgniter.php(933): App\Controllers\Ebook->download('2')
#7 C:\xampp\htdocs\si_ekatalog_ci4\system\CodeIgniter.php(509): CodeIgniter\CodeIgniter->runController(Object(App\Controllers\Ebook))
#8 C:\xampp\htdocs\si_ekatalog_ci4\system\CodeIgniter.php(355): CodeIgniter\CodeIgniter->handleRequest(NULL, Object(Config\Cache), false)
#9 C:\xampp\htdocs\si_ekatalog_ci4\system\Boot.php(325): CodeIgniter\CodeIgniter->run()
#10 C:\xampp\htdocs\si_ekatalog_ci4\system\Boot.php(67): CodeIgniter\Boot::runCodeIgniter(Object(CodeIgniter\CodeIgniter))
#11 C:\xampp\htdocs\si_ekatalog_ci4\public\index.php(56): CodeIgniter\Boot::bootWeb(Object(Config\Paths))
#12 {main}
INFO - 2026-05-07 14:57:11 --> Session: Class initialized using 'CodeIgniter\Session\Handlers\FileHandler' driver.
INFO - 2026-05-07 17:18:07 --> Session: Class initialized using 'CodeIgniter\Session\Handlers\FileHandler' driver.
INFO - 2026-05-07 17:18:18 --> Session: Class initialized using 'CodeIgniter\Session\Handlers\FileHandler' driver.
INFO - 2026-05-07 17:18:23 --> Session: Class initialized using 'CodeIgniter\Session\Handlers\FileHandler' driver.
INFO - 2026-05-07 17:18:25 --> Session: Class initialized using 'CodeIgniter\Session\Handlers\FileHandler' driver.
INFO - 2026-05-07 17:18:32 --> Session: Class initialized using 'CodeIgniter\Session\Handlers\FileHandler' driver.
INFO - 2026-05-07 17:18:44 --> Session: Class initialized using 'CodeIgniter\Session\Handlers\FileHandler' driver.
INFO - 2026-05-07 17:18:45 --> Session: Class initialized using 'CodeIgniter\Session\Handlers\FileHandler' driver.
INFO - 2026-05-07 17:18:51 --> Session: Class initialized using 'CodeIgniter\Session\Handlers\FileHandler' driver.
INFO - 2026-05-07 17:18:54 --> Session: Class initialized using 'CodeIgniter\Session\Handlers\FileHandler' driver.
INFO - 2026-05-07 17:18:56 --> Session: Class initialized using 'CodeIgniter\Session\Handlers\FileHandler' driver.
INFO - 2026-05-07 17:22:52 --> Session: Class initialized using 'CodeIgniter\Session\Handlers\FileHandler' driver.
INFO - 2026-05-07 17:22:55 --> Session: Class initialized using 'CodeIgniter\Session\Handlers\FileHandler' driver.
INFO - 2026-05-07 17:22:58 --> Session: Class initialized using 'CodeIgniter\Session\Handlers\FileHandler' driver.
INFO - 2026-05-07 17:23:42 --> Session: Class initialized using 'CodeIgniter\Session\Handlers\FileHandler' driver.
INFO - 2026-05-07 17:25:05 --> Session: Class initialized using 'CodeIgniter\Session\Handlers\FileHandler' driver.
INFO - 2026-05-07 17:25:20 --> Session: Class initialized using 'CodeIgniter\Session\Handlers\FileHandler' driver.
INFO - 2026-05-07 17:25:22 --> Session: Class initialized using 'CodeIgniter\Session\Handlers\FileHandler' driver.
INFO - 2026-05-07 17:25:28 --> Session: Class initialized using 'CodeIgniter\Session\Handlers\FileHandler' driver.
INFO - 2026-05-07 17:25:29 --> Session: Class initialized using 'CodeIgniter\Session\Handlers\FileHandler' driver.
INFO - 2026-05-07 17:25:29 --> Session: Class initialized using 'CodeIgniter\Session\Handlers\FileHandler' driver.
INFO - 2026-05-07 17:25:30 --> Session: Class initialized using 'CodeIgniter\Session\Handlers\FileHandler' driver.
INFO - 2026-05-07 17:25:30 --> Session: Class initialized using 'CodeIgniter\Session\Handlers\FileHandler' driver.
INFO - 2026-05-07 17:25:31 --> Session: Class initialized using 'CodeIgniter\Session\Handlers\FileHandler' driver.
INFO - 2026-05-07 17:25:32 --> Session: Class initialized using 'CodeIgniter\Session\Handlers\FileHandler' driver.
INFO - 2026-05-07 17:25:33 --> Session: Class initialized using 'CodeIgniter\Session\Handlers\FileHandler' driver.
INFO - 2026-05-07 17:25:33 --> Session: Class initialized using 'CodeIgniter\Session\Handlers\FileHandler' driver.
INFO - 2026-05-07 17:25:34 --> Session: Class initialized using 'CodeIgniter\Session\Handlers\FileHandler' driver.
INFO - 2026-05-07 17:25:34 --> Session: Class initialized using 'CodeIgniter\Session\Handlers\FileHandler' driver.
INFO - 2026-05-07 17:25:35 --> Session: Class initialized using 'CodeIgniter\Session\Handlers\FileHandler' driver.
INFO - 2026-05-07 17:25:35 --> Session: Class initialized using 'CodeIgniter\Session\Handlers\FileHandler' driver.
INFO - 2026-05-07 17:25:36 --> Session: Class initialized using 'CodeIgniter\Session\Handlers\FileHandler' driver.
INFO - 2026-05-07 17:25:36 --> Session: Class initialized using 'CodeIgniter\Session\Handlers\FileHandler' driver.
INFO - 2026-05-07 17:25:37 --> Session: Class initialized using 'CodeIgniter\Session\Handlers\FileHandler' driver.
INFO - 2026-05-07 17:25:37 --> Session: Class initialized using 'CodeIgniter\Session\Handlers\FileHandler' driver.
INFO - 2026-05-07 17:25:40 --> Session: Class initialized using 'CodeIgniter\Session\Handlers\FileHandler' driver.
INFO - 2026-05-07 17:26:44 --> Session: Class initialized using 'CodeIgniter\Session\Handlers\FileHandler' driver.
INFO - 2026-05-07 17:26:51 --> Session: Class initialized using 'CodeIgniter\Session\Handlers\FileHandler' driver.
INFO - 2026-05-07 17:26:54 --> Session: Class initialized using 'CodeIgniter\Session\Handlers\FileHandler' driver.
INFO - 2026-05-07 17:27:05 --> Session: Class initialized using 'CodeIgniter\Session\Handlers\FileHandler' driver.
INFO - 2026-05-07 17:27:05 --> Session: Class initialized using 'CodeIgniter\Session\Handlers\FileHandler' driver.
INFO - 2026-05-07 17:27:10 --> Session: Class initialized using 'CodeIgniter\Session\Handlers\FileHandler' driver.
INFO - 2026-05-07 17:27:17 --> Session: Class initialized using 'CodeIgniter\Session\Handlers\FileHandler' driver.
INFO - 2026-05-07 17:27:17 --> Session: Class initialized using 'CodeIgniter\Session\Handlers\FileHandler' driver.
INFO - 2026-05-07 17:27:20 --> Session: Class initialized using 'CodeIgniter\Session\Handlers\FileHandler' driver.
INFO - 2026-05-07 17:31:06 --> Session: Class initialized using 'CodeIgniter\Session\Handlers\FileHandler' driver.
INFO - 2026-05-07 17:34:22 --> Session: Class initialized using 'CodeIgniter\Session\Handlers\FileHandler' driver.
INFO - 2026-05-07 17:34:30 --> Session: Class initialized using 'CodeIgniter\Session\Handlers\FileHandler' driver.
INFO - 2026-05-07 17:34:44 --> Session: Class initialized using 'CodeIgniter\Session\Handlers\FileHandler' driver.
INFO - 2026-05-07 17:34:44 --> Session: Class initialized using 'CodeIgniter\Session\Handlers\FileHandler' driver.
INFO - 2026-05-07 17:34:47 --> Session: Class initialized using 'CodeIgniter\Session\Handlers\FileHandler' driver.
INFO - 2026-05-07 17:35:35 --> Session: Class initialized using 'CodeIgniter\Session\Handlers\FileHandler' driver.
INFO - 2026-05-07 17:35:38 --> Session: Class initialized using 'CodeIgniter\Session\Handlers\FileHandler' driver.
INFO - 2026-05-07 17:37:04 --> Session: Class initialized using 'CodeIgniter\Session\Handlers\FileHandler' driver.
INFO - 2026-05-07 17:37:49 --> Session: Class initialized using 'CodeIgniter\Session\Handlers\FileHandler' driver.
INFO - 2026-05-07 17:37:55 --> Session: Class initialized using 'CodeIgniter\Session\Handlers\FileHandler' driver.
INFO - 2026-05-07 17:37:55 --> Session: Class initialized using 'CodeIgniter\Session\Handlers\FileHandler' driver.
INFO - 2026-05-07 17:38:00 --> Session: Class initialized using 'CodeIgniter\Session\Handlers\FileHandler' driver.
INFO - 2026-05-07 17:38:12 --> Session: Class initialized using 'CodeIgniter\Session\Handlers\FileHandler' driver.
INFO - 2026-05-07 17:38:16 --> Session: Class initialized using 'CodeIgniter\Session\Handlers\FileHandler' driver.
CRITICAL - 2026-05-07 17:38:16 --> ErrorException: Trying to access array offset on value of type null
[Method: GET, Route: DashboardPengunjung]
in APPPATH\Views\v_template_pengunjung.php on line 60.
 1 APPPATH\Views\v_template_pengunjung.php(60): CodeIgniter\Debug\Exceptions->errorHandler(2, 'Trying to access array offset on value of type null', 'C:\\xampp\\htdocs\\si_ekatalog_ci4\\app\\Views\\v_template_pengunjung.php', 60)
 2 SYSTEMPATH\View\View.php(234): include('C:\\xampp\\htdocs\\si_ekatalog_ci4\\app\\Views\\v_template_pengunjung.php')
 3 SYSTEMPATH\View\View.php(237): CodeIgniter\View\View->CodeIgniter\View\{closure}()
 4 SYSTEMPATH\Common.php(1171): CodeIgniter\View\View->render('v_template_pengunjung', [], true)
 5 APPPATH\Controllers\DashboardPengunjung.php(30): view('v_template_pengunjung', [...])
 6 SYSTEMPATH\CodeIgniter.php(933): App\Controllers\DashboardPengunjung->index()
 7 SYSTEMPATH\CodeIgniter.php(509): CodeIgniter\CodeIgniter->runController(Object(App\Controllers\DashboardPengunjung))
 8 SYSTEMPATH\CodeIgniter.php(355): CodeIgniter\CodeIgniter->handleRequest(null, Object(Config\Cache), false)
 9 SYSTEMPATH\Boot.php(325): CodeIgniter\CodeIgniter->run()
10 SYSTEMPATH\Boot.php(67): CodeIgniter\Boot::runCodeIgniter(Object(CodeIgniter\CodeIgniter))
11 FCPATH\index.php(56): CodeIgniter\Boot::bootWeb(Object(Config\Paths))
INFO - 2026-05-07 17:38:16 --> Session: Class initialized using 'CodeIgniter\Session\Handlers\FileHandler' driver.
INFO - 2026-05-07 17:38:17 --> Session: Class initialized using 'CodeIgniter\Session\Handlers\FileHandler' driver.
INFO - 2026-05-07 17:38:17 --> Session: Class initialized using 'CodeIgniter\Session\Handlers\FileHandler' driver.
INFO - 2026-05-07 17:38:17 --> Session: Class initialized using 'CodeIgniter\Session\Handlers\FileHandler' driver.
CRITICAL - 2026-05-07 17:38:17 --> ErrorException: Trying to access array offset on value of type null
[Method: GET, Route: DashboardPengunjung]
in APPPATH\Views\v_template_pengunjung.php on line 60.
 1 APPPATH\Views\v_template_pengunjung.php(60): CodeIgniter\Debug\Exceptions->errorHandler(2, 'Trying to access array offset on value of type null', 'C:\\xampp\\htdocs\\si_ekatalog_ci4\\app\\Views\\v_template_pengunjung.php', 60)
 2 SYSTEMPATH\View\View.php(234): include('C:\\xampp\\htdocs\\si_ekatalog_ci4\\app\\Views\\v_template_pengunjung.php')
 3 SYSTEMPATH\View\View.php(237): CodeIgniter\View\View->CodeIgniter\View\{closure}()
 4 SYSTEMPATH\Common.php(1171): CodeIgniter\View\View->render('v_template_pengunjung', [], true)
 5 APPPATH\Controllers\DashboardPengunjung.php(30): view('v_template_pengunjung', [...])
 6 SYSTEMPATH\CodeIgniter.php(933): App\Controllers\DashboardPengunjung->index()
 7 SYSTEMPATH\CodeIgniter.php(509): CodeIgniter\CodeIgniter->runController(Object(App\Controllers\DashboardPengunjung))
 8 SYSTEMPATH\CodeIgniter.php(355): CodeIgniter\CodeIgniter->handleRequest(null, Object(Config\Cache), false)
 9 SYSTEMPATH\Boot.php(325): CodeIgniter\CodeIgniter->run()
10 SYSTEMPATH\Boot.php(67): CodeIgniter\Boot::runCodeIgniter(Object(CodeIgniter\CodeIgniter))
11 FCPATH\index.php(56): CodeIgniter\Boot::bootWeb(Object(Config\Paths))
INFO - 2026-05-07 17:38:18 --> Session: Class initialized using 'CodeIgniter\Session\Handlers\FileHandler' driver.
INFO - 2026-05-07 17:38:18 --> Session: Class initialized using 'CodeIgniter\Session\Handlers\FileHandler' driver.
INFO - 2026-05-07 17:38:21 --> Session: Class initialized using 'CodeIgniter\Session\Handlers\FileHandler' driver.
INFO - 2026-05-07 17:38:29 --> Session: Class initialized using 'CodeIgniter\Session\Handlers\FileHandler' driver.
INFO - 2026-05-07 17:38:32 --> Session: Class initialized using 'CodeIgniter\Session\Handlers\FileHandler' driver.
INFO - 2026-05-07 17:38:32 --> Session: Class initialized using 'CodeIgniter\Session\Handlers\FileHandler' driver.
INFO - 2026-05-07 17:38:33 --> Session: Class initialized using 'CodeIgniter\Session\Handlers\FileHandler' driver.
INFO - 2026-05-07 17:38:33 --> Session: Class initialized using 'CodeIgniter\Session\Handlers\FileHandler' driver.
CRITICAL - 2026-05-07 17:38:33 --> ErrorException: Trying to access array offset on value of type null
[Method: GET, Route: DashboardPengunjung]
in APPPATH\Views\v_template_pengunjung.php on line 60.
 1 APPPATH\Views\v_template_pengunjung.php(60): CodeIgniter\Debug\Exceptions->errorHandler(2, 'Trying to access array offset on value of type null', 'C:\\xampp\\htdocs\\si_ekatalog_ci4\\app\\Views\\v_template_pengunjung.php', 60)
 2 SYSTEMPATH\View\View.php(234): include('C:\\xampp\\htdocs\\si_ekatalog_ci4\\app\\Views\\v_template_pengunjung.php')
 3 SYSTEMPATH\View\View.php(237): CodeIgniter\View\View->CodeIgniter\View\{closure}()
 4 SYSTEMPATH\Common.php(1171): CodeIgniter\View\View->render('v_template_pengunjung', [], true)
 5 APPPATH\Controllers\DashboardPengunjung.php(30): view('v_template_pengunjung', [...])
 6 SYSTEMPATH\CodeIgniter.php(933): App\Controllers\DashboardPengunjung->index()
 7 SYSTEMPATH\CodeIgniter.php(509): CodeIgniter\CodeIgniter->runController(Object(App\Controllers\DashboardPengunjung))
 8 SYSTEMPATH\CodeIgniter.php(355): CodeIgniter\CodeIgniter->handleRequest(null, Object(Config\Cache), false)
 9 SYSTEMPATH\Boot.php(325): CodeIgniter\CodeIgniter->run()
10 SYSTEMPATH\Boot.php(67): CodeIgniter\Boot::runCodeIgniter(Object(CodeIgniter\CodeIgniter))
11 FCPATH\index.php(56): CodeIgniter\Boot::bootWeb(Object(Config\Paths))
INFO - 2026-05-07 17:40:24 --> Session: Class initialized using 'CodeIgniter\Session\Handlers\FileHandler' driver.
INFO - 2026-05-07 17:40:24 --> Session: Class initialized using 'CodeIgniter\Session\Handlers\FileHandler' driver.
CRITICAL - 2026-05-07 17:40:25 --> ErrorException: Trying to access array offset on value of type null
[Method: GET, Route: DashboardPengunjung]
in APPPATH\Views\v_template_pengunjung.php on line 60.
 1 APPPATH\Views\v_template_pengunjung.php(60): CodeIgniter\Debug\Exceptions->errorHandler(2, 'Trying to access array offset on value of type null', 'C:\\xampp\\htdocs\\si_ekatalog_ci4\\app\\Views\\v_template_pengunjung.php', 60)
 2 SYSTEMPATH\View\View.php(234): include('C:\\xampp\\htdocs\\si_ekatalog_ci4\\app\\Views\\v_template_pengunjung.php')
 3 SYSTEMPATH\View\View.php(237): CodeIgniter\View\View->CodeIgniter\View\{closure}()
 4 SYSTEMPATH\Common.php(1171): CodeIgniter\View\View->render('v_template_pengunjung', [], true)
 5 APPPATH\Controllers\DashboardPengunjung.php(30): view('v_template_pengunjung', [...])
 6 SYSTEMPATH\CodeIgniter.php(933): App\Controllers\DashboardPengunjung->index()
 7 SYSTEMPATH\CodeIgniter.php(509): CodeIgniter\CodeIgniter->runController(Object(App\Controllers\DashboardPengunjung))
 8 SYSTEMPATH\CodeIgniter.php(355): CodeIgniter\CodeIgniter->handleRequest(null, Object(Config\Cache), false)
 9 SYSTEMPATH\Boot.php(325): CodeIgniter\CodeIgniter->run()
10 SYSTEMPATH\Boot.php(67): CodeIgniter\Boot::runCodeIgniter(Object(CodeIgniter\CodeIgniter))
11 FCPATH\index.php(56): CodeIgniter\Boot::bootWeb(Object(Config\Paths))
INFO - 2026-05-07 17:40:30 --> Session: Class initialized using 'CodeIgniter\Session\Handlers\FileHandler' driver.
INFO - 2026-05-07 17:40:36 --> Session: Class initialized using 'CodeIgniter\Session\Handlers\FileHandler' driver.
INFO - 2026-05-07 17:40:44 --> Session: Class initialized using 'CodeIgniter\Session\Handlers\FileHandler' driver.
INFO - 2026-05-07 17:40:44 --> Session: Class initialized using 'CodeIgniter\Session\Handlers\FileHandler' driver.
INFO - 2026-05-07 17:40:48 --> Session: Class initialized using 'CodeIgniter\Session\Handlers\FileHandler' driver.
INFO - 2026-05-07 17:41:42 --> Session: Class initialized using 'CodeIgniter\Session\Handlers\FileHandler' driver.
INFO - 2026-05-07 17:41:53 --> Session: Class initialized using 'CodeIgniter\Session\Handlers\FileHandler' driver.
INFO - 2026-05-07 17:42:24 --> Session: Class initialized using 'CodeIgniter\Session\Handlers\FileHandler' driver.
INFO - 2026-05-07 17:42:27 --> Session: Class initialized using 'CodeIgniter\Session\Handlers\FileHandler' driver.
INFO - 2026-05-07 17:42:34 --> Session: Class initialized using 'CodeIgniter\Session\Handlers\FileHandler' driver.
INFO - 2026-05-07 17:43:40 --> Session: Class initialized using 'CodeIgniter\Session\Handlers\FileHandler' driver.
INFO - 2026-05-07 17:43:50 --> Session: Class initialized using 'CodeIgniter\Session\Handlers\FileHandler' driver.
INFO - 2026-05-07 17:43:58 --> Session: Class initialized using 'CodeIgniter\Session\Handlers\FileHandler' driver.
INFO - 2026-05-07 17:43:59 --> Session: Class initialized using 'CodeIgniter\Session\Handlers\FileHandler' driver.
INFO - 2026-05-07 17:44:39 --> Session: Class initialized using 'CodeIgniter\Session\Handlers\FileHandler' driver.
INFO - 2026-05-07 17:45:17 --> Session: Class initialized using 'CodeIgniter\Session\Handlers\FileHandler' driver.
INFO - 2026-05-07 17:45:19 --> Session: Class initialized using 'CodeIgniter\Session\Handlers\FileHandler' driver.
INFO - 2026-05-07 17:45:47 --> Session: Class initialized using 'CodeIgniter\Session\Handlers\FileHandler' driver.
INFO - 2026-05-07 17:45:47 --> Session: Class initialized using 'CodeIgniter\Session\Handlers\FileHandler' driver.
INFO - 2026-05-07 17:46:04 --> Session: Class initialized using 'CodeIgniter\Session\Handlers\FileHandler' driver.
INFO - 2026-05-07 17:46:07 --> Session: Class initialized using 'CodeIgniter\Session\Handlers\FileHandler' driver.
INFO - 2026-05-07 17:46:07 --> Session: Class initialized using 'CodeIgniter\Session\Handlers\FileHandler' driver.
INFO - 2026-05-07 17:46:12 --> Session: Class initialized using 'CodeIgniter\Session\Handlers\FileHandler' driver.
INFO - 2026-05-07 17:46:26 --> Session: Class initialized using 'CodeIgniter\Session\Handlers\FileHandler' driver.
INFO - 2026-05-07 17:46:26 --> Session: Class initialized using 'CodeIgniter\Session\Handlers\FileHandler' driver.
INFO - 2026-05-07 17:46:29 --> Session: Class initialized using 'CodeIgniter\Session\Handlers\FileHandler' driver.
INFO - 2026-05-07 17:46:31 --> Session: Class initialized using 'CodeIgniter\Session\Handlers\FileHandler' driver.
INFO - 2026-05-07 17:46:32 --> Session: Class initialized using 'CodeIgniter\Session\Handlers\FileHandler' driver.
INFO - 2026-05-07 17:47:50 --> Session: Class initialized using 'CodeIgniter\Session\Handlers\FileHandler' driver.
INFO - 2026-05-07 17:47:51 --> Session: Class initialized using 'CodeIgniter\Session\Handlers\FileHandler' driver.
INFO - 2026-05-07 17:47:53 --> Session: Class initialized using 'CodeIgniter\Session\Handlers\FileHandler' driver.
INFO - 2026-05-07 17:47:56 --> Session: Class initialized using 'CodeIgniter\Session\Handlers\FileHandler' driver.
INFO - 2026-05-07 17:47:58 --> Session: Class initialized using 'CodeIgniter\Session\Handlers\FileHandler' driver.
INFO - 2026-05-07 17:47:59 --> Session: Class initialized using 'CodeIgniter\Session\Handlers\FileHandler' driver.
INFO - 2026-05-07 17:48:01 --> Session: Class initialized using 'CodeIgniter\Session\Handlers\FileHandler' driver.
ERROR - 2026-05-07 17:48:01 --> mysqli_sql_exception: Unknown column 'id_pengunjung' in 'field list' in C:\xampp\htdocs\si_ekatalog_ci4\system\Database\MySQLi\Connection.php:312
Stack trace:
#0 C:\xampp\htdocs\si_ekatalog_ci4\system\Database\MySQLi\Connection.php(312): mysqli->query('INSERT INTO `tb...', 0)
#1 C:\xampp\htdocs\si_ekatalog_ci4\system\Database\BaseConnection.php(734): CodeIgniter\Database\MySQLi\Connection->execute('INSERT INTO `tb...')
#2 C:\xampp\htdocs\si_ekatalog_ci4\system\Database\BaseConnection.php(648): CodeIgniter\Database\BaseConnection->simpleQuery('INSERT INTO `tb...')
#3 C:\xampp\htdocs\si_ekatalog_ci4\system\Database\BaseBuilder.php(2340): CodeIgniter\Database\BaseConnection->query('INSERT INTO `tb...', Array, false)
#4 C:\xampp\htdocs\si_ekatalog_ci4\app\Models\ModelDownload.php(23): CodeIgniter\Database\BaseBuilder->insert(Array)
#5 C:\xampp\htdocs\si_ekatalog_ci4\app\Controllers\Ebook.php(434): App\Models\ModelDownload->AddData(Array)
#6 C:\xampp\htdocs\si_ekatalog_ci4\system\CodeIgniter.php(933): App\Controllers\Ebook->download('2')
#7 C:\xampp\htdocs\si_ekatalog_ci4\system\CodeIgniter.php(509): CodeIgniter\CodeIgniter->runController(Object(App\Controllers\Ebook))
#8 C:\xampp\htdocs\si_ekatalog_ci4\system\CodeIgniter.php(355): CodeIgniter\CodeIgniter->handleRequest(NULL, Object(Config\Cache), false)
#9 C:\xampp\htdocs\si_ekatalog_ci4\system\Boot.php(325): CodeIgniter\CodeIgniter->run()
#10 C:\xampp\htdocs\si_ekatalog_ci4\system\Boot.php(67): CodeIgniter\Boot::runCodeIgniter(Object(CodeIgniter\CodeIgniter))
#11 C:\xampp\htdocs\si_ekatalog_ci4\public\index.php(56): CodeIgniter\Boot::bootWeb(Object(Config\Paths))
#12 {main}
INFO - 2026-05-07 17:48:01 --> Session: Class initialized using 'CodeIgniter\Session\Handlers\FileHandler' driver.
INFO - 2026-05-07 17:48:10 --> Session: Class initialized using 'CodeIgniter\Session\Handlers\FileHandler' driver.
INFO - 2026-05-07 17:48:12 --> Session: Class initialized using 'CodeIgniter\Session\Handlers\FileHandler' driver.
INFO - 2026-05-07 17:48:14 --> Session: Class initialized using 'CodeIgniter\Session\Handlers\FileHandler' driver.
INFO - 2026-05-07 17:48:15 --> Session: Class initialized using 'CodeIgniter\Session\Handlers\FileHandler' driver.
ERROR - 2026-05-07 17:48:15 --> mysqli_sql_exception: Unknown column 'id_pengunjung' in 'field list' in C:\xampp\htdocs\si_ekatalog_ci4\system\Database\MySQLi\Connection.php:312
Stack trace:
#0 C:\xampp\htdocs\si_ekatalog_ci4\system\Database\MySQLi\Connection.php(312): mysqli->query('INSERT INTO `tb...', 0)
#1 C:\xampp\htdocs\si_ekatalog_ci4\system\Database\BaseConnection.php(734): CodeIgniter\Database\MySQLi\Connection->execute('INSERT INTO `tb...')
#2 C:\xampp\htdocs\si_ekatalog_ci4\system\Database\BaseConnection.php(648): CodeIgniter\Database\BaseConnection->simpleQuery('INSERT INTO `tb...')
#3 C:\xampp\htdocs\si_ekatalog_ci4\system\Database\BaseBuilder.php(2340): CodeIgniter\Database\BaseConnection->query('INSERT INTO `tb...', Array, false)
#4 C:\xampp\htdocs\si_ekatalog_ci4\app\Models\ModelDownload.php(23): CodeIgniter\Database\BaseBuilder->insert(Array)
#5 C:\xampp\htdocs\si_ekatalog_ci4\app\Controllers\Ebook.php(434): App\Models\ModelDownload->AddData(Array)
#6 C:\xampp\htdocs\si_ekatalog_ci4\system\CodeIgniter.php(933): App\Controllers\Ebook->download('2')
#7 C:\xampp\htdocs\si_ekatalog_ci4\system\CodeIgniter.php(509): CodeIgniter\CodeIgniter->runController(Object(App\Controllers\Ebook))
#8 C:\xampp\htdocs\si_ekatalog_ci4\system\CodeIgniter.php(355): CodeIgniter\CodeIgniter->handleRequest(NULL, Object(Config\Cache), false)
#9 C:\xampp\htdocs\si_ekatalog_ci4\system\Boot.php(325): CodeIgniter\CodeIgniter->run()
#10 C:\xampp\htdocs\si_ekatalog_ci4\system\Boot.php(67): CodeIgniter\Boot::runCodeIgniter(Object(CodeIgniter\CodeIgniter))
#11 C:\xampp\htdocs\si_ekatalog_ci4\public\index.php(56): CodeIgniter\Boot::bootWeb(Object(Config\Paths))
#12 {main}
INFO - 2026-05-07 17:48:15 --> Session: Class initialized using 'CodeIgniter\Session\Handlers\FileHandler' driver.
INFO - 2026-05-07 17:50:17 --> Session: Class initialized using 'CodeIgniter\Session\Handlers\FileHandler' driver.
INFO - 2026-05-07 17:50:30 --> Session: Class initialized using 'CodeIgniter\Session\Handlers\FileHandler' driver.
INFO - 2026-05-07 17:51:34 --> Session: Class initialized using 'CodeIgniter\Session\Handlers\FileHandler' driver.
INFO - 2026-05-07 17:51:37 --> Session: Class initialized using 'CodeIgniter\Session\Handlers\FileHandler' driver.
INFO - 2026-05-07 18:03:15 --> Session: Class initialized using 'CodeIgniter\Session\Handlers\FileHandler' driver.
INFO - 2026-05-07 18:03:17 --> Session: Class initialized using 'CodeIgniter\Session\Handlers\FileHandler' driver.
ERROR - 2026-05-07 18:03:17 --> mysqli_sql_exception: Unknown column 'id_pengunjung' in 'field list' in C:\xampp\htdocs\si_ekatalog_ci4\system\Database\MySQLi\Connection.php:312
Stack trace:
#0 C:\xampp\htdocs\si_ekatalog_ci4\system\Database\MySQLi\Connection.php(312): mysqli->query('INSERT INTO `tb...', 0)
#1 C:\xampp\htdocs\si_ekatalog_ci4\system\Database\BaseConnection.php(734): CodeIgniter\Database\MySQLi\Connection->execute('INSERT INTO `tb...')
#2 C:\xampp\htdocs\si_ekatalog_ci4\system\Database\BaseConnection.php(648): CodeIgniter\Database\BaseConnection->simpleQuery('INSERT INTO `tb...')
#3 C:\xampp\htdocs\si_ekatalog_ci4\system\Database\BaseBuilder.php(2340): CodeIgniter\Database\BaseConnection->query('INSERT INTO `tb...', Array, false)
#4 C:\xampp\htdocs\si_ekatalog_ci4\app\Models\ModelDownload.php(23): CodeIgniter\Database\BaseBuilder->insert(Array)
#5 C:\xampp\htdocs\si_ekatalog_ci4\app\Controllers\Ebook.php(434): App\Models\ModelDownload->AddData(Array)
#6 C:\xampp\htdocs\si_ekatalog_ci4\system\CodeIgniter.php(933): App\Controllers\Ebook->download('2')
#7 C:\xampp\htdocs\si_ekatalog_ci4\system\CodeIgniter.php(509): CodeIgniter\CodeIgniter->runController(Object(App\Controllers\Ebook))
#8 C:\xampp\htdocs\si_ekatalog_ci4\system\CodeIgniter.php(355): CodeIgniter\CodeIgniter->handleRequest(NULL, Object(Config\Cache), false)
#9 C:\xampp\htdocs\si_ekatalog_ci4\system\Boot.php(325): CodeIgniter\CodeIgniter->run()
#10 C:\xampp\htdocs\si_ekatalog_ci4\system\Boot.php(67): CodeIgniter\Boot::runCodeIgniter(Object(CodeIgniter\CodeIgniter))
#11 C:\xampp\htdocs\si_ekatalog_ci4\public\index.php(56): CodeIgniter\Boot::bootWeb(Object(Config\Paths))
#12 {main}
INFO - 2026-05-07 18:03:17 --> Session: Class initialized using 'CodeIgniter\Session\Handlers\FileHandler' driver.
INFO - 2026-05-07 18:03:19 --> Session: Class initialized using 'CodeIgniter\Session\Handlers\FileHandler' driver.
INFO - 2026-05-07 18:03:24 --> Session: Class initialized using 'CodeIgniter\Session\Handlers\FileHandler' driver.
INFO - 2026-05-07 18:03:24 --> Session: Class initialized using 'CodeIgniter\Session\Handlers\FileHandler' driver.
INFO - 2026-05-07 18:03:26 --> Session: Class initialized using 'CodeIgniter\Session\Handlers\FileHandler' driver.
INFO - 2026-05-07 18:03:30 --> Session: Class initialized using 'CodeIgniter\Session\Handlers\FileHandler' driver.
INFO - 2026-05-07 18:03:39 --> Session: Class initialized using 'CodeIgniter\Session\Handlers\FileHandler' driver.
INFO - 2026-05-07 18:04:01 --> Session: Class initialized using 'CodeIgniter\Session\Handlers\FileHandler' driver.
INFO - 2026-05-07 18:04:13 --> Session: Class initialized using 'CodeIgniter\Session\Handlers\FileHandler' driver.
INFO - 2026-05-07 18:04:13 --> Session: Class initialized using 'CodeIgniter\Session\Handlers\FileHandler' driver.
INFO - 2026-05-07 18:04:16 --> Session: Class initialized using 'CodeIgniter\Session\Handlers\FileHandler' driver.
INFO - 2026-05-07 18:04:19 --> Session: Class initialized using 'CodeIgniter\Session\Handlers\FileHandler' driver.
INFO - 2026-05-07 18:04:19 --> Session: Class initialized using 'CodeIgniter\Session\Handlers\FileHandler' driver.
INFO - 2026-05-07 18:04:22 --> Session: Class initialized using 'CodeIgniter\Session\Handlers\FileHandler' driver.
INFO - 2026-05-07 18:04:27 --> Session: Class initialized using 'CodeIgniter\Session\Handlers\FileHandler' driver.
INFO - 2026-05-07 18:04:28 --> Session: Class initialized using 'CodeIgniter\Session\Handlers\FileHandler' driver.
INFO - 2026-05-07 18:04:32 --> Session: Class initialized using 'CodeIgniter\Session\Handlers\FileHandler' driver.
INFO - 2026-05-07 18:04:34 --> Session: Class initialized using 'CodeIgniter\Session\Handlers\FileHandler' driver.
INFO - 2026-05-07 18:04:35 --> Session: Class initialized using 'CodeIgniter\Session\Handlers\FileHandler' driver.
INFO - 2026-05-07 18:05:28 --> Session: Class initialized using 'CodeIgniter\Session\Handlers\FileHandler' driver.
INFO - 2026-05-07 18:05:34 --> Session: Class initialized using 'CodeIgniter\Session\Handlers\FileHandler' driver.
CRITICAL - 2026-05-07 18:05:34 --> ErrorException: Trying to access array offset on value of type null
[Method: GET, Route: DashboardPengunjung]
in APPPATH\Views\v_template_pengunjung.php on line 60.
 1 APPPATH\Views\v_template_pengunjung.php(60): CodeIgniter\Debug\Exceptions->errorHandler(2, 'Trying to access array offset on value of type null', 'C:\\xampp\\htdocs\\si_ekatalog_ci4\\app\\Views\\v_template_pengunjung.php', 60)
 2 SYSTEMPATH\View\View.php(234): include('C:\\xampp\\htdocs\\si_ekatalog_ci4\\app\\Views\\v_template_pengunjung.php')
 3 SYSTEMPATH\View\View.php(237): CodeIgniter\View\View->CodeIgniter\View\{closure}()
 4 SYSTEMPATH\Common.php(1171): CodeIgniter\View\View->render('v_template_pengunjung', [], true)
 5 APPPATH\Controllers\DashboardPengunjung.php(30): view('v_template_pengunjung', [...])
 6 SYSTEMPATH\CodeIgniter.php(933): App\Controllers\DashboardPengunjung->index()
 7 SYSTEMPATH\CodeIgniter.php(509): CodeIgniter\CodeIgniter->runController(Object(App\Controllers\DashboardPengunjung))
 8 SYSTEMPATH\CodeIgniter.php(355): CodeIgniter\CodeIgniter->handleRequest(null, Object(Config\Cache), false)
 9 SYSTEMPATH\Boot.php(325): CodeIgniter\CodeIgniter->run()
10 SYSTEMPATH\Boot.php(67): CodeIgniter\Boot::runCodeIgniter(Object(CodeIgniter\CodeIgniter))
11 FCPATH\index.php(56): CodeIgniter\Boot::bootWeb(Object(Config\Paths))
INFO - 2026-05-07 18:05:48 --> Session: Class initialized using 'CodeIgniter\Session\Handlers\FileHandler' driver.
CRITICAL - 2026-05-07 18:05:48 --> ErrorException: Trying to access array offset on value of type null
[Method: GET, Route: DashboardPengunjung]
in APPPATH\Views\v_template_pengunjung.php on line 60.
 1 APPPATH\Views\v_template_pengunjung.php(60): CodeIgniter\Debug\Exceptions->errorHandler(2, 'Trying to access array offset on value of type null', 'C:\\xampp\\htdocs\\si_ekatalog_ci4\\app\\Views\\v_template_pengunjung.php', 60)
 2 SYSTEMPATH\View\View.php(234): include('C:\\xampp\\htdocs\\si_ekatalog_ci4\\app\\Views\\v_template_pengunjung.php')
 3 SYSTEMPATH\View\View.php(237): CodeIgniter\View\View->CodeIgniter\View\{closure}()
 4 SYSTEMPATH\Common.php(1171): CodeIgniter\View\View->render('v_template_pengunjung', [], true)
 5 APPPATH\Controllers\DashboardPengunjung.php(30): view('v_template_pengunjung', [...])
 6 SYSTEMPATH\CodeIgniter.php(933): App\Controllers\DashboardPengunjung->index()
 7 SYSTEMPATH\CodeIgniter.php(509): CodeIgniter\CodeIgniter->runController(Object(App\Controllers\DashboardPengunjung))
 8 SYSTEMPATH\CodeIgniter.php(355): CodeIgniter\CodeIgniter->handleRequest(null, Object(Config\Cache), false)
 9 SYSTEMPATH\Boot.php(325): CodeIgniter\CodeIgniter->run()
10 SYSTEMPATH\Boot.php(67): CodeIgniter\Boot::runCodeIgniter(Object(CodeIgniter\CodeIgniter))
11 FCPATH\index.php(56): CodeIgniter\Boot::bootWeb(Object(Config\Paths))
INFO - 2026-05-07 18:05:49 --> Session: Class initialized using 'CodeIgniter\Session\Handlers\FileHandler' driver.
CRITICAL - 2026-05-07 18:05:49 --> ErrorException: Trying to access array offset on value of type null
[Method: GET, Route: DashboardPengunjung]
in APPPATH\Views\v_template_pengunjung.php on line 60.
 1 APPPATH\Views\v_template_pengunjung.php(60): CodeIgniter\Debug\Exceptions->errorHandler(2, 'Trying to access array offset on value of type null', 'C:\\xampp\\htdocs\\si_ekatalog_ci4\\app\\Views\\v_template_pengunjung.php', 60)
 2 SYSTEMPATH\View\View.php(234): include('C:\\xampp\\htdocs\\si_ekatalog_ci4\\app\\Views\\v_template_pengunjung.php')
 3 SYSTEMPATH\View\View.php(237): CodeIgniter\View\View->CodeIgniter\View\{closure}()
 4 SYSTEMPATH\Common.php(1171): CodeIgniter\View\View->render('v_template_pengunjung', [], true)
 5 APPPATH\Controllers\DashboardPengunjung.php(30): view('v_template_pengunjung', [...])
 6 SYSTEMPATH\CodeIgniter.php(933): App\Controllers\DashboardPengunjung->index()
 7 SYSTEMPATH\CodeIgniter.php(509): CodeIgniter\CodeIgniter->runController(Object(App\Controllers\DashboardPengunjung))
 8 SYSTEMPATH\CodeIgniter.php(355): CodeIgniter\CodeIgniter->handleRequest(null, Object(Config\Cache), false)
 9 SYSTEMPATH\Boot.php(325): CodeIgniter\CodeIgniter->run()
10 SYSTEMPATH\Boot.php(67): CodeIgniter\Boot::runCodeIgniter(Object(CodeIgniter\CodeIgniter))
11 FCPATH\index.php(56): CodeIgniter\Boot::bootWeb(Object(Config\Paths))
INFO - 2026-05-07 18:10:30 --> Session: Class initialized using 'CodeIgniter\Session\Handlers\FileHandler' driver.
CRITICAL - 2026-05-07 18:10:30 --> ErrorException: Trying to access array offset on value of type null
[Method: GET, Route: DashboardPengunjung]
in APPPATH\Views\v_template_pengunjung.php on line 60.
 1 APPPATH\Views\v_template_pengunjung.php(60): CodeIgniter\Debug\Exceptions->errorHandler(2, 'Trying to access array offset on value of type null', 'C:\\xampp\\htdocs\\si_ekatalog_ci4\\app\\Views\\v_template_pengunjung.php', 60)
 2 SYSTEMPATH\View\View.php(234): include('C:\\xampp\\htdocs\\si_ekatalog_ci4\\app\\Views\\v_template_pengunjung.php')
 3 SYSTEMPATH\View\View.php(237): CodeIgniter\View\View->CodeIgniter\View\{closure}()
 4 SYSTEMPATH\Common.php(1171): CodeIgniter\View\View->render('v_template_pengunjung', [], true)
 5 APPPATH\Controllers\DashboardPengunjung.php(30): view('v_template_pengunjung', [...])
 6 SYSTEMPATH\CodeIgniter.php(933): App\Controllers\DashboardPengunjung->index()
 7 SYSTEMPATH\CodeIgniter.php(509): CodeIgniter\CodeIgniter->runController(Object(App\Controllers\DashboardPengunjung))
 8 SYSTEMPATH\CodeIgniter.php(355): CodeIgniter\CodeIgniter->handleRequest(null, Object(Config\Cache), false)
 9 SYSTEMPATH\Boot.php(325): CodeIgniter\CodeIgniter->run()
10 SYSTEMPATH\Boot.php(67): CodeIgniter\Boot::runCodeIgniter(Object(CodeIgniter\CodeIgniter))
11 FCPATH\index.php(56): CodeIgniter\Boot::bootWeb(Object(Config\Paths))
INFO - 2026-05-07 18:10:31 --> Session: Class initialized using 'CodeIgniter\Session\Handlers\FileHandler' driver.
CRITICAL - 2026-05-07 18:10:31 --> ErrorException: Trying to access array offset on value of type null
[Method: GET, Route: DashboardPengunjung]
in APPPATH\Views\v_template_pengunjung.php on line 60.
 1 APPPATH\Views\v_template_pengunjung.php(60): CodeIgniter\Debug\Exceptions->errorHandler(2, 'Trying to access array offset on value of type null', 'C:\\xampp\\htdocs\\si_ekatalog_ci4\\app\\Views\\v_template_pengunjung.php', 60)
 2 SYSTEMPATH\View\View.php(234): include('C:\\xampp\\htdocs\\si_ekatalog_ci4\\app\\Views\\v_template_pengunjung.php')
 3 SYSTEMPATH\View\View.php(237): CodeIgniter\View\View->CodeIgniter\View\{closure}()
 4 SYSTEMPATH\Common.php(1171): CodeIgniter\View\View->render('v_template_pengunjung', [], true)
 5 APPPATH\Controllers\DashboardPengunjung.php(30): view('v_template_pengunjung', [...])
 6 SYSTEMPATH\CodeIgniter.php(933): App\Controllers\DashboardPengunjung->index()
 7 SYSTEMPATH\CodeIgniter.php(509): CodeIgniter\CodeIgniter->runController(Object(App\Controllers\DashboardPengunjung))
 8 SYSTEMPATH\CodeIgniter.php(355): CodeIgniter\CodeIgniter->handleRequest(null, Object(Config\Cache), false)
 9 SYSTEMPATH\Boot.php(325): CodeIgniter\CodeIgniter->run()
10 SYSTEMPATH\Boot.php(67): CodeIgniter\Boot::runCodeIgniter(Object(CodeIgniter\CodeIgniter))
11 FCPATH\index.php(56): CodeIgniter\Boot::bootWeb(Object(Config\Paths))
INFO - 2026-05-07 18:10:32 --> Session: Class initialized using 'CodeIgniter\Session\Handlers\FileHandler' driver.
INFO - 2026-05-07 18:10:34 --> Session: Class initialized using 'CodeIgniter\Session\Handlers\FileHandler' driver.
INFO - 2026-05-07 18:10:36 --> Session: Class initialized using 'CodeIgniter\Session\Handlers\FileHandler' driver.
INFO - 2026-05-07 18:10:38 --> Session: Class initialized using 'CodeIgniter\Session\Handlers\FileHandler' driver.
INFO - 2026-05-07 18:10:39 --> Session: Class initialized using 'CodeIgniter\Session\Handlers\FileHandler' driver.
INFO - 2026-05-07 18:10:40 --> Session: Class initialized using 'CodeIgniter\Session\Handlers\FileHandler' driver.
CRITICAL - 2026-05-07 18:10:40 --> ErrorException: Trying to access array offset on value of type null
[Method: GET, Route: DashboardPengunjung]
in APPPATH\Views\v_template_pengunjung.php on line 60.
 1 APPPATH\Views\v_template_pengunjung.php(60): CodeIgniter\Debug\Exceptions->errorHandler(2, 'Trying to access array offset on value of type null', 'C:\\xampp\\htdocs\\si_ekatalog_ci4\\app\\Views\\v_template_pengunjung.php', 60)
 2 SYSTEMPATH\View\View.php(234): include('C:\\xampp\\htdocs\\si_ekatalog_ci4\\app\\Views\\v_template_pengunjung.php')
 3 SYSTEMPATH\View\View.php(237): CodeIgniter\View\View->CodeIgniter\View\{closure}()
 4 SYSTEMPATH\Common.php(1171): CodeIgniter\View\View->render('v_template_pengunjung', [], true)
 5 APPPATH\Controllers\DashboardPengunjung.php(30): view('v_template_pengunjung', [...])
 6 SYSTEMPATH\CodeIgniter.php(933): App\Controllers\DashboardPengunjung->index()
 7 SYSTEMPATH\CodeIgniter.php(509): CodeIgniter\CodeIgniter->runController(Object(App\Controllers\DashboardPengunjung))
 8 SYSTEMPATH\CodeIgniter.php(355): CodeIgniter\CodeIgniter->handleRequest(null, Object(Config\Cache), false)
 9 SYSTEMPATH\Boot.php(325): CodeIgniter\CodeIgniter->run()
10 SYSTEMPATH\Boot.php(67): CodeIgniter\Boot::runCodeIgniter(Object(CodeIgniter\CodeIgniter))
11 FCPATH\index.php(56): CodeIgniter\Boot::bootWeb(Object(Config\Paths))
INFO - 2026-05-07 18:14:16 --> Session: Class initialized using 'CodeIgniter\Session\Handlers\FileHandler' driver.
CRITICAL - 2026-05-07 18:14:16 --> ErrorException: Trying to access array offset on value of type null
[Method: GET, Route: DashboardPengunjung]
in APPPATH\Views\v_template_pengunjung.php on line 60.
 1 APPPATH\Views\v_template_pengunjung.php(60): CodeIgniter\Debug\Exceptions->errorHandler(2, 'Trying to access array offset on value of type null', 'C:\\xampp\\htdocs\\si_ekatalog_ci4\\app\\Views\\v_template_pengunjung.php', 60)
 2 SYSTEMPATH\View\View.php(234): include('C:\\xampp\\htdocs\\si_ekatalog_ci4\\app\\Views\\v_template_pengunjung.php')
 3 SYSTEMPATH\View\View.php(237): CodeIgniter\View\View->CodeIgniter\View\{closure}()
 4 SYSTEMPATH\Common.php(1171): CodeIgniter\View\View->render('v_template_pengunjung', [], true)
 5 APPPATH\Controllers\DashboardPengunjung.php(30): view('v_template_pengunjung', [...])
 6 SYSTEMPATH\CodeIgniter.php(933): App\Controllers\DashboardPengunjung->index()
 7 SYSTEMPATH\CodeIgniter.php(509): CodeIgniter\CodeIgniter->runController(Object(App\Controllers\DashboardPengunjung))
 8 SYSTEMPATH\CodeIgniter.php(355): CodeIgniter\CodeIgniter->handleRequest(null, Object(Config\Cache), false)
 9 SYSTEMPATH\Boot.php(325): CodeIgniter\CodeIgniter->run()
10 SYSTEMPATH\Boot.php(67): CodeIgniter\Boot::runCodeIgniter(Object(CodeIgniter\CodeIgniter))
11 FCPATH\index.php(56): CodeIgniter\Boot::bootWeb(Object(Config\Paths))
INFO - 2026-05-07 18:14:18 --> Session: Class initialized using 'CodeIgniter\Session\Handlers\FileHandler' driver.
CRITICAL - 2026-05-07 18:14:18 --> ErrorException: Trying to access array offset on value of type null
[Method: GET, Route: DashboardPengunjung]
in APPPATH\Views\v_template_pengunjung.php on line 60.
 1 APPPATH\Views\v_template_pengunjung.php(60): CodeIgniter\Debug\Exceptions->errorHandler(2, 'Trying to access array offset on value of type null', 'C:\\xampp\\htdocs\\si_ekatalog_ci4\\app\\Views\\v_template_pengunjung.php', 60)
 2 SYSTEMPATH\View\View.php(234): include('C:\\xampp\\htdocs\\si_ekatalog_ci4\\app\\Views\\v_template_pengunjung.php')
 3 SYSTEMPATH\View\View.php(237): CodeIgniter\View\View->CodeIgniter\View\{closure}()
 4 SYSTEMPATH\Common.php(1171): CodeIgniter\View\View->render('v_template_pengunjung', [], true)
 5 APPPATH\Controllers\DashboardPengunjung.php(30): view('v_template_pengunjung', [...])
 6 SYSTEMPATH\CodeIgniter.php(933): App\Controllers\DashboardPengunjung->index()
 7 SYSTEMPATH\CodeIgniter.php(509): CodeIgniter\CodeIgniter->runController(Object(App\Controllers\DashboardPengunjung))
 8 SYSTEMPATH\CodeIgniter.php(355): CodeIgniter\CodeIgniter->handleRequest(null, Object(Config\Cache), false)
 9 SYSTEMPATH\Boot.php(325): CodeIgniter\CodeIgniter->run()
10 SYSTEMPATH\Boot.php(67): CodeIgniter\Boot::runCodeIgniter(Object(CodeIgniter\CodeIgniter))
11 FCPATH\index.php(56): CodeIgniter\Boot::bootWeb(Object(Config\Paths))
INFO - 2026-05-07 18:14:19 --> Session: Class initialized using 'CodeIgniter\Session\Handlers\FileHandler' driver.
INFO - 2026-05-07 18:14:20 --> Session: Class initialized using 'CodeIgniter\Session\Handlers\FileHandler' driver.
INFO - 2026-05-07 18:14:20 --> Session: Class initialized using 'CodeIgniter\Session\Handlers\FileHandler' driver.
INFO - 2026-05-07 18:14:24 --> Session: Class initialized using 'CodeIgniter\Session\Handlers\FileHandler' driver.
INFO - 2026-05-07 18:14:24 --> Session: Class initialized using 'CodeIgniter\Session\Handlers\FileHandler' driver.
INFO - 2026-05-07 18:14:25 --> Session: Class initialized using 'CodeIgniter\Session\Handlers\FileHandler' driver.
INFO - 2026-05-07 18:14:29 --> Session: Class initialized using 'CodeIgniter\Session\Handlers\FileHandler' driver.
INFO - 2026-05-07 18:14:31 --> Session: Class initialized using 'CodeIgniter\Session\Handlers\FileHandler' driver.
INFO - 2026-05-07 18:14:32 --> Session: Class initialized using 'CodeIgniter\Session\Handlers\FileHandler' driver.
INFO - 2026-05-07 18:14:50 --> Session: Class initialized using 'CodeIgniter\Session\Handlers\FileHandler' driver.
INFO - 2026-05-07 18:14:51 --> Session: Class initialized using 'CodeIgniter\Session\Handlers\FileHandler' driver.
INFO - 2026-05-07 18:14:52 --> Session: Class initialized using 'CodeIgniter\Session\Handlers\FileHandler' driver.
INFO - 2026-05-07 18:14:54 --> Session: Class initialized using 'CodeIgniter\Session\Handlers\FileHandler' driver.
INFO - 2026-05-07 18:14:54 --> Session: Class initialized using 'CodeIgniter\Session\Handlers\FileHandler' driver.
CRITICAL - 2026-05-07 18:14:54 --> ErrorException: Trying to access array offset on value of type null
[Method: GET, Route: DashboardPengunjung]
in APPPATH\Views\v_template_pengunjung.php on line 60.
 1 APPPATH\Views\v_template_pengunjung.php(60): CodeIgniter\Debug\Exceptions->errorHandler(2, 'Trying to access array offset on value of type null', 'C:\\xampp\\htdocs\\si_ekatalog_ci4\\app\\Views\\v_template_pengunjung.php', 60)
 2 SYSTEMPATH\View\View.php(234): include('C:\\xampp\\htdocs\\si_ekatalog_ci4\\app\\Views\\v_template_pengunjung.php')
 3 SYSTEMPATH\View\View.php(237): CodeIgniter\View\View->CodeIgniter\View\{closure}()
 4 SYSTEMPATH\Common.php(1171): CodeIgniter\View\View->render('v_template_pengunjung', [], true)
 5 APPPATH\Controllers\DashboardPengunjung.php(30): view('v_template_pengunjung', [...])
 6 SYSTEMPATH\CodeIgniter.php(933): App\Controllers\DashboardPengunjung->index()
 7 SYSTEMPATH\CodeIgniter.php(509): CodeIgniter\CodeIgniter->runController(Object(App\Controllers\DashboardPengunjung))
 8 SYSTEMPATH\CodeIgniter.php(355): CodeIgniter\CodeIgniter->handleRequest(null, Object(Config\Cache), false)
 9 SYSTEMPATH\Boot.php(325): CodeIgniter\CodeIgniter->run()
10 SYSTEMPATH\Boot.php(67): CodeIgniter\Boot::runCodeIgniter(Object(CodeIgniter\CodeIgniter))
11 FCPATH\index.php(56): CodeIgniter\Boot::bootWeb(Object(Config\Paths))
INFO - 2026-05-07 18:15:00 --> Session: Class initialized using 'CodeIgniter\Session\Handlers\FileHandler' driver.
INFO - 2026-05-07 18:15:02 --> Session: Class initialized using 'CodeIgniter\Session\Handlers\FileHandler' driver.
INFO - 2026-05-07 18:15:02 --> Session: Class initialized using 'CodeIgniter\Session\Handlers\FileHandler' driver.
CRITICAL - 2026-05-07 18:15:02 --> ErrorException: Trying to access array offset on value of type null
[Method: GET, Route: DashboardPengunjung]
in APPPATH\Views\v_template_pengunjung.php on line 60.
 1 APPPATH\Views\v_template_pengunjung.php(60): CodeIgniter\Debug\Exceptions->errorHandler(2, 'Trying to access array offset on value of type null', 'C:\\xampp\\htdocs\\si_ekatalog_ci4\\app\\Views\\v_template_pengunjung.php', 60)
 2 SYSTEMPATH\View\View.php(234): include('C:\\xampp\\htdocs\\si_ekatalog_ci4\\app\\Views\\v_template_pengunjung.php')
 3 SYSTEMPATH\View\View.php(237): CodeIgniter\View\View->CodeIgniter\View\{closure}()
 4 SYSTEMPATH\Common.php(1171): CodeIgniter\View\View->render('v_template_pengunjung', [], true)
 5 APPPATH\Controllers\DashboardPengunjung.php(30): view('v_template_pengunjung', [...])
 6 SYSTEMPATH\CodeIgniter.php(933): App\Controllers\DashboardPengunjung->index()
 7 SYSTEMPATH\CodeIgniter.php(509): CodeIgniter\CodeIgniter->runController(Object(App\Controllers\DashboardPengunjung))
 8 SYSTEMPATH\CodeIgniter.php(355): CodeIgniter\CodeIgniter->handleRequest(null, Object(Config\Cache), false)
 9 SYSTEMPATH\Boot.php(325): CodeIgniter\CodeIgniter->run()
10 SYSTEMPATH\Boot.php(67): CodeIgniter\Boot::runCodeIgniter(Object(CodeIgniter\CodeIgniter))
11 FCPATH\index.php(56): CodeIgniter\Boot::bootWeb(Object(Config\Paths))
INFO - 2026-05-07 18:15:33 --> Session: Class initialized using 'CodeIgniter\Session\Handlers\FileHandler' driver.
INFO - 2026-05-07 18:15:34 --> Session: Class initialized using 'CodeIgniter\Session\Handlers\FileHandler' driver.
INFO - 2026-05-07 18:15:35 --> Session: Class initialized using 'CodeIgniter\Session\Handlers\FileHandler' driver.
INFO - 2026-05-07 18:15:45 --> Session: Class initialized using 'CodeIgniter\Session\Handlers\FileHandler' driver.
INFO - 2026-05-07 18:15:45 --> Session: Class initialized using 'CodeIgniter\Session\Handlers\FileHandler' driver.
INFO - 2026-05-07 18:15:48 --> Session: Class initialized using 'CodeIgniter\Session\Handlers\FileHandler' driver.
INFO - 2026-05-07 18:15:50 --> Session: Class initialized using 'CodeIgniter\Session\Handlers\FileHandler' driver.
INFO - 2026-05-07 18:15:54 --> Session: Class initialized using 'CodeIgniter\Session\Handlers\FileHandler' driver.
INFO - 2026-05-07 18:15:55 --> Session: Class initialized using 'CodeIgniter\Session\Handlers\FileHandler' driver.
ERROR - 2026-05-07 18:15:55 --> mysqli_sql_exception: Unknown column 'id_pengunjung' in 'field list' in C:\xampp\htdocs\si_ekatalog_ci4\system\Database\MySQLi\Connection.php:312
Stack trace:
#0 C:\xampp\htdocs\si_ekatalog_ci4\system\Database\MySQLi\Connection.php(312): mysqli->query('INSERT INTO `tb...', 0)
#1 C:\xampp\htdocs\si_ekatalog_ci4\system\Database\BaseConnection.php(734): CodeIgniter\Database\MySQLi\Connection->execute('INSERT INTO `tb...')
#2 C:\xampp\htdocs\si_ekatalog_ci4\system\Database\BaseConnection.php(648): CodeIgniter\Database\BaseConnection->simpleQuery('INSERT INTO `tb...')
#3 C:\xampp\htdocs\si_ekatalog_ci4\system\Database\BaseBuilder.php(2340): CodeIgniter\Database\BaseConnection->query('INSERT INTO `tb...', Array, false)
#4 C:\xampp\htdocs\si_ekatalog_ci4\app\Models\ModelDownload.php(23): CodeIgniter\Database\BaseBuilder->insert(Array)
#5 C:\xampp\htdocs\si_ekatalog_ci4\app\Controllers\Ebook.php(434): App\Models\ModelDownload->AddData(Array)
#6 C:\xampp\htdocs\si_ekatalog_ci4\system\CodeIgniter.php(933): App\Controllers\Ebook->download('2')
#7 C:\xampp\htdocs\si_ekatalog_ci4\system\CodeIgniter.php(509): CodeIgniter\CodeIgniter->runController(Object(App\Controllers\Ebook))
#8 C:\xampp\htdocs\si_ekatalog_ci4\system\CodeIgniter.php(355): CodeIgniter\CodeIgniter->handleRequest(NULL, Object(Config\Cache), false)
#9 C:\xampp\htdocs\si_ekatalog_ci4\system\Boot.php(325): CodeIgniter\CodeIgniter->run()
#10 C:\xampp\htdocs\si_ekatalog_ci4\system\Boot.php(67): CodeIgniter\Boot::runCodeIgniter(Object(CodeIgniter\CodeIgniter))
#11 C:\xampp\htdocs\si_ekatalog_ci4\public\index.php(56): CodeIgniter\Boot::bootWeb(Object(Config\Paths))
#12 {main}
INFO - 2026-05-07 18:15:55 --> Session: Class initialized using 'CodeIgniter\Session\Handlers\FileHandler' driver.
INFO - 2026-05-07 18:15:57 --> Session: Class initialized using 'CodeIgniter\Session\Handlers\FileHandler' driver.
ERROR - 2026-05-07 18:15:57 --> mysqli_sql_exception: Unknown column 'id_pengunjung' in 'field list' in C:\xampp\htdocs\si_ekatalog_ci4\system\Database\MySQLi\Connection.php:312
Stack trace:
#0 C:\xampp\htdocs\si_ekatalog_ci4\system\Database\MySQLi\Connection.php(312): mysqli->query('INSERT INTO `tb...', 0)
#1 C:\xampp\htdocs\si_ekatalog_ci4\system\Database\BaseConnection.php(734): CodeIgniter\Database\MySQLi\Connection->execute('INSERT INTO `tb...')
#2 C:\xampp\htdocs\si_ekatalog_ci4\system\Database\BaseConnection.php(648): CodeIgniter\Database\BaseConnection->simpleQuery('INSERT INTO `tb...')
#3 C:\xampp\htdocs\si_ekatalog_ci4\system\Database\BaseBuilder.php(2340): CodeIgniter\Database\BaseConnection->query('INSERT INTO `tb...', Array, false)
#4 C:\xampp\htdocs\si_ekatalog_ci4\app\Models\ModelDownload.php(23): CodeIgniter\Database\BaseBuilder->insert(Array)
#5 C:\xampp\htdocs\si_ekatalog_ci4\app\Controllers\Ebook.php(434): App\Models\ModelDownload->AddData(Array)
#6 C:\xampp\htdocs\si_ekatalog_ci4\system\CodeIgniter.php(933): App\Controllers\Ebook->download('2')
#7 C:\xampp\htdocs\si_ekatalog_ci4\system\CodeIgniter.php(509): CodeIgniter\CodeIgniter->runController(Object(App\Controllers\Ebook))
#8 C:\xampp\htdocs\si_ekatalog_ci4\system\CodeIgniter.php(355): CodeIgniter\CodeIgniter->handleRequest(NULL, Object(Config\Cache), false)
#9 C:\xampp\htdocs\si_ekatalog_ci4\system\Boot.php(325): CodeIgniter\CodeIgniter->run()
#10 C:\xampp\htdocs\si_ekatalog_ci4\system\Boot.php(67): CodeIgniter\Boot::runCodeIgniter(Object(CodeIgniter\CodeIgniter))
#11 C:\xampp\htdocs\si_ekatalog_ci4\public\index.php(56): CodeIgniter\Boot::bootWeb(Object(Config\Paths))
#12 {main}
INFO - 2026-05-07 18:15:57 --> Session: Class initialized using 'CodeIgniter\Session\Handlers\FileHandler' driver.
INFO - 2026-05-07 18:15:58 --> Session: Class initialized using 'CodeIgniter\Session\Handlers\FileHandler' driver.
ERROR - 2026-05-07 18:15:58 --> mysqli_sql_exception: Unknown column 'id_pengunjung' in 'field list' in C:\xampp\htdocs\si_ekatalog_ci4\system\Database\MySQLi\Connection.php:312
Stack trace:
#0 C:\xampp\htdocs\si_ekatalog_ci4\system\Database\MySQLi\Connection.php(312): mysqli->query('INSERT INTO `tb...', 0)
#1 C:\xampp\htdocs\si_ekatalog_ci4\system\Database\BaseConnection.php(734): CodeIgniter\Database\MySQLi\Connection->execute('INSERT INTO `tb...')
#2 C:\xampp\htdocs\si_ekatalog_ci4\system\Database\BaseConnection.php(648): CodeIgniter\Database\BaseConnection->simpleQuery('INSERT INTO `tb...')
#3 C:\xampp\htdocs\si_ekatalog_ci4\system\Database\BaseBuilder.php(2340): CodeIgniter\Database\BaseConnection->query('INSERT INTO `tb...', Array, false)
#4 C:\xampp\htdocs\si_ekatalog_ci4\app\Models\ModelDownload.php(23): CodeIgniter\Database\BaseBuilder->insert(Array)
#5 C:\xampp\htdocs\si_ekatalog_ci4\app\Controllers\Ebook.php(434): App\Models\ModelDownload->AddData(Array)
#6 C:\xampp\htdocs\si_ekatalog_ci4\system\CodeIgniter.php(933): App\Controllers\Ebook->download('2')
#7 C:\xampp\htdocs\si_ekatalog_ci4\system\CodeIgniter.php(509): CodeIgniter\CodeIgniter->runController(Object(App\Controllers\Ebook))
#8 C:\xampp\htdocs\si_ekatalog_ci4\system\CodeIgniter.php(355): CodeIgniter\CodeIgniter->handleRequest(NULL, Object(Config\Cache), false)
#9 C:\xampp\htdocs\si_ekatalog_ci4\system\Boot.php(325): CodeIgniter\CodeIgniter->run()
#10 C:\xampp\htdocs\si_ekatalog_ci4\system\Boot.php(67): CodeIgniter\Boot::runCodeIgniter(Object(CodeIgniter\CodeIgniter))
#11 C:\xampp\htdocs\si_ekatalog_ci4\public\index.php(56): CodeIgniter\Boot::bootWeb(Object(Config\Paths))
#12 {main}
INFO - 2026-05-07 18:15:58 --> Session: Class initialized using 'CodeIgniter\Session\Handlers\FileHandler' driver.
INFO - 2026-05-07 18:16:00 --> Session: Class initialized using 'CodeIgniter\Session\Handlers\FileHandler' driver.
ERROR - 2026-05-07 18:16:00 --> mysqli_sql_exception: Unknown column 'id_pengunjung' in 'field list' in C:\xampp\htdocs\si_ekatalog_ci4\system\Database\MySQLi\Connection.php:312
Stack trace:
#0 C:\xampp\htdocs\si_ekatalog_ci4\system\Database\MySQLi\Connection.php(312): mysqli->query('INSERT INTO `tb...', 0)
#1 C:\xampp\htdocs\si_ekatalog_ci4\system\Database\BaseConnection.php(734): CodeIgniter\Database\MySQLi\Connection->execute('INSERT INTO `tb...')
#2 C:\xampp\htdocs\si_ekatalog_ci4\system\Database\BaseConnection.php(648): CodeIgniter\Database\BaseConnection->simpleQuery('INSERT INTO `tb...')
#3 C:\xampp\htdocs\si_ekatalog_ci4\system\Database\BaseBuilder.php(2340): CodeIgniter\Database\BaseConnection->query('INSERT INTO `tb...', Array, false)
#4 C:\xampp\htdocs\si_ekatalog_ci4\app\Models\ModelDownload.php(23): CodeIgniter\Database\BaseBuilder->insert(Array)
#5 C:\xampp\htdocs\si_ekatalog_ci4\app\Controllers\Ebook.php(434): App\Models\ModelDownload->AddData(Array)
#6 C:\xampp\htdocs\si_ekatalog_ci4\system\CodeIgniter.php(933): App\Controllers\Ebook->download('2')
#7 C:\xampp\htdocs\si_ekatalog_ci4\system\CodeIgniter.php(509): CodeIgniter\CodeIgniter->runController(Object(App\Controllers\Ebook))
#8 C:\xampp\htdocs\si_ekatalog_ci4\system\CodeIgniter.php(355): CodeIgniter\CodeIgniter->handleRequest(NULL, Object(Config\Cache), false)
#9 C:\xampp\htdocs\si_ekatalog_ci4\system\Boot.php(325): CodeIgniter\CodeIgniter->run()
#10 C:\xampp\htdocs\si_ekatalog_ci4\system\Boot.php(67): CodeIgniter\Boot::runCodeIgniter(Object(CodeIgniter\CodeIgniter))
#11 C:\xampp\htdocs\si_ekatalog_ci4\public\index.php(56): CodeIgniter\Boot::bootWeb(Object(Config\Paths))
#12 {main}
INFO - 2026-05-07 18:16:00 --> Session: Class initialized using 'CodeIgniter\Session\Handlers\FileHandler' driver.
INFO - 2026-05-07 18:16:14 --> Session: Class initialized using 'CodeIgniter\Session\Handlers\FileHandler' driver.
INFO - 2026-05-07 18:16:15 --> Session: Class initialized using 'CodeIgniter\Session\Handlers\FileHandler' driver.
ERROR - 2026-05-07 18:16:15 --> mysqli_sql_exception: Unknown column 'id_pengunjung' in 'field list' in C:\xampp\htdocs\si_ekatalog_ci4\system\Database\MySQLi\Connection.php:312
Stack trace:
#0 C:\xampp\htdocs\si_ekatalog_ci4\system\Database\MySQLi\Connection.php(312): mysqli->query('INSERT INTO `tb...', 0)
#1 C:\xampp\htdocs\si_ekatalog_ci4\system\Database\BaseConnection.php(734): CodeIgniter\Database\MySQLi\Connection->execute('INSERT INTO `tb...')
#2 C:\xampp\htdocs\si_ekatalog_ci4\system\Database\BaseConnection.php(648): CodeIgniter\Database\BaseConnection->simpleQuery('INSERT INTO `tb...')
#3 C:\xampp\htdocs\si_ekatalog_ci4\system\Database\BaseBuilder.php(2340): CodeIgniter\Database\BaseConnection->query('INSERT INTO `tb...', Array, false)
#4 C:\xampp\htdocs\si_ekatalog_ci4\app\Models\ModelDownload.php(23): CodeIgniter\Database\BaseBuilder->insert(Array)
#5 C:\xampp\htdocs\si_ekatalog_ci4\app\Controllers\Ebook.php(434): App\Models\ModelDownload->AddData(Array)
#6 C:\xampp\htdocs\si_ekatalog_ci4\system\CodeIgniter.php(933): App\Controllers\Ebook->download('2')
#7 C:\xampp\htdocs\si_ekatalog_ci4\system\CodeIgniter.php(509): CodeIgniter\CodeIgniter->runController(Object(App\Controllers\Ebook))
#8 C:\xampp\htdocs\si_ekatalog_ci4\system\CodeIgniter.php(355): CodeIgniter\CodeIgniter->handleRequest(NULL, Object(Config\Cache), false)
#9 C:\xampp\htdocs\si_ekatalog_ci4\system\Boot.php(325): CodeIgniter\CodeIgniter->run()
#10 C:\xampp\htdocs\si_ekatalog_ci4\system\Boot.php(67): CodeIgniter\Boot::runCodeIgniter(Object(CodeIgniter\CodeIgniter))
#11 C:\xampp\htdocs\si_ekatalog_ci4\public\index.php(56): CodeIgniter\Boot::bootWeb(Object(Config\Paths))
#12 {main}
INFO - 2026-05-07 18:16:15 --> Session: Class initialized using 'CodeIgniter\Session\Handlers\FileHandler' driver.
INFO - 2026-05-07 18:21:46 --> Session: Class initialized using 'CodeIgniter\Session\Handlers\FileHandler' driver.
INFO - 2026-05-07 18:21:51 --> Session: Class initialized using 'CodeIgniter\Session\Handlers\FileHandler' driver.
INFO - 2026-05-07 18:21:56 --> Session: Class initialized using 'CodeIgniter\Session\Handlers\FileHandler' driver.
INFO - 2026-05-07 18:21:58 --> Session: Class initialized using 'CodeIgniter\Session\Handlers\FileHandler' driver.
INFO - 2026-05-07 18:24:07 --> Session: Class initialized using 'CodeIgniter\Session\Handlers\FileHandler' driver.
ERROR - 2026-05-07 18:24:07 --> mysqli_sql_exception: Unknown column 'id_pengunjung' in 'field list' in C:\xampp\htdocs\si_ekatalog_ci4\system\Database\MySQLi\Connection.php:312
Stack trace:
#0 C:\xampp\htdocs\si_ekatalog_ci4\system\Database\MySQLi\Connection.php(312): mysqli->query('INSERT INTO `tb...', 0)
#1 C:\xampp\htdocs\si_ekatalog_ci4\system\Database\BaseConnection.php(734): CodeIgniter\Database\MySQLi\Connection->execute('INSERT INTO `tb...')
#2 C:\xampp\htdocs\si_ekatalog_ci4\system\Database\BaseConnection.php(648): CodeIgniter\Database\BaseConnection->simpleQuery('INSERT INTO `tb...')
#3 C:\xampp\htdocs\si_ekatalog_ci4\system\Database\BaseBuilder.php(2340): CodeIgniter\Database\BaseConnection->query('INSERT INTO `tb...', Array, false)
#4 C:\xampp\htdocs\si_ekatalog_ci4\app\Models\ModelDownload.php(23): CodeIgniter\Database\BaseBuilder->insert(Array)
#5 C:\xampp\htdocs\si_ekatalog_ci4\app\Controllers\Ebook.php(434): App\Models\ModelDownload->AddData(Array)
#6 C:\xampp\htdocs\si_ekatalog_ci4\system\CodeIgniter.php(933): App\Controllers\Ebook->download('2')
#7 C:\xampp\htdocs\si_ekatalog_ci4\system\CodeIgniter.php(509): CodeIgniter\CodeIgniter->runController(Object(App\Controllers\Ebook))
#8 C:\xampp\htdocs\si_ekatalog_ci4\system\CodeIgniter.php(355): CodeIgniter\CodeIgniter->handleRequest(NULL, Object(Config\Cache), false)
#9 C:\xampp\htdocs\si_ekatalog_ci4\system\Boot.php(325): CodeIgniter\CodeIgniter->run()
#10 C:\xampp\htdocs\si_ekatalog_ci4\system\Boot.php(67): CodeIgniter\Boot::runCodeIgniter(Object(CodeIgniter\CodeIgniter))
#11 C:\xampp\htdocs\si_ekatalog_ci4\public\index.php(56): CodeIgniter\Boot::bootWeb(Object(Config\Paths))
#12 {main}
INFO - 2026-05-07 18:24:07 --> Session: Class initialized using 'CodeIgniter\Session\Handlers\FileHandler' driver.
INFO - 2026-05-07 18:24:08 --> Session: Class initialized using 'CodeIgniter\Session\Handlers\FileHandler' driver.
INFO - 2026-05-07 18:24:09 --> Session: Class initialized using 'CodeIgniter\Session\Handlers\FileHandler' driver.
INFO - 2026-05-07 18:24:11 --> Session: Class initialized using 'CodeIgniter\Session\Handlers\FileHandler' driver.
ERROR - 2026-05-07 18:24:11 --> mysqli_sql_exception: Unknown column 'id_pengunjung' in 'field list' in C:\xampp\htdocs\si_ekatalog_ci4\system\Database\MySQLi\Connection.php:312
Stack trace:
#0 C:\xampp\htdocs\si_ekatalog_ci4\system\Database\MySQLi\Connection.php(312): mysqli->query('INSERT INTO `tb...', 0)
#1 C:\xampp\htdocs\si_ekatalog_ci4\system\Database\BaseConnection.php(734): CodeIgniter\Database\MySQLi\Connection->execute('INSERT INTO `tb...')
#2 C:\xampp\htdocs\si_ekatalog_ci4\system\Database\BaseConnection.php(648): CodeIgniter\Database\BaseConnection->simpleQuery('INSERT INTO `tb...')
#3 C:\xampp\htdocs\si_ekatalog_ci4\system\Database\BaseBuilder.php(2340): CodeIgniter\Database\BaseConnection->query('INSERT INTO `tb...', Array, false)
#4 C:\xampp\htdocs\si_ekatalog_ci4\app\Models\ModelDownload.php(23): CodeIgniter\Database\BaseBuilder->insert(Array)
#5 C:\xampp\htdocs\si_ekatalog_ci4\app\Controllers\Ebook.php(434): App\Models\ModelDownload->AddData(Array)
#6 C:\xampp\htdocs\si_ekatalog_ci4\system\CodeIgniter.php(933): App\Controllers\Ebook->download('2')
#7 C:\xampp\htdocs\si_ekatalog_ci4\system\CodeIgniter.php(509): CodeIgniter\CodeIgniter->runController(Object(App\Controllers\Ebook))
#8 C:\xampp\htdocs\si_ekatalog_ci4\system\CodeIgniter.php(355): CodeIgniter\CodeIgniter->handleRequest(NULL, Object(Config\Cache), false)
#9 C:\xampp\htdocs\si_ekatalog_ci4\system\Boot.php(325): CodeIgniter\CodeIgniter->run()
#10 C:\xampp\htdocs\si_ekatalog_ci4\system\Boot.php(67): CodeIgniter\Boot::runCodeIgniter(Object(CodeIgniter\CodeIgniter))
#11 C:\xampp\htdocs\si_ekatalog_ci4\public\index.php(56): CodeIgniter\Boot::bootWeb(Object(Config\Paths))
#12 {main}
INFO - 2026-05-07 18:24:11 --> Session: Class initialized using 'CodeIgniter\Session\Handlers\FileHandler' driver.
INFO - 2026-05-07 18:24:12 --> Session: Class initialized using 'CodeIgniter\Session\Handlers\FileHandler' driver.
ERROR - 2026-05-07 18:24:12 --> mysqli_sql_exception: Unknown column 'id_pengunjung' in 'field list' in C:\xampp\htdocs\si_ekatalog_ci4\system\Database\MySQLi\Connection.php:312
Stack trace:
#0 C:\xampp\htdocs\si_ekatalog_ci4\system\Database\MySQLi\Connection.php(312): mysqli->query('INSERT INTO `tb...', 0)
#1 C:\xampp\htdocs\si_ekatalog_ci4\system\Database\BaseConnection.php(734): CodeIgniter\Database\MySQLi\Connection->execute('INSERT INTO `tb...')
#2 C:\xampp\htdocs\si_ekatalog_ci4\system\Database\BaseConnection.php(648): CodeIgniter\Database\BaseConnection->simpleQuery('INSERT INTO `tb...')
#3 C:\xampp\htdocs\si_ekatalog_ci4\system\Database\BaseBuilder.php(2340): CodeIgniter\Database\BaseConnection->query('INSERT INTO `tb...', Array, false)
#4 C:\xampp\htdocs\si_ekatalog_ci4\app\Models\ModelDownload.php(23): CodeIgniter\Database\BaseBuilder->insert(Array)
#5 C:\xampp\htdocs\si_ekatalog_ci4\app\Controllers\Ebook.php(434): App\Models\ModelDownload->AddData(Array)
#6 C:\xampp\htdocs\si_ekatalog_ci4\system\CodeIgniter.php(933): App\Controllers\Ebook->download('2')
#7 C:\xampp\htdocs\si_ekatalog_ci4\system\CodeIgniter.php(509): CodeIgniter\CodeIgniter->runController(Object(App\Controllers\Ebook))
#8 C:\xampp\htdocs\si_ekatalog_ci4\system\CodeIgniter.php(355): CodeIgniter\CodeIgniter->handleRequest(NULL, Object(Config\Cache), false)
#9 C:\xampp\htdocs\si_ekatalog_ci4\system\Boot.php(325): CodeIgniter\CodeIgniter->run()
#10 C:\xampp\htdocs\si_ekatalog_ci4\system\Boot.php(67): CodeIgniter\Boot::runCodeIgniter(Object(CodeIgniter\CodeIgniter))
#11 C:\xampp\htdocs\si_ekatalog_ci4\public\index.php(56): CodeIgniter\Boot::bootWeb(Object(Config\Paths))
#12 {main}
INFO - 2026-05-07 18:24:13 --> Session: Class initialized using 'CodeIgniter\Session\Handlers\FileHandler' driver.
INFO - 2026-05-07 18:24:22 --> Session: Class initialized using 'CodeIgniter\Session\Handlers\FileHandler' driver.
ERROR - 2026-05-07 18:24:23 --> mysqli_sql_exception: Unknown column 'id_pengunjung' in 'field list' in C:\xampp\htdocs\si_ekatalog_ci4\system\Database\MySQLi\Connection.php:312
Stack trace:
#0 C:\xampp\htdocs\si_ekatalog_ci4\system\Database\MySQLi\Connection.php(312): mysqli->query('INSERT INTO `tb...', 0)
#1 C:\xampp\htdocs\si_ekatalog_ci4\system\Database\BaseConnection.php(734): CodeIgniter\Database\MySQLi\Connection->execute('INSERT INTO `tb...')
#2 C:\xampp\htdocs\si_ekatalog_ci4\system\Database\BaseConnection.php(648): CodeIgniter\Database\BaseConnection->simpleQuery('INSERT INTO `tb...')
#3 C:\xampp\htdocs\si_ekatalog_ci4\system\Database\BaseBuilder.php(2340): CodeIgniter\Database\BaseConnection->query('INSERT INTO `tb...', Array, false)
#4 C:\xampp\htdocs\si_ekatalog_ci4\app\Models\ModelDownload.php(23): CodeIgniter\Database\BaseBuilder->insert(Array)
#5 C:\xampp\htdocs\si_ekatalog_ci4\app\Controllers\Ebook.php(434): App\Models\ModelDownload->AddData(Array)
#6 C:\xampp\htdocs\si_ekatalog_ci4\system\CodeIgniter.php(933): App\Controllers\Ebook->download('2')
#7 C:\xampp\htdocs\si_ekatalog_ci4\system\CodeIgniter.php(509): CodeIgniter\CodeIgniter->runController(Object(App\Controllers\Ebook))
#8 C:\xampp\htdocs\si_ekatalog_ci4\system\CodeIgniter.php(355): CodeIgniter\CodeIgniter->handleRequest(NULL, Object(Config\Cache), false)
#9 C:\xampp\htdocs\si_ekatalog_ci4\system\Boot.php(325): CodeIgniter\CodeIgniter->run()
#10 C:\xampp\htdocs\si_ekatalog_ci4\system\Boot.php(67): CodeIgniter\Boot::runCodeIgniter(Object(CodeIgniter\CodeIgniter))
#11 C:\xampp\htdocs\si_ekatalog_ci4\public\index.php(56): CodeIgniter\Boot::bootWeb(Object(Config\Paths))
#12 {main}
INFO - 2026-05-07 18:24:23 --> Session: Class initialized using 'CodeIgniter\Session\Handlers\FileHandler' driver.
INFO - 2026-05-07 18:24:24 --> Session: Class initialized using 'CodeIgniter\Session\Handlers\FileHandler' driver.
ERROR - 2026-05-07 18:24:24 --> mysqli_sql_exception: Unknown column 'id_pengunjung' in 'field list' in C:\xampp\htdocs\si_ekatalog_ci4\system\Database\MySQLi\Connection.php:312
Stack trace:
#0 C:\xampp\htdocs\si_ekatalog_ci4\system\Database\MySQLi\Connection.php(312): mysqli->query('INSERT INTO `tb...', 0)
#1 C:\xampp\htdocs\si_ekatalog_ci4\system\Database\BaseConnection.php(734): CodeIgniter\Database\MySQLi\Connection->execute('INSERT INTO `tb...')
#2 C:\xampp\htdocs\si_ekatalog_ci4\system\Database\BaseConnection.php(648): CodeIgniter\Database\BaseConnection->simpleQuery('INSERT INTO `tb...')
#3 C:\xampp\htdocs\si_ekatalog_ci4\system\Database\BaseBuilder.php(2340): CodeIgniter\Database\BaseConnection->query('INSERT INTO `tb...', Array, false)
#4 C:\xampp\htdocs\si_ekatalog_ci4\app\Models\ModelDownload.php(23): CodeIgniter\Database\BaseBuilder->insert(Array)
#5 C:\xampp\htdocs\si_ekatalog_ci4\app\Controllers\Ebook.php(434): App\Models\ModelDownload->AddData(Array)
#6 C:\xampp\htdocs\si_ekatalog_ci4\system\CodeIgniter.php(933): App\Controllers\Ebook->download('2')
#7 C:\xampp\htdocs\si_ekatalog_ci4\system\CodeIgniter.php(509): CodeIgniter\CodeIgniter->runController(Object(App\Controllers\Ebook))
#8 C:\xampp\htdocs\si_ekatalog_ci4\system\CodeIgniter.php(355): CodeIgniter\CodeIgniter->handleRequest(NULL, Object(Config\Cache), false)
#9 C:\xampp\htdocs\si_ekatalog_ci4\system\Boot.php(325): CodeIgniter\CodeIgniter->run()
#10 C:\xampp\htdocs\si_ekatalog_ci4\system\Boot.php(67): CodeIgniter\Boot::runCodeIgniter(Object(CodeIgniter\CodeIgniter))
#11 C:\xampp\htdocs\si_ekatalog_ci4\public\index.php(56): CodeIgniter\Boot::bootWeb(Object(Config\Paths))
#12 {main}
INFO - 2026-05-07 18:24:24 --> Session: Class initialized using 'CodeIgniter\Session\Handlers\FileHandler' driver.
INFO - 2026-05-07 22:42:09 --> Session: Class initialized using 'CodeIgniter\Session\Handlers\FileHandler' driver.
INFO - 2026-05-07 22:42:17 --> Session: Class initialized using 'CodeIgniter\Session\Handlers\FileHandler' driver.
INFO - 2026-05-07 22:42:21 --> Session: Class initialized using 'CodeIgniter\Session\Handlers\FileHandler' driver.
INFO - 2026-05-07 22:42:33 --> Session: Class initialized using 'CodeIgniter\Session\Handlers\FileHandler' driver.
INFO - 2026-05-07 22:42:33 --> Session: Class initialized using 'CodeIgniter\Session\Handlers\FileHandler' driver.
INFO - 2026-05-07 22:42:36 --> Session: Class initialized using 'CodeIgniter\Session\Handlers\FileHandler' driver.
INFO - 2026-05-07 22:42:39 --> Session: Class initialized using 'CodeIgniter\Session\Handlers\FileHandler' driver.
INFO - 2026-05-07 22:42:41 --> Session: Class initialized using 'CodeIgniter\Session\Handlers\FileHandler' driver.
INFO - 2026-05-07 22:42:43 --> Session: Class initialized using 'CodeIgniter\Session\Handlers\FileHandler' driver.
INFO - 2026-05-07 22:44:13 --> Session: Class initialized using 'CodeIgniter\Session\Handlers\FileHandler' driver.
INFO - 2026-05-07 22:44:16 --> Session: Class initialized using 'CodeIgniter\Session\Handlers\FileHandler' driver.
ERROR - 2026-05-07 22:44:16 --> mysqli_sql_exception: Unknown column 'id_pengunjung' in 'field list' in C:\xampp\htdocs\si_ekatalog_ci4\system\Database\MySQLi\Connection.php:312
Stack trace:
#0 C:\xampp\htdocs\si_ekatalog_ci4\system\Database\MySQLi\Connection.php(312): mysqli->query('INSERT INTO `tb...', 0)
#1 C:\xampp\htdocs\si_ekatalog_ci4\system\Database\BaseConnection.php(734): CodeIgniter\Database\MySQLi\Connection->execute('INSERT INTO `tb...')
#2 C:\xampp\htdocs\si_ekatalog_ci4\system\Database\BaseConnection.php(648): CodeIgniter\Database\BaseConnection->simpleQuery('INSERT INTO `tb...')
#3 C:\xampp\htdocs\si_ekatalog_ci4\system\Database\BaseBuilder.php(2340): CodeIgniter\Database\BaseConnection->query('INSERT INTO `tb...', Array, false)
#4 C:\xampp\htdocs\si_ekatalog_ci4\app\Models\ModelDownload.php(23): CodeIgniter\Database\BaseBuilder->insert(Array)
#5 C:\xampp\htdocs\si_ekatalog_ci4\app\Controllers\Ebook.php(399): App\Models\ModelDownload->AddData(Array)
#6 C:\xampp\htdocs\si_ekatalog_ci4\system\CodeIgniter.php(933): App\Controllers\Ebook->download('2')
#7 C:\xampp\htdocs\si_ekatalog_ci4\system\CodeIgniter.php(509): CodeIgniter\CodeIgniter->runController(Object(App\Controllers\Ebook))
#8 C:\xampp\htdocs\si_ekatalog_ci4\system\CodeIgniter.php(355): CodeIgniter\CodeIgniter->handleRequest(NULL, Object(Config\Cache), false)
#9 C:\xampp\htdocs\si_ekatalog_ci4\system\Boot.php(325): CodeIgniter\CodeIgniter->run()
#10 C:\xampp\htdocs\si_ekatalog_ci4\system\Boot.php(67): CodeIgniter\Boot::runCodeIgniter(Object(CodeIgniter\CodeIgniter))
#11 C:\xampp\htdocs\si_ekatalog_ci4\public\index.php(56): CodeIgniter\Boot::bootWeb(Object(Config\Paths))
#12 {main}
CRITICAL - 2026-05-07 22:44:16 --> CodeIgniter\Database\Exceptions\DatabaseException: Unknown column 'id_pengunjung' in 'field list'
[Method: GET, Route: Ebook/download/2]
in SYSTEMPATH\Database\BaseConnection.php on line 688.
 1 SYSTEMPATH\Database\BaseBuilder.php(2340): CodeIgniter\Database\BaseConnection->query('INSERT INTO `tbl_download` (`id_ebook`, `id_pengunjung`, `tgl_download`) VALUES (:id_ebook:, :id_pengunjung:, :tgl_download:)', [...], false)
 2 APPPATH\Models\ModelDownload.php(23): CodeIgniter\Database\BaseBuilder->insert([...])
 3 APPPATH\Controllers\Ebook.php(399): App\Models\ModelDownload->AddData([...])
 4 SYSTEMPATH\CodeIgniter.php(933): App\Controllers\Ebook->download('2')
 5 SYSTEMPATH\CodeIgniter.php(509): CodeIgniter\CodeIgniter->runController(Object(App\Controllers\Ebook))
 6 SYSTEMPATH\CodeIgniter.php(355): CodeIgniter\CodeIgniter->handleRequest(null, Object(Config\Cache), false)
 7 SYSTEMPATH\Boot.php(325): CodeIgniter\CodeIgniter->run()
 8 SYSTEMPATH\Boot.php(67): CodeIgniter\Boot::runCodeIgniter(Object(CodeIgniter\CodeIgniter))
 9 FCPATH\index.php(56): CodeIgniter\Boot::bootWeb(Object(Config\Paths))
CRITICAL - 2026-05-07 22:44:16 --> [Caused by] CodeIgniter\Database\Exceptions\DatabaseException: Unknown column 'id_pengunjung' in 'field list'
in SYSTEMPATH\Database\MySQLi\Connection.php on line 317.
 1 SYSTEMPATH\Database\BaseConnection.php(734): CodeIgniter\Database\MySQLi\Connection->execute('INSERT INTO `tbl_download` (`id_ebook`, `id_pengunjung`, `tgl_download`) VALUES (\'2\', \'1\', \'2026-05-07 22:44:16\')')
 2 SYSTEMPATH\Database\BaseConnection.php(648): CodeIgniter\Database\BaseConnection->simpleQuery('INSERT INTO `tbl_download` (`id_ebook`, `id_pengunjung`, `tgl_download`) VALUES (\'2\', \'1\', \'2026-05-07 22:44:16\')')
 3 SYSTEMPATH\Database\BaseBuilder.php(2340): CodeIgniter\Database\BaseConnection->query('INSERT INTO `tbl_download` (`id_ebook`, `id_pengunjung`, `tgl_download`) VALUES (:id_ebook:, :id_pengunjung:, :tgl_download:)', [...], false)
 4 APPPATH\Models\ModelDownload.php(23): CodeIgniter\Database\BaseBuilder->insert([...])
 5 APPPATH\Controllers\Ebook.php(399): App\Models\ModelDownload->AddData([...])
 6 SYSTEMPATH\CodeIgniter.php(933): App\Controllers\Ebook->download('2')
 7 SYSTEMPATH\CodeIgniter.php(509): CodeIgniter\CodeIgniter->runController(Object(App\Controllers\Ebook))
 8 SYSTEMPATH\CodeIgniter.php(355): CodeIgniter\CodeIgniter->handleRequest(null, Object(Config\Cache), false)
 9 SYSTEMPATH\Boot.php(325): CodeIgniter\CodeIgniter->run()
10 SYSTEMPATH\Boot.php(67): CodeIgniter\Boot::runCodeIgniter(Object(CodeIgniter\CodeIgniter))
11 FCPATH\index.php(56): CodeIgniter\Boot::bootWeb(Object(Config\Paths))
CRITICAL - 2026-05-07 22:44:16 --> [Caused by] mysqli_sql_exception: Unknown column 'id_pengunjung' in 'field list'
in SYSTEMPATH\Database\MySQLi\Connection.php on line 312.
 1 SYSTEMPATH\Database\MySQLi\Connection.php(312): mysqli->query('INSERT INTO `tbl_download` (`id_ebook`, `id_pengunjung`, `tgl_download`) VALUES (\'2\', \'1\', \'2026-05-07 22:44:16\')', 0)
 2 SYSTEMPATH\Database\BaseConnection.php(734): CodeIgniter\Database\MySQLi\Connection->execute('INSERT INTO `tbl_download` (`id_ebook`, `id_pengunjung`, `tgl_download`) VALUES (\'2\', \'1\', \'2026-05-07 22:44:16\')')
 3 SYSTEMPATH\Database\BaseConnection.php(648): CodeIgniter\Database\BaseConnection->simpleQuery('INSERT INTO `tbl_download` (`id_ebook`, `id_pengunjung`, `tgl_download`) VALUES (\'2\', \'1\', \'2026-05-07 22:44:16\')')
 4 SYSTEMPATH\Database\BaseBuilder.php(2340): CodeIgniter\Database\BaseConnection->query('INSERT INTO `tbl_download` (`id_ebook`, `id_pengunjung`, `tgl_download`) VALUES (:id_ebook:, :id_pengunjung:, :tgl_download:)', [...], false)
 5 APPPATH\Models\ModelDownload.php(23): CodeIgniter\Database\BaseBuilder->insert([...])
 6 APPPATH\Controllers\Ebook.php(399): App\Models\ModelDownload->AddData([...])
 7 SYSTEMPATH\CodeIgniter.php(933): App\Controllers\Ebook->download('2')
 8 SYSTEMPATH\CodeIgniter.php(509): CodeIgniter\CodeIgniter->runController(Object(App\Controllers\Ebook))
 9 SYSTEMPATH\CodeIgniter.php(355): CodeIgniter\CodeIgniter->handleRequest(null, Object(Config\Cache), false)
10 SYSTEMPATH\Boot.php(325): CodeIgniter\CodeIgniter->run()
11 SYSTEMPATH\Boot.php(67): CodeIgniter\Boot::runCodeIgniter(Object(CodeIgniter\CodeIgniter))
12 FCPATH\index.php(56): CodeIgniter\Boot::bootWeb(Object(Config\Paths))
INFO - 2026-05-07 22:45:06 --> Session: Class initialized using 'CodeIgniter\Session\Handlers\FileHandler' driver.
ERROR - 2026-05-07 22:45:06 --> mysqli_sql_exception: Unknown column 'id_pengunjung' in 'field list' in C:\xampp\htdocs\si_ekatalog_ci4\system\Database\MySQLi\Connection.php:312
Stack trace:
#0 C:\xampp\htdocs\si_ekatalog_ci4\system\Database\MySQLi\Connection.php(312): mysqli->query('INSERT INTO `tb...', 0)
#1 C:\xampp\htdocs\si_ekatalog_ci4\system\Database\BaseConnection.php(734): CodeIgniter\Database\MySQLi\Connection->execute('INSERT INTO `tb...')
#2 C:\xampp\htdocs\si_ekatalog_ci4\system\Database\BaseConnection.php(648): CodeIgniter\Database\BaseConnection->simpleQuery('INSERT INTO `tb...')
#3 C:\xampp\htdocs\si_ekatalog_ci4\system\Database\BaseBuilder.php(2340): CodeIgniter\Database\BaseConnection->query('INSERT INTO `tb...', Array, false)
#4 C:\xampp\htdocs\si_ekatalog_ci4\app\Models\ModelDownload.php(23): CodeIgniter\Database\BaseBuilder->insert(Array)
#5 C:\xampp\htdocs\si_ekatalog_ci4\app\Controllers\Ebook.php(434): App\Models\ModelDownload->AddData(Array)
#6 C:\xampp\htdocs\si_ekatalog_ci4\system\CodeIgniter.php(933): App\Controllers\Ebook->download('2')
#7 C:\xampp\htdocs\si_ekatalog_ci4\system\CodeIgniter.php(509): CodeIgniter\CodeIgniter->runController(Object(App\Controllers\Ebook))
#8 C:\xampp\htdocs\si_ekatalog_ci4\system\CodeIgniter.php(355): CodeIgniter\CodeIgniter->handleRequest(NULL, Object(Config\Cache), false)
#9 C:\xampp\htdocs\si_ekatalog_ci4\system\Boot.php(325): CodeIgniter\CodeIgniter->run()
#10 C:\xampp\htdocs\si_ekatalog_ci4\system\Boot.php(67): CodeIgniter\Boot::runCodeIgniter(Object(CodeIgniter\CodeIgniter))
#11 C:\xampp\htdocs\si_ekatalog_ci4\public\index.php(56): CodeIgniter\Boot::bootWeb(Object(Config\Paths))
#12 {main}
INFO - 2026-05-07 22:45:07 --> Session: Class initialized using 'CodeIgniter\Session\Handlers\FileHandler' driver.
INFO - 2026-05-07 22:45:09 --> Session: Class initialized using 'CodeIgniter\Session\Handlers\FileHandler' driver.
INFO - 2026-05-07 22:45:11 --> Session: Class initialized using 'CodeIgniter\Session\Handlers\FileHandler' driver.
ERROR - 2026-05-07 22:45:11 --> mysqli_sql_exception: Unknown column 'id_pengunjung' in 'field list' in C:\xampp\htdocs\si_ekatalog_ci4\system\Database\MySQLi\Connection.php:312
Stack trace:
#0 C:\xampp\htdocs\si_ekatalog_ci4\system\Database\MySQLi\Connection.php(312): mysqli->query('INSERT INTO `tb...', 0)
#1 C:\xampp\htdocs\si_ekatalog_ci4\system\Database\BaseConnection.php(734): CodeIgniter\Database\MySQLi\Connection->execute('INSERT INTO `tb...')
#2 C:\xampp\htdocs\si_ekatalog_ci4\system\Database\BaseConnection.php(648): CodeIgniter\Database\BaseConnection->simpleQuery('INSERT INTO `tb...')
#3 C:\xampp\htdocs\si_ekatalog_ci4\system\Database\BaseBuilder.php(2340): CodeIgniter\Database\BaseConnection->query('INSERT INTO `tb...', Array, false)
#4 C:\xampp\htdocs\si_ekatalog_ci4\app\Models\ModelDownload.php(23): CodeIgniter\Database\BaseBuilder->insert(Array)
#5 C:\xampp\htdocs\si_ekatalog_ci4\app\Controllers\Ebook.php(434): App\Models\ModelDownload->AddData(Array)
#6 C:\xampp\htdocs\si_ekatalog_ci4\system\CodeIgniter.php(933): App\Controllers\Ebook->download('2')
#7 C:\xampp\htdocs\si_ekatalog_ci4\system\CodeIgniter.php(509): CodeIgniter\CodeIgniter->runController(Object(App\Controllers\Ebook))
#8 C:\xampp\htdocs\si_ekatalog_ci4\system\CodeIgniter.php(355): CodeIgniter\CodeIgniter->handleRequest(NULL, Object(Config\Cache), false)
#9 C:\xampp\htdocs\si_ekatalog_ci4\system\Boot.php(325): CodeIgniter\CodeIgniter->run()
#10 C:\xampp\htdocs\si_ekatalog_ci4\system\Boot.php(67): CodeIgniter\Boot::runCodeIgniter(Object(CodeIgniter\CodeIgniter))
#11 C:\xampp\htdocs\si_ekatalog_ci4\public\index.php(56): CodeIgniter\Boot::bootWeb(Object(Config\Paths))
#12 {main}
INFO - 2026-05-07 22:45:11 --> Session: Class initialized using 'CodeIgniter\Session\Handlers\FileHandler' driver.
INFO - 2026-05-07 22:45:14 --> Session: Class initialized using 'CodeIgniter\Session\Handlers\FileHandler' driver.
ERROR - 2026-05-07 22:45:14 --> mysqli_sql_exception: Unknown column 'id_pengunjung' in 'field list' in C:\xampp\htdocs\si_ekatalog_ci4\system\Database\MySQLi\Connection.php:312
Stack trace:
#0 C:\xampp\htdocs\si_ekatalog_ci4\system\Database\MySQLi\Connection.php(312): mysqli->query('INSERT INTO `tb...', 0)
#1 C:\xampp\htdocs\si_ekatalog_ci4\system\Database\BaseConnection.php(734): CodeIgniter\Database\MySQLi\Connection->execute('INSERT INTO `tb...')
#2 C:\xampp\htdocs\si_ekatalog_ci4\system\Database\BaseConnection.php(648): CodeIgniter\Database\BaseConnection->simpleQuery('INSERT INTO `tb...')
#3 C:\xampp\htdocs\si_ekatalog_ci4\system\Database\BaseBuilder.php(2340): CodeIgniter\Database\BaseConnection->query('INSERT INTO `tb...', Array, false)
#4 C:\xampp\htdocs\si_ekatalog_ci4\app\Models\ModelDownload.php(23): CodeIgniter\Database\BaseBuilder->insert(Array)
#5 C:\xampp\htdocs\si_ekatalog_ci4\app\Controllers\Ebook.php(434): App\Models\ModelDownload->AddData(Array)
#6 C:\xampp\htdocs\si_ekatalog_ci4\system\CodeIgniter.php(933): App\Controllers\Ebook->download('2')
#7 C:\xampp\htdocs\si_ekatalog_ci4\system\CodeIgniter.php(509): CodeIgniter\CodeIgniter->runController(Object(App\Controllers\Ebook))
#8 C:\xampp\htdocs\si_ekatalog_ci4\system\CodeIgniter.php(355): CodeIgniter\CodeIgniter->handleRequest(NULL, Object(Config\Cache), false)
#9 C:\xampp\htdocs\si_ekatalog_ci4\system\Boot.php(325): CodeIgniter\CodeIgniter->run()
#10 C:\xampp\htdocs\si_ekatalog_ci4\system\Boot.php(67): CodeIgniter\Boot::runCodeIgniter(Object(CodeIgniter\CodeIgniter))
#11 C:\xampp\htdocs\si_ekatalog_ci4\public\index.php(56): CodeIgniter\Boot::bootWeb(Object(Config\Paths))
#12 {main}
INFO - 2026-05-07 22:45:15 --> Session: Class initialized using 'CodeIgniter\Session\Handlers\FileHandler' driver.
INFO - 2026-05-07 22:45:26 --> Session: Class initialized using 'CodeIgniter\Session\Handlers\FileHandler' driver.
INFO - 2026-05-07 22:45:29 --> Session: Class initialized using 'CodeIgniter\Session\Handlers\FileHandler' driver.
ERROR - 2026-05-07 22:45:29 --> mysqli_sql_exception: Unknown column 'id_pengunjung' in 'field list' in C:\xampp\htdocs\si_ekatalog_ci4\system\Database\MySQLi\Connection.php:312
Stack trace:
#0 C:\xampp\htdocs\si_ekatalog_ci4\system\Database\MySQLi\Connection.php(312): mysqli->query('INSERT INTO `tb...', 0)
#1 C:\xampp\htdocs\si_ekatalog_ci4\system\Database\BaseConnection.php(734): CodeIgniter\Database\MySQLi\Connection->execute('INSERT INTO `tb...')
#2 C:\xampp\htdocs\si_ekatalog_ci4\system\Database\BaseConnection.php(648): CodeIgniter\Database\BaseConnection->simpleQuery('INSERT INTO `tb...')
#3 C:\xampp\htdocs\si_ekatalog_ci4\system\Database\BaseBuilder.php(2340): CodeIgniter\Database\BaseConnection->query('INSERT INTO `tb...', Array, false)
#4 C:\xampp\htdocs\si_ekatalog_ci4\app\Models\ModelDownload.php(23): CodeIgniter\Database\BaseBuilder->insert(Array)
#5 C:\xampp\htdocs\si_ekatalog_ci4\app\Controllers\Ebook.php(399): App\Models\ModelDownload->AddData(Array)
#6 C:\xampp\htdocs\si_ekatalog_ci4\system\CodeIgniter.php(933): App\Controllers\Ebook->download('2')
#7 C:\xampp\htdocs\si_ekatalog_ci4\system\CodeIgniter.php(509): CodeIgniter\CodeIgniter->runController(Object(App\Controllers\Ebook))
#8 C:\xampp\htdocs\si_ekatalog_ci4\system\CodeIgniter.php(355): CodeIgniter\CodeIgniter->handleRequest(NULL, Object(Config\Cache), false)
#9 C:\xampp\htdocs\si_ekatalog_ci4\system\Boot.php(325): CodeIgniter\CodeIgniter->run()
#10 C:\xampp\htdocs\si_ekatalog_ci4\system\Boot.php(67): CodeIgniter\Boot::runCodeIgniter(Object(CodeIgniter\CodeIgniter))
#11 C:\xampp\htdocs\si_ekatalog_ci4\public\index.php(56): CodeIgniter\Boot::bootWeb(Object(Config\Paths))
#12 {main}
CRITICAL - 2026-05-07 22:45:29 --> CodeIgniter\Database\Exceptions\DatabaseException: Unknown column 'id_pengunjung' in 'field list'
[Method: GET, Route: Ebook/download/2]
in SYSTEMPATH\Database\BaseConnection.php on line 688.
 1 SYSTEMPATH\Database\BaseBuilder.php(2340): CodeIgniter\Database\BaseConnection->query('INSERT INTO `tbl_download` (`id_ebook`, `id_pengunjung`, `tgl_download`) VALUES (:id_ebook:, :id_pengunjung:, :tgl_download:)', [...], false)
 2 APPPATH\Models\ModelDownload.php(23): CodeIgniter\Database\BaseBuilder->insert([...])
 3 APPPATH\Controllers\Ebook.php(399): App\Models\ModelDownload->AddData([...])
 4 SYSTEMPATH\CodeIgniter.php(933): App\Controllers\Ebook->download('2')
 5 SYSTEMPATH\CodeIgniter.php(509): CodeIgniter\CodeIgniter->runController(Object(App\Controllers\Ebook))
 6 SYSTEMPATH\CodeIgniter.php(355): CodeIgniter\CodeIgniter->handleRequest(null, Object(Config\Cache), false)
 7 SYSTEMPATH\Boot.php(325): CodeIgniter\CodeIgniter->run()
 8 SYSTEMPATH\Boot.php(67): CodeIgniter\Boot::runCodeIgniter(Object(CodeIgniter\CodeIgniter))
 9 FCPATH\index.php(56): CodeIgniter\Boot::bootWeb(Object(Config\Paths))
CRITICAL - 2026-05-07 22:45:29 --> [Caused by] CodeIgniter\Database\Exceptions\DatabaseException: Unknown column 'id_pengunjung' in 'field list'
in SYSTEMPATH\Database\MySQLi\Connection.php on line 317.
 1 SYSTEMPATH\Database\BaseConnection.php(734): CodeIgniter\Database\MySQLi\Connection->execute('INSERT INTO `tbl_download` (`id_ebook`, `id_pengunjung`, `tgl_download`) VALUES (\'2\', \'1\', \'2026-05-07 22:45:29\')')
 2 SYSTEMPATH\Database\BaseConnection.php(648): CodeIgniter\Database\BaseConnection->simpleQuery('INSERT INTO `tbl_download` (`id_ebook`, `id_pengunjung`, `tgl_download`) VALUES (\'2\', \'1\', \'2026-05-07 22:45:29\')')
 3 SYSTEMPATH\Database\BaseBuilder.php(2340): CodeIgniter\Database\BaseConnection->query('INSERT INTO `tbl_download` (`id_ebook`, `id_pengunjung`, `tgl_download`) VALUES (:id_ebook:, :id_pengunjung:, :tgl_download:)', [...], false)
 4 APPPATH\Models\ModelDownload.php(23): CodeIgniter\Database\BaseBuilder->insert([...])
 5 APPPATH\Controllers\Ebook.php(399): App\Models\ModelDownload->AddData([...])
 6 SYSTEMPATH\CodeIgniter.php(933): App\Controllers\Ebook->download('2')
 7 SYSTEMPATH\CodeIgniter.php(509): CodeIgniter\CodeIgniter->runController(Object(App\Controllers\Ebook))
 8 SYSTEMPATH\CodeIgniter.php(355): CodeIgniter\CodeIgniter->handleRequest(null, Object(Config\Cache), false)
 9 SYSTEMPATH\Boot.php(325): CodeIgniter\CodeIgniter->run()
10 SYSTEMPATH\Boot.php(67): CodeIgniter\Boot::runCodeIgniter(Object(CodeIgniter\CodeIgniter))
11 FCPATH\index.php(56): CodeIgniter\Boot::bootWeb(Object(Config\Paths))
CRITICAL - 2026-05-07 22:45:29 --> [Caused by] mysqli_sql_exception: Unknown column 'id_pengunjung' in 'field list'
in SYSTEMPATH\Database\MySQLi\Connection.php on line 312.
 1 SYSTEMPATH\Database\MySQLi\Connection.php(312): mysqli->query('INSERT INTO `tbl_download` (`id_ebook`, `id_pengunjung`, `tgl_download`) VALUES (\'2\', \'1\', \'2026-05-07 22:45:29\')', 0)
 2 SYSTEMPATH\Database\BaseConnection.php(734): CodeIgniter\Database\MySQLi\Connection->execute('INSERT INTO `tbl_download` (`id_ebook`, `id_pengunjung`, `tgl_download`) VALUES (\'2\', \'1\', \'2026-05-07 22:45:29\')')
 3 SYSTEMPATH\Database\BaseConnection.php(648): CodeIgniter\Database\BaseConnection->simpleQuery('INSERT INTO `tbl_download` (`id_ebook`, `id_pengunjung`, `tgl_download`) VALUES (\'2\', \'1\', \'2026-05-07 22:45:29\')')
 4 SYSTEMPATH\Database\BaseBuilder.php(2340): CodeIgniter\Database\BaseConnection->query('INSERT INTO `tbl_download` (`id_ebook`, `id_pengunjung`, `tgl_download`) VALUES (:id_ebook:, :id_pengunjung:, :tgl_download:)', [...], false)
 5 APPPATH\Models\ModelDownload.php(23): CodeIgniter\Database\BaseBuilder->insert([...])
 6 APPPATH\Controllers\Ebook.php(399): App\Models\ModelDownload->AddData([...])
 7 SYSTEMPATH\CodeIgniter.php(933): App\Controllers\Ebook->download('2')
 8 SYSTEMPATH\CodeIgniter.php(509): CodeIgniter\CodeIgniter->runController(Object(App\Controllers\Ebook))
 9 SYSTEMPATH\CodeIgniter.php(355): CodeIgniter\CodeIgniter->handleRequest(null, Object(Config\Cache), false)
10 SYSTEMPATH\Boot.php(325): CodeIgniter\CodeIgniter->run()
11 SYSTEMPATH\Boot.php(67): CodeIgniter\Boot::runCodeIgniter(Object(CodeIgniter\CodeIgniter))
12 FCPATH\index.php(56): CodeIgniter\Boot::bootWeb(Object(Config\Paths))
INFO - 2026-05-07 22:47:59 --> Session: Class initialized using 'CodeIgniter\Session\Handlers\FileHandler' driver.
INFO - 2026-05-07 22:48:07 --> Session: Class initialized using 'CodeIgniter\Session\Handlers\FileHandler' driver.
INFO - 2026-05-07 22:48:14 --> Session: Class initialized using 'CodeIgniter\Session\Handlers\FileHandler' driver.
INFO - 2026-05-07 22:48:17 --> Session: Class initialized using 'CodeIgniter\Session\Handlers\FileHandler' driver.
INFO - 2026-05-07 22:48:20 --> Session: Class initialized using 'CodeIgniter\Session\Handlers\FileHandler' driver.
INFO - 2026-05-07 22:48:23 --> Session: Class initialized using 'CodeIgniter\Session\Handlers\FileHandler' driver.
INFO - 2026-05-07 22:49:21 --> Session: Class initialized using 'CodeIgniter\Session\Handlers\FileHandler' driver.
INFO - 2026-05-07 22:49:23 --> Session: Class initialized using 'CodeIgniter\Session\Handlers\FileHandler' driver.
INFO - 2026-05-07 22:49:25 --> Session: Class initialized using 'CodeIgniter\Session\Handlers\FileHandler' driver.
INFO - 2026-05-07 22:50:26 --> Session: Class initialized using 'CodeIgniter\Session\Handlers\FileHandler' driver.
INFO - 2026-05-07 22:50:29 --> Session: Class initialized using 'CodeIgniter\Session\Handlers\FileHandler' driver.
INFO - 2026-05-07 22:50:30 --> Session: Class initialized using 'CodeIgniter\Session\Handlers\FileHandler' driver.
INFO - 2026-05-07 22:50:41 --> Session: Class initialized using 'CodeIgniter\Session\Handlers\FileHandler' driver.
INFO - 2026-05-07 22:50:41 --> Session: Class initialized using 'CodeIgniter\Session\Handlers\FileHandler' driver.
INFO - 2026-05-07 22:50:45 --> Session: Class initialized using 'CodeIgniter\Session\Handlers\FileHandler' driver.
INFO - 2026-05-07 22:51:07 --> Session: Class initialized using 'CodeIgniter\Session\Handlers\FileHandler' driver.
INFO - 2026-05-07 22:51:32 --> Session: Class initialized using 'CodeIgniter\Session\Handlers\FileHandler' driver.
INFO - 2026-05-07 22:51:35 --> Session: Class initialized using 'CodeIgniter\Session\Handlers\FileHandler' driver.
INFO - 2026-05-07 22:51:40 --> Session: Class initialized using 'CodeIgniter\Session\Handlers\FileHandler' driver.
INFO - 2026-05-07 22:51:42 --> Session: Class initialized using 'CodeIgniter\Session\Handlers\FileHandler' driver.
INFO - 2026-05-07 22:51:43 --> Session: Class initialized using 'CodeIgniter\Session\Handlers\FileHandler' driver.
INFO - 2026-05-07 22:51:51 --> Session: Class initialized using 'CodeIgniter\Session\Handlers\FileHandler' driver.
INFO - 2026-05-07 22:51:51 --> Session: Class initialized using 'CodeIgniter\Session\Handlers\FileHandler' driver.
INFO - 2026-05-07 22:52:02 --> Session: Class initialized using 'CodeIgniter\Session\Handlers\FileHandler' driver.
INFO - 2026-05-07 22:52:02 --> Session: Class initialized using 'CodeIgniter\Session\Handlers\FileHandler' driver.
INFO - 2026-05-07 22:52:06 --> Session: Class initialized using 'CodeIgniter\Session\Handlers\FileHandler' driver.
INFO - 2026-05-07 22:52:08 --> Session: Class initialized using 'CodeIgniter\Session\Handlers\FileHandler' driver.
INFO - 2026-05-07 22:52:12 --> Session: Class initialized using 'CodeIgniter\Session\Handlers\FileHandler' driver.
INFO - 2026-05-07 22:52:14 --> Session: Class initialized using 'CodeIgniter\Session\Handlers\FileHandler' driver.
INFO - 2026-05-07 22:52:30 --> Session: Class initialized using 'CodeIgniter\Session\Handlers\FileHandler' driver.
INFO - 2026-05-07 22:52:32 --> Session: Class initialized using 'CodeIgniter\Session\Handlers\FileHandler' driver.
INFO - 2026-05-07 23:09:07 --> Session: Class initialized using 'CodeIgniter\Session\Handlers\FileHandler' driver.
INFO - 2026-05-07 23:09:08 --> Session: Class initialized using 'CodeIgniter\Session\Handlers\FileHandler' driver.
INFO - 2026-05-07 23:09:12 --> Session: Class initialized using 'CodeIgniter\Session\Handlers\FileHandler' driver.
INFO - 2026-05-07 23:09:17 --> Session: Class initialized using 'CodeIgniter\Session\Handlers\FileHandler' driver.
INFO - 2026-05-07 23:09:18 --> Session: Class initialized using 'CodeIgniter\Session\Handlers\FileHandler' driver.
INFO - 2026-05-07 23:09:23 --> Session: Class initialized using 'CodeIgniter\Session\Handlers\FileHandler' driver.
INFO - 2026-05-07 23:09:23 --> Session: Class initialized using 'CodeIgniter\Session\Handlers\FileHandler' driver.
INFO - 2026-05-07 23:09:27 --> Session: Class initialized using 'CodeIgniter\Session\Handlers\FileHandler' driver.
INFO - 2026-05-07 23:09:38 --> Session: Class initialized using 'CodeIgniter\Session\Handlers\FileHandler' driver.
INFO - 2026-05-07 23:09:39 --> Session: Class initialized using 'CodeIgniter\Session\Handlers\FileHandler' driver.
INFO - 2026-05-07 23:09:47 --> Session: Class initialized using 'CodeIgniter\Session\Handlers\FileHandler' driver.
INFO - 2026-05-07 23:09:47 --> Session: Class initialized using 'CodeIgniter\Session\Handlers\FileHandler' driver.
INFO - 2026-05-07 23:09:52 --> Session: Class initialized using 'CodeIgniter\Session\Handlers\FileHandler' driver.
INFO - 2026-05-07 23:10:05 --> Session: Class initialized using 'CodeIgniter\Session\Handlers\FileHandler' driver.
INFO - 2026-05-07 23:10:05 --> Session: Class initialized using 'CodeIgniter\Session\Handlers\FileHandler' driver.
INFO - 2026-05-07 23:10:10 --> Session: Class initialized using 'CodeIgniter\Session\Handlers\FileHandler' driver.
INFO - 2026-05-07 23:10:15 --> Session: Class initialized using 'CodeIgniter\Session\Handlers\FileHandler' driver.
INFO - 2026-05-07 23:11:42 --> Session: Class initialized using 'CodeIgniter\Session\Handlers\FileHandler' driver.
INFO - 2026-05-07 23:11:53 --> Session: Class initialized using 'CodeIgniter\Session\Handlers\FileHandler' driver.
INFO - 2026-05-07 23:11:53 --> Session: Class initialized using 'CodeIgniter\Session\Handlers\FileHandler' driver.
INFO - 2026-05-07 23:11:56 --> Session: Class initialized using 'CodeIgniter\Session\Handlers\FileHandler' driver.
INFO - 2026-05-07 23:12:30 --> Session: Class initialized using 'CodeIgniter\Session\Handlers\FileHandler' driver.
INFO - 2026-05-07 23:13:42 --> Session: Class initialized using 'CodeIgniter\Session\Handlers\FileHandler' driver.
INFO - 2026-05-07 23:15:30 --> Session: Class initialized using 'CodeIgniter\Session\Handlers\FileHandler' driver.
INFO - 2026-05-07 23:15:41 --> Session: Class initialized using 'CodeIgniter\Session\Handlers\FileHandler' driver.
INFO - 2026-05-07 23:15:42 --> Session: Class initialized using 'CodeIgniter\Session\Handlers\FileHandler' driver.
INFO - 2026-05-07 23:15:49 --> Session: Class initialized using 'CodeIgniter\Session\Handlers\FileHandler' driver.
INFO - 2026-05-07 23:15:49 --> Session: Class initialized using 'CodeIgniter\Session\Handlers\FileHandler' driver.
INFO - 2026-05-07 23:15:53 --> Session: Class initialized using 'CodeIgniter\Session\Handlers\FileHandler' driver.
INFO - 2026-05-07 23:15:57 --> Session: Class initialized using 'CodeIgniter\Session\Handlers\FileHandler' driver.
INFO - 2026-05-07 23:17:13 --> Session: Class initialized using 'CodeIgniter\Session\Handlers\FileHandler' driver.
INFO - 2026-05-07 23:17:20 --> Session: Class initialized using 'CodeIgniter\Session\Handlers\FileHandler' driver.
INFO - 2026-05-07 23:17:20 --> Session: Class initialized using 'CodeIgniter\Session\Handlers\FileHandler' driver.
INFO - 2026-05-07 23:17:23 --> Session: Class initialized using 'CodeIgniter\Session\Handlers\FileHandler' driver.
INFO - 2026-05-07 23:17:25 --> Session: Class initialized using 'CodeIgniter\Session\Handlers\FileHandler' driver.
INFO - 2026-05-07 23:21:51 --> Session: Class initialized using 'CodeIgniter\Session\Handlers\FileHandler' driver.
INFO - 2026-05-07 23:21:59 --> Session: Class initialized using 'CodeIgniter\Session\Handlers\FileHandler' driver.
INFO - 2026-05-07 23:21:59 --> Session: Class initialized using 'CodeIgniter\Session\Handlers\FileHandler' driver.
INFO - 2026-05-07 23:22:02 --> Session: Class initialized using 'CodeIgniter\Session\Handlers\FileHandler' driver.
INFO - 2026-05-07 23:22:04 --> Session: Class initialized using 'CodeIgniter\Session\Handlers\FileHandler' driver.
INFO - 2026-05-07 23:24:22 --> Session: Class initialized using 'CodeIgniter\Session\Handlers\FileHandler' driver.
INFO - 2026-05-07 23:29:52 --> Session: Class initialized using 'CodeIgniter\Session\Handlers\FileHandler' driver.
INFO - 2026-05-07 23:29:59 --> Session: Class initialized using 'CodeIgniter\Session\Handlers\FileHandler' driver.
INFO - 2026-05-07 23:29:59 --> Session: Class initialized using 'CodeIgniter\Session\Handlers\FileHandler' driver.
INFO - 2026-05-07 23:30:02 --> Session: Class initialized using 'CodeIgniter\Session\Handlers\FileHandler' driver.
INFO - 2026-05-07 23:30:06 --> Session: Class initialized using 'CodeIgniter\Session\Handlers\FileHandler' driver.
INFO - 2026-05-07 23:30:16 --> Session: Class initialized using 'CodeIgniter\Session\Handlers\FileHandler' driver.
INFO - 2026-05-07 23:30:26 --> Session: Class initialized using 'CodeIgniter\Session\Handlers\FileHandler' driver.
INFO - 2026-05-07 23:30:26 --> Session: Class initialized using 'CodeIgniter\Session\Handlers\FileHandler' driver.
INFO - 2026-05-07 23:32:29 --> Session: Class initialized using 'CodeIgniter\Session\Handlers\FileHandler' driver.
INFO - 2026-05-07 23:32:36 --> Session: Class initialized using 'CodeIgniter\Session\Handlers\FileHandler' driver.
INFO - 2026-05-07 23:32:36 --> Session: Class initialized using 'CodeIgniter\Session\Handlers\FileHandler' driver.
INFO - 2026-05-07 23:32:41 --> Session: Class initialized using 'CodeIgniter\Session\Handlers\FileHandler' driver.
INFO - 2026-05-07 23:32:43 --> Session: Class initialized using 'CodeIgniter\Session\Handlers\FileHandler' driver.
INFO - 2026-05-07 23:32:44 --> Session: Class initialized using 'CodeIgniter\Session\Handlers\FileHandler' driver.
INFO - 2026-05-07 23:32:46 --> Session: Class initialized using 'CodeIgniter\Session\Handlers\FileHandler' driver.
INFO - 2026-05-07 23:32:47 --> Session: Class initialized using 'CodeIgniter\Session\Handlers\FileHandler' driver.
INFO - 2026-05-07 23:32:48 --> Session: Class initialized using 'CodeIgniter\Session\Handlers\FileHandler' driver.
INFO - 2026-05-07 23:32:49 --> Session: Class initialized using 'CodeIgniter\Session\Handlers\FileHandler' driver.
INFO - 2026-05-07 23:32:54 --> Session: Class initialized using 'CodeIgniter\Session\Handlers\FileHandler' driver.
INFO - 2026-05-07 23:32:56 --> Session: Class initialized using 'CodeIgniter\Session\Handlers\FileHandler' driver.
INFO - 2026-05-07 23:32:58 --> Session: Class initialized using 'CodeIgniter\Session\Handlers\FileHandler' driver.
INFO - 2026-05-07 23:33:00 --> Session: Class initialized using 'CodeIgniter\Session\Handlers\FileHandler' driver.
INFO - 2026-05-07 23:33:00 --> Session: Class initialized using 'CodeIgniter\Session\Handlers\FileHandler' driver.
INFO - 2026-05-07 23:33:02 --> Session: Class initialized using 'CodeIgniter\Session\Handlers\FileHandler' driver.
INFO - 2026-05-07 23:33:07 --> Session: Class initialized using 'CodeIgniter\Session\Handlers\FileHandler' driver.
INFO - 2026-05-07 23:33:08 --> Session: Class initialized using 'CodeIgniter\Session\Handlers\FileHandler' driver.
INFO - 2026-05-07 23:33:19 --> Session: Class initialized using 'CodeIgniter\Session\Handlers\FileHandler' driver.
INFO - 2026-05-07 23:33:20 --> Session: Class initialized using 'CodeIgniter\Session\Handlers\FileHandler' driver.
INFO - 2026-05-07 23:33:24 --> Session: Class initialized using 'CodeIgniter\Session\Handlers\FileHandler' driver.
INFO - 2026-05-07 23:33:25 --> Session: Class initialized using 'CodeIgniter\Session\Handlers\FileHandler' driver.
INFO - 2026-05-07 23:33:26 --> Session: Class initialized using 'CodeIgniter\Session\Handlers\FileHandler' driver.
INFO - 2026-05-07 23:33:27 --> Session: Class initialized using 'CodeIgniter\Session\Handlers\FileHandler' driver.
INFO - 2026-05-07 23:33:28 --> Session: Class initialized using 'CodeIgniter\Session\Handlers\FileHandler' driver.
INFO - 2026-05-07 23:33:29 --> Session: Class initialized using 'CodeIgniter\Session\Handlers\FileHandler' driver.
INFO - 2026-05-07 23:33:30 --> Session: Class initialized using 'CodeIgniter\Session\Handlers\FileHandler' driver.
INFO - 2026-05-07 23:33:32 --> Session: Class initialized using 'CodeIgniter\Session\Handlers\FileHandler' driver.
INFO - 2026-05-07 23:33:34 --> Session: Class initialized using 'CodeIgniter\Session\Handlers\FileHandler' driver.
INFO - 2026-05-07 23:33:36 --> Session: Class initialized using 'CodeIgniter\Session\Handlers\FileHandler' driver.
INFO - 2026-05-07 23:33:37 --> Session: Class initialized using 'CodeIgniter\Session\Handlers\FileHandler' driver.
INFO - 2026-05-07 23:33:38 --> Session: Class initialized using 'CodeIgniter\Session\Handlers\FileHandler' driver.
INFO - 2026-05-07 23:33:43 --> Session: Class initialized using 'CodeIgniter\Session\Handlers\FileHandler' driver.
INFO - 2026-05-07 23:34:02 --> Session: Class initialized using 'CodeIgniter\Session\Handlers\FileHandler' driver.
INFO - 2026-05-07 23:34:02 --> Session: Class initialized using 'CodeIgniter\Session\Handlers\FileHandler' driver.
INFO - 2026-05-07 23:34:05 --> Session: Class initialized using 'CodeIgniter\Session\Handlers\FileHandler' driver.
INFO - 2026-05-07 23:34:11 --> Session: Class initialized using 'CodeIgniter\Session\Handlers\FileHandler' driver.
INFO - 2026-05-07 23:34:19 --> Session: Class initialized using 'CodeIgniter\Session\Handlers\FileHandler' driver.
INFO - 2026-05-07 23:34:20 --> Session: Class initialized using 'CodeIgniter\Session\Handlers\FileHandler' driver.
INFO - 2026-05-07 23:34:50 --> Session: Class initialized using 'CodeIgniter\Session\Handlers\FileHandler' driver.
INFO - 2026-05-07 23:34:50 --> Session: Class initialized using 'CodeIgniter\Session\Handlers\FileHandler' driver.
INFO - 2026-05-07 23:34:53 --> Session: Class initialized using 'CodeIgniter\Session\Handlers\FileHandler' driver.
INFO - 2026-05-07 23:34:56 --> Session: Class initialized using 'CodeIgniter\Session\Handlers\FileHandler' driver.
INFO - 2026-05-07 23:34:58 --> Session: Class initialized using 'CodeIgniter\Session\Handlers\FileHandler' driver.
INFO - 2026-05-07 23:35:00 --> Session: Class initialized using 'CodeIgniter\Session\Handlers\FileHandler' driver.
INFO - 2026-05-07 23:35:06 --> Session: Class initialized using 'CodeIgniter\Session\Handlers\FileHandler' driver.
INFO - 2026-05-07 23:35:08 --> Session: Class initialized using 'CodeIgniter\Session\Handlers\FileHandler' driver.
INFO - 2026-05-07 23:41:48 --> Session: Class initialized using 'CodeIgniter\Session\Handlers\FileHandler' driver.
INFO - 2026-05-07 23:41:51 --> Session: Class initialized using 'CodeIgniter\Session\Handlers\FileHandler' driver.
INFO - 2026-05-07 23:41:51 --> Session: Class initialized using 'CodeIgniter\Session\Handlers\FileHandler' driver.
INFO - 2026-05-07 23:41:55 --> Session: Class initialized using 'CodeIgniter\Session\Handlers\FileHandler' driver.
INFO - 2026-05-07 23:42:01 --> Session: Class initialized using 'CodeIgniter\Session\Handlers\FileHandler' driver.
INFO - 2026-05-07 23:42:01 --> Session: Class initialized using 'CodeIgniter\Session\Handlers\FileHandler' driver.
INFO - 2026-05-07 23:42:21 --> Session: Class initialized using 'CodeIgniter\Session\Handlers\FileHandler' driver.
INFO - 2026-05-07 23:42:33 --> Session: Class initialized using 'CodeIgniter\Session\Handlers\FileHandler' driver.
INFO - 2026-05-07 23:42:52 --> Session: Class initialized using 'CodeIgniter\Session\Handlers\FileHandler' driver.
INFO - 2026-05-07 23:42:55 --> Session: Class initialized using 'CodeIgniter\Session\Handlers\FileHandler' driver.
INFO - 2026-05-07 23:42:58 --> Session: Class initialized using 'CodeIgniter\Session\Handlers\FileHandler' driver.
INFO - 2026-05-07 23:43:02 --> Session: Class initialized using 'CodeIgniter\Session\Handlers\FileHandler' driver.
INFO - 2026-05-07 23:43:03 --> Session: Class initialized using 'CodeIgniter\Session\Handlers\FileHandler' driver.
INFO - 2026-05-07 23:43:12 --> Session: Class initialized using 'CodeIgniter\Session\Handlers\FileHandler' driver.
INFO - 2026-05-07 23:43:12 --> Session: Class initialized using 'CodeIgniter\Session\Handlers\FileHandler' driver.
INFO - 2026-05-07 23:45:28 --> Session: Class initialized using 'CodeIgniter\Session\Handlers\FileHandler' driver.
INFO - 2026-05-07 23:45:29 --> Session: Class initialized using 'CodeIgniter\Session\Handlers\FileHandler' driver.
INFO - 2026-05-07 23:45:32 --> Session: Class initialized using 'CodeIgniter\Session\Handlers\FileHandler' driver.
INFO - 2026-05-07 23:45:50 --> Session: Class initialized using 'CodeIgniter\Session\Handlers\FileHandler' driver.
INFO - 2026-05-07 23:49:07 --> Session: Class initialized using 'CodeIgniter\Session\Handlers\FileHandler' driver.
INFO - 2026-05-07 23:49:10 --> Session: Class initialized using 'CodeIgniter\Session\Handlers\FileHandler' driver.
INFO - 2026-05-07 23:49:11 --> Session: Class initialized using 'CodeIgniter\Session\Handlers\FileHandler' driver.
INFO - 2026-05-07 23:49:11 --> Session: Class initialized using 'CodeIgniter\Session\Handlers\FileHandler' driver.
INFO - 2026-05-07 23:49:12 --> Session: Class initialized using 'CodeIgniter\Session\Handlers\FileHandler' driver.
INFO - 2026-05-07 23:51:57 --> Session: Class initialized using 'CodeIgniter\Session\Handlers\FileHandler' driver.
INFO - 2026-05-07 23:51:58 --> Session: Class initialized using 'CodeIgniter\Session\Handlers\FileHandler' driver.
INFO - 2026-05-07 23:52:00 --> Session: Class initialized using 'CodeIgniter\Session\Handlers\FileHandler' driver.
INFO - 2026-05-07 23:52:06 --> Session: Class initialized using 'CodeIgniter\Session\Handlers\FileHandler' driver.
INFO - 2026-05-07 23:52:08 --> Session: Class initialized using 'CodeIgniter\Session\Handlers\FileHandler' driver.
INFO - 2026-05-07 23:52:10 --> Session: Class initialized using 'CodeIgniter\Session\Handlers\FileHandler' driver.
INFO - 2026-05-07 23:52:17 --> Session: Class initialized using 'CodeIgniter\Session\Handlers\FileHandler' driver.
INFO - 2026-05-07 23:52:21 --> Session: Class initialized using 'CodeIgniter\Session\Handlers\FileHandler' driver.
INFO - 2026-05-07 23:52:27 --> Session: Class initialized using 'CodeIgniter\Session\Handlers\FileHandler' driver.
INFO - 2026-05-07 23:52:36 --> Session: Class initialized using 'CodeIgniter\Session\Handlers\FileHandler' driver.
INFO - 2026-05-07 23:52:36 --> Session: Class initialized using 'CodeIgniter\Session\Handlers\FileHandler' driver.
INFO - 2026-05-07 23:52:40 --> Session: Class initialized using 'CodeIgniter\Session\Handlers\FileHandler' driver.
INFO - 2026-05-07 23:52:41 --> Session: Class initialized using 'CodeIgniter\Session\Handlers\FileHandler' driver.
INFO - 2026-05-07 23:52:42 --> Session: Class initialized using 'CodeIgniter\Session\Handlers\FileHandler' driver.
INFO - 2026-05-07 23:52:43 --> Session: Class initialized using 'CodeIgniter\Session\Handlers\FileHandler' driver.
INFO - 2026-05-07 23:52:54 --> Session: Class initialized using 'CodeIgniter\Session\Handlers\FileHandler' driver.
INFO - 2026-05-07 23:52:55 --> Session: Class initialized using 'CodeIgniter\Session\Handlers\FileHandler' driver.
INFO - 2026-05-07 23:52:56 --> Session: Class initialized using 'CodeIgniter\Session\Handlers\FileHandler' driver.
INFO - 2026-05-07 23:52:57 --> Session: Class initialized using 'CodeIgniter\Session\Handlers\FileHandler' driver.
INFO - 2026-05-07 23:52:58 --> Session: Class initialized using 'CodeIgniter\Session\Handlers\FileHandler' driver.
INFO - 2026-05-07 23:53:00 --> Session: Class initialized using 'CodeIgniter\Session\Handlers\FileHandler' driver.
INFO - 2026-05-07 23:53:03 --> Session: Class initialized using 'CodeIgniter\Session\Handlers\FileHandler' driver.
INFO - 2026-05-07 23:53:04 --> Session: Class initialized using 'CodeIgniter\Session\Handlers\FileHandler' driver.
INFO - 2026-05-07 23:53:06 --> Session: Class initialized using 'CodeIgniter\Session\Handlers\FileHandler' driver.
INFO - 2026-05-07 23:53:10 --> Session: Class initialized using 'CodeIgniter\Session\Handlers\FileHandler' driver.
INFO - 2026-05-07 23:53:10 --> Session: Class initialized using 'CodeIgniter\Session\Handlers\FileHandler' driver.
INFO - 2026-05-07 23:53:18 --> Session: Class initialized using 'CodeIgniter\Session\Handlers\FileHandler' driver.
INFO - 2026-05-07 23:53:18 --> Session: Class initialized using 'CodeIgniter\Session\Handlers\FileHandler' driver.
INFO - 2026-05-07 23:53:21 --> Session: Class initialized using 'CodeIgniter\Session\Handlers\FileHandler' driver.
INFO - 2026-05-07 23:53:22 --> Session: Class initialized using 'CodeIgniter\Session\Handlers\FileHandler' driver.
INFO - 2026-05-07 23:53:23 --> Session: Class initialized using 'CodeIgniter\Session\Handlers\FileHandler' driver.
INFO - 2026-05-07 23:53:26 --> Session: Class initialized using 'CodeIgniter\Session\Handlers\FileHandler' driver.
INFO - 2026-05-07 23:53:27 --> Session: Class initialized using 'CodeIgniter\Session\Handlers\FileHandler' driver.
INFO - 2026-05-07 23:53:27 --> Session: Class initialized using 'CodeIgniter\Session\Handlers\FileHandler' driver.
INFO - 2026-05-07 23:53:28 --> Session: Class initialized using 'CodeIgniter\Session\Handlers\FileHandler' driver.
INFO - 2026-05-07 23:53:30 --> Session: Class initialized using 'CodeIgniter\Session\Handlers\FileHandler' driver.
INFO - 2026-05-07 23:53:32 --> Session: Class initialized using 'CodeIgniter\Session\Handlers\FileHandler' driver.
INFO - 2026-05-07 23:53:33 --> Session: Class initialized using 'CodeIgniter\Session\Handlers\FileHandler' driver.
INFO - 2026-05-07 23:53:37 --> Session: Class initialized using 'CodeIgniter\Session\Handlers\FileHandler' driver.
INFO - 2026-05-07 23:53:37 --> Session: Class initialized using 'CodeIgniter\Session\Handlers\FileHandler' driver.
INFO - 2026-05-07 23:53:40 --> Session: Class initialized using 'CodeIgniter\Session\Handlers\FileHandler' driver.
INFO - 2026-05-07 23:53:44 --> Session: Class initialized using 'CodeIgniter\Session\Handlers\FileHandler' driver.
INFO - 2026-05-07 23:53:48 --> Session: Class initialized using 'CodeIgniter\Session\Handlers\FileHandler' driver.
INFO - 2026-05-07 23:53:51 --> Session: Class initialized using 'CodeIgniter\Session\Handlers\FileHandler' driver.
INFO - 2026-05-07 23:53:53 --> Session: Class initialized using 'CodeIgniter\Session\Handlers\FileHandler' driver.
INFO - 2026-05-07 23:53:55 --> Session: Class initialized using 'CodeIgniter\Session\Handlers\FileHandler' driver.
INFO - 2026-05-07 23:54:01 --> Session: Class initialized using 'CodeIgniter\Session\Handlers\FileHandler' driver.
INFO - 2026-05-07 23:54:07 --> Session: Class initialized using 'CodeIgniter\Session\Handlers\FileHandler' driver.
INFO - 2026-05-07 23:54:14 --> Session: Class initialized using 'CodeIgniter\Session\Handlers\FileHandler' driver.
INFO - 2026-05-07 23:54:17 --> Session: Class initialized using 'CodeIgniter\Session\Handlers\FileHandler' driver.
INFO - 2026-05-07 23:54:28 --> Session: Class initialized using 'CodeIgniter\Session\Handlers\FileHandler' driver.
INFO - 2026-05-07 23:54:28 --> Session: Class initialized using 'CodeIgniter\Session\Handlers\FileHandler' driver.
INFO - 2026-05-07 23:54:31 --> Session: Class initialized using 'CodeIgniter\Session\Handlers\FileHandler' driver.
INFO - 2026-05-07 23:54:38 --> Session: Class initialized using 'CodeIgniter\Session\Handlers\FileHandler' driver.
INFO - 2026-05-07 23:54:41 --> Session: Class initialized using 'CodeIgniter\Session\Handlers\FileHandler' driver.
INFO - 2026-05-07 23:54:42 --> Session: Class initialized using 'CodeIgniter\Session\Handlers\FileHandler' driver.
INFO - 2026-05-07 23:54:50 --> Session: Class initialized using 'CodeIgniter\Session\Handlers\FileHandler' driver.
INFO - 2026-05-07 23:54:50 --> Session: Class initialized using 'CodeIgniter\Session\Handlers\FileHandler' driver.
INFO - 2026-05-07 23:54:53 --> Session: Class initialized using 'CodeIgniter\Session\Handlers\FileHandler' driver.
INFO - 2026-05-07 23:54:56 --> Session: Class initialized using 'CodeIgniter\Session\Handlers\FileHandler' driver.
INFO - 2026-05-07 23:55:01 --> Session: Class initialized using 'CodeIgniter\Session\Handlers\FileHandler' driver.
INFO - 2026-05-07 23:55:03 --> Session: Class initialized using 'CodeIgniter\Session\Handlers\FileHandler' driver.
INFO - 2026-05-07 23:58:58 --> Session: Class initialized using 'CodeIgniter\Session\Handlers\FileHandler' driver.
INFO - 2026-05-07 23:58:59 --> Session: Class initialized using 'CodeIgniter\Session\Handlers\FileHandler' driver.
INFO - 2026-05-07 23:59:01 --> Session: Class initialized using 'CodeIgniter\Session\Handlers\FileHandler' driver.
CRITICAL - 2026-05-07 23:59:01 --> ErrorException: Undefined variable $kelas
[Method: GET, Route: DashboardPengunjung/EditProfile]
in APPPATH\Views\v_edit_profile_pengunjung.php on line 70.
 1 APPPATH\Views\v_edit_profile_pengunjung.php(70): CodeIgniter\Debug\Exceptions->errorHandler(2, 'Undefined variable $kelas', 'C:\\xampp\\htdocs\\si_ekatalog_ci4\\app\\Views\\v_edit_profile_pengunjung.php', 70)
 2 SYSTEMPATH\View\View.php(234): include('C:\\xampp\\htdocs\\si_ekatalog_ci4\\app\\Views\\v_edit_profile_pengunjung.php')
 3 SYSTEMPATH\View\View.php(237): CodeIgniter\View\View->CodeIgniter\View\{closure}()
 4 SYSTEMPATH\Common.php(1171): CodeIgniter\View\View->render('v_edit_profile_pengunjung', [], true)
 5 APPPATH\Views\v_template_pengunjung.php(149): view('v_edit_profile_pengunjung')
 6 SYSTEMPATH\View\View.php(234): include('C:\\xampp\\htdocs\\si_ekatalog_ci4\\app\\Views\\v_template_pengunjung.php')
 7 SYSTEMPATH\View\View.php(237): CodeIgniter\View\View->CodeIgniter\View\{closure}()
 8 SYSTEMPATH\Common.php(1171): CodeIgniter\View\View->render('v_template_pengunjung', [], true)
 9 APPPATH\Controllers\DashboardPengunjung.php(43): view('v_template_pengunjung', [...])
10 SYSTEMPATH\CodeIgniter.php(933): App\Controllers\DashboardPengunjung->EditProfile()
11 SYSTEMPATH\CodeIgniter.php(509): CodeIgniter\CodeIgniter->runController(Object(App\Controllers\DashboardPengunjung))
12 SYSTEMPATH\CodeIgniter.php(355): CodeIgniter\CodeIgniter->handleRequest(null, Object(Config\Cache), false)
13 SYSTEMPATH\Boot.php(325): CodeIgniter\CodeIgniter->run()
14 SYSTEMPATH\Boot.php(67): CodeIgniter\Boot::runCodeIgniter(Object(CodeIgniter\CodeIgniter))
15 FCPATH\index.php(56): CodeIgniter\Boot::bootWeb(Object(Config\Paths))
INFO - 2026-05-07 23:59:36 --> Session: Class initialized using 'CodeIgniter\Session\Handlers\FileHandler' driver.
CRITICAL - 2026-05-07 23:59:36 --> ErrorException: Undefined variable $kelas
[Method: GET, Route: DashboardPengunjung/EditProfile]
in APPPATH\Views\v_edit_profile_pengunjung.php on line 70.
 1 APPPATH\Views\v_edit_profile_pengunjung.php(70): CodeIgniter\Debug\Exceptions->errorHandler(2, 'Undefined variable $kelas', 'C:\\xampp\\htdocs\\si_ekatalog_ci4\\app\\Views\\v_edit_profile_pengunjung.php', 70)
 2 SYSTEMPATH\View\View.php(234): include('C:\\xampp\\htdocs\\si_ekatalog_ci4\\app\\Views\\v_edit_profile_pengunjung.php')
 3 SYSTEMPATH\View\View.php(237): CodeIgniter\View\View->CodeIgniter\View\{closure}()
 4 SYSTEMPATH\Common.php(1171): CodeIgniter\View\View->render('v_edit_profile_pengunjung', [], true)
 5 APPPATH\Views\v_template_pengunjung.php(149): view('v_edit_profile_pengunjung')
 6 SYSTEMPATH\View\View.php(234): include('C:\\xampp\\htdocs\\si_ekatalog_ci4\\app\\Views\\v_template_pengunjung.php')
 7 SYSTEMPATH\View\View.php(237): CodeIgniter\View\View->CodeIgniter\View\{closure}()
 8 SYSTEMPATH\Common.php(1171): CodeIgniter\View\View->render('v_template_pengunjung', [], true)
 9 APPPATH\Controllers\DashboardPengunjung.php(43): view('v_template_pengunjung', [...])
10 SYSTEMPATH\CodeIgniter.php(933): App\Controllers\DashboardPengunjung->EditProfile()
11 SYSTEMPATH\CodeIgniter.php(509): CodeIgniter\CodeIgniter->runController(Object(App\Controllers\DashboardPengunjung))
12 SYSTEMPATH\CodeIgniter.php(355): CodeIgniter\CodeIgniter->handleRequest(null, Object(Config\Cache), false)
13 SYSTEMPATH\Boot.php(325): CodeIgniter\CodeIgniter->run()
14 SYSTEMPATH\Boot.php(67): CodeIgniter\Boot::runCodeIgniter(Object(CodeIgniter\CodeIgniter))
15 FCPATH\index.php(56): CodeIgniter\Boot::bootWeb(Object(Config\Paths))
